"factory_cd","delivery_key","delivery_date","delivery_time","delivery_order","block_cd","delivery_location","inventory_code","comment","approver","result","update_date","plan_date","plan_time","part_no","dim","supplier_cd","ratio","class","logic","cd_sply_fact"
"HT","2307060002","20260318","0900","20.00","4100","HTA1",NULL,NULL,NULL,"WF0000","2026-03-13 00:00:00","20260318","1000","QC9-1195-000","000","X411","100.00","M/C","3","00"
"HT","2483690008","20260318","0800","40.00","2300","MHA1",NULL,NULL,NULL,"WF0000","2026-03-13 00:00:00","20260318","0900","FL1-3631-000","000","SAPN","100.00","M/C","3","00"
"HT","2658810005","20260318","0800","15.00","4100","MHA6",NULL,NULL,NULL,"WF0000","2026-03-13 00:00:00","20260318","0900","QC5-9419-000","000","SAPN","100.00","M/C","3","00"
"HT","2658810005","20260318","1000","10.00","4100","MHA6",NULL,NULL,NULL,"WF0000","2026-03-13 00:00:00","20260318","1000","QC5-9419-000","000","SAPN","100.00","M/C","3","00"
"HT","2658810005","20260318","1000","10.00","4100","MHA6",NULL,NULL,NULL,"WF0000","2026-03-13 00:00:00","20260318","1100","QC5-9419-000","000","SAPN","100.00","M/C","3","00"
"HT","2658810005","20260318","1300","10.00","4100","MHA6",NULL,NULL,NULL,"WF0000","2026-03-13 00:00:00","20260318","1300","QC5-9419-000","000","SAPN","100.00","M/C","3","00"
"HT","2658810005","20260318","1300","15.00","4100","MHA6",NULL,NULL,NULL,"WF0000","2026-03-13 00:00:00","20260318","1400","QC5-9419-000","000","SAPN","100.00","M/C","3","00"
"HT","2658810005","20260318","1500","10.00","4100","MHA6",NULL,NULL,NULL,"WF0000","2026-03-13 00:00:00","20260318","1600","QC5-9419-000","000","SAPN","100.00","M/C","3","00"
"HT","2658810005","20260318","1500","15.00","4100","MHA6",NULL,NULL,NULL,"WF0000","2026-03-13 00:00:00","20260318","1500","QC5-9419-000","000","SAPN","100.00","M/C","3","00"
"HT","2658810005","20260318","2000","5.00","4100","MHA6",NULL,NULL,NULL,"WF0000","2026-03-13 00:00:00","20260318","2000","QC5-9419-000","000","SAPN","100.00","M/C","3","00"
"HT","2659470006","20260318","1500","100.00","4100","HTA1",NULL,NULL,NULL,"WF0000","2026-03-13 00:00:00","20260318","1600","QC8-0994-000","000","SAPN","100.00","M/C","3","00"
"HT","2701630000","20260318","1100","100.00","2300","MHA2",NULL,NULL,NULL,"WF0000","2026-03-13 00:00:00","20260318","1500","FE2-A019-000","000","P181","100.00","M/C","3","00"
"HT","2701830001","20260318","1100","200.00","2300","MHA1",NULL,NULL,NULL,"WF0000","2026-03-13 00:00:00","20260319","0200","FE3-6714-000","000","P181","100.00","M/C","3","00"
"HT","2701910003","20260318","1100","80.00","2300","MHA1",NULL,NULL,NULL,"WF0000","2026-03-13 00:00:00","20260318","1500","FE3-7002-000","000","P181","100.00","M/C","3","00"
"HT","2701960005","20260318","1100","16.00","2300","MHA1",NULL,NULL,NULL,"WF0000","2026-03-13 00:00:00","20260319","0100","FE3-7280-000","000","P181","100.00","M/C","3","00"
"HT","2701960005","20260318","1100","16.00","2300","MHA1",NULL,NULL,NULL,"WF0000","2026-03-13 00:00:00","20260319","0400","FE3-7280-000","000","P181","100.00","M/C","3","00"
"HT","2701960005","20260318","1100","16.00","2300","MHA1",NULL,NULL,NULL,"WF0000","2026-03-13 00:00:00","20260319","0800","FE3-7280-000","000","P181","100.00","M/C","3","00"
"HT","2701960005","20260318","1100","16.00","2300","MHA1",NULL,NULL,NULL,"WF0000","2026-03-13 00:00:00","20260319","1000","FE3-7280-000","000","P181","100.00","M/C","3","00"
"HT","2701960005","20260318","1100","24.00","2300","MHA1",NULL,NULL,NULL,"WF0000","2026-03-13 00:00:00","20260319","0200","FE3-7280-000","000","P181","100.00","M/C","3","00"
"HT","2701960005","20260318","1100","24.00","2300","MHA1",NULL,NULL,NULL,"WF0000","2026-03-13 00:00:00","20260319","0300","FE3-7280-000","000","P181","100.00","M/C","3","00"
"HT","2701960005","20260318","1100","40.00","2300","MHA1",NULL,NULL,NULL,"WF0000","2026-03-13 00:00:00","20260319","0900","FE3-7280-000","000","P181","100.00","M/C","3","00"
"HT","2701970001","20260318","1100","20.00","2300","MHA1",NULL,NULL,NULL,"WF0000","2026-03-13 00:00:00","20260318","1100","FE3-7458-000","000","P181","100.00","M/C","3","00"
"HT","2701970001","20260318","1100","20.00","2300","MHA1",NULL,NULL,NULL,"WF0000","2026-03-13 00:00:00","20260318","1300","FE3-7458-000","000","P181","100.00","M/C","3","00"
"HT","2701970001","20260318","1100","20.00","2300","MHA1",NULL,NULL,NULL,"WF0000","2026-03-13 00:00:00","20260318","1400","FE3-7458-000","000","P181","100.00","M/C","3","00"
"HT","2701970001","20260318","1100","20.00","2300","MHA1",NULL,NULL,NULL,"WF0000","2026-03-13 00:00:00","20260318","1600","FE3-7458-000","000","P181","100.00","M/C","3","00"
"HT","2702180009","20260318","1100","10.00","2300","MHA1",NULL,NULL,NULL,"WF0000","2026-03-13 00:00:00","20260318","1100","FL0-2075-000","000","P181","100.00","M/C","3","00"
"HT","2702180009","20260318","1100","10.00","2300","MHA1",NULL,NULL,NULL,"WF0000","2026-03-13 00:00:00","20260318","1300","FL0-2075-000","000","P181","100.00","M/C","3","00"
"HT","2702180009","20260318","1100","10.00","2300","MHA1",NULL,NULL,NULL,"WF0000","2026-03-13 00:00:00","20260318","1500","FL0-2075-000","000","P181","100.00","M/C","3","00"
"HT","2702180009","20260318","1100","10.00","2300","MHA1",NULL,NULL,NULL,"WF0000","2026-03-13 00:00:00","20260319","0800","FL0-2075-000","000","P181","100.00","M/C","3","00"
"HT","2702180009","20260318","1100","20.00","2300","MHA1",NULL,NULL,NULL,"WF0000","2026-03-13 00:00:00","20260318","1400","FL0-2075-000","000","P181","100.00","M/C","3","00"
"HT","2702200003","20260318","1100","80.00","2300","MHA2",NULL,NULL,NULL,"WF0000","2026-03-13 00:00:00","20260318","1100","FL0-2097-000","000","P181","100.00","M/C","3","00"
"HT","2702220006","20260318","1100","10.00","2300","MHA1",NULL,NULL,NULL,"WF0000","2026-03-13 00:00:00","20260318","1100","FL0-2100-000","000","P181","100.00","M/C","3","00"
"HT","2702220006","20260318","1100","10.00","2300","MHA1",NULL,NULL,NULL,"WF0000","2026-03-13 00:00:00","20260318","1500","FL0-2100-000","000","P181","100.00","M/C","3","00"
"HT","2702220006","20260318","1100","10.00","2300","MHA1",NULL,NULL,NULL,"WF0000","2026-03-13 00:00:00","20260318","1600","FL0-2100-000","000","P181","100.00","M/C","3","00"
"HT","2702220006","20260318","1100","10.00","2300","MHA1",NULL,NULL,NULL,"WF0000","2026-03-13 00:00:00","20260318","2000","FL0-2100-000","000","P181","100.00","M/C","3","00"
"HT","2702220006","20260318","1100","10.00","2300","MHA1",NULL,NULL,NULL,"WF0000","2026-03-13 00:00:00","20260319","1000","FL0-2100-000","000","P181","100.00","M/C","3","00"
"HT","2702220006","20260318","1100","20.00","2300","MHA1",NULL,NULL,NULL,"WF0000","2026-03-13 00:00:00","20260318","1300","FL0-2100-000","000","P181","100.00","M/C","3","00"
"HT","2702350001","20260318","1100","10.00","2300","MHA1",NULL,NULL,NULL,"WF0000","2026-03-13 00:00:00","20260318","1100","FL0-6919-000","000","P181","100.00","M/C","3","00"
"HT","2702350001","20260318","1100","10.00","2300","MHA1",NULL,NULL,NULL,"WF0000","2026-03-13 00:00:00","20260318","1300","FL0-6919-000","000","P181","100.00","M/C","3","00"
"HT","2702350001","20260318","1100","10.00","2300","MHA1",NULL,NULL,NULL,"WF0000","2026-03-13 00:00:00","20260318","1600","FL0-6919-000","000","P181","100.00","M/C","3","00"
"HT","2702350001","20260318","1100","10.00","2300","MHA1",NULL,NULL,NULL,"WF0000","2026-03-13 00:00:00","20260318","2000","FL0-6919-000","000","P181","100.00","M/C","3","00"
"HT","2702350001","20260318","1100","10.00","2300","MHA1",NULL,NULL,NULL,"WF0000","2026-03-13 00:00:00","20260318","2300","FL0-6919-000","000","P181","100.00","M/C","3","00"
"HT","2702350001","20260318","1100","10.00","2300","MHA1",NULL,NULL,NULL,"WF0000","2026-03-13 00:00:00","20260319","0100","FL0-6919-000","000","P181","100.00","M/C","3","00"
"HT","2702350001","20260318","1100","20.00","2300","MHA1",NULL,NULL,NULL,"WF0000","2026-03-13 00:00:00","20260318","1400","FL0-6919-000","000","P181","100.00","M/C","3","00"
"HT","2702350001","20260318","1100","20.00","2300","MHA1",NULL,NULL,NULL,"WF0000","2026-03-13 00:00:00","20260318","1500","FL0-6919-000","000","P181","100.00","M/C","3","00"
"HT","2702350001","20260318","1100","20.00","2300","MHA1",NULL,NULL,NULL,"WF0000","2026-03-13 00:00:00","20260318","2100","FL0-6919-000","000","P181","100.00","M/C","3","00"
"HT","2702350001","20260318","1100","20.00","2300","MHA1",NULL,NULL,NULL,"WF0000","2026-03-13 00:00:00","20260318","2200","FL0-6919-000","000","P181","100.00","M/C","3","00"
"HT","2702380000","20260318","1100","40.00","2300","MHA1",NULL,NULL,NULL,"WF0000","2026-03-13 00:00:00","20260318","1100","FL1-1800-000","000","P181","100.00","M/C","3","00"
"HT","2702380000","20260318","1100","40.00","2300","MHA1",NULL,NULL,NULL,"WF0000","2026-03-13 00:00:00","20260318","1500","FL1-1800-000","000","P181","100.00","M/C","3","00"
"HT","2702450006","20260318","1100","20.00","2300","MHA1",NULL,NULL,NULL,"WF0000","2026-03-13 00:00:00","20260319","0900","FL1-4888-000","000","P181","100.00","M/C","3","00"
"HT","2702450006","20260318","1100","20.00","2300","MHA1",NULL,NULL,NULL,"WF0000","2026-03-13 00:00:00","20260319","1000","FL1-4888-000","000","P181","100.00","M/C","3","00"
"HT","2702540005","20260318","1100","20.00","2300","MHA1",NULL,NULL,NULL,"WF0000","2026-03-13 00:00:00","20260318","1100","FL4-0476-000","000","P181","100.00","M/C","3","00"
"HT","2702540005","20260318","1100","20.00","2300","MHA1",NULL,NULL,NULL,"WF0000","2026-03-13 00:00:00","20260318","1300","FL4-0476-000","000","P181","100.00","M/C","3","00"
"HT","2702540005","20260318","1100","20.00","2300","MHA1",NULL,NULL,NULL,"WF0000","2026-03-13 00:00:00","20260318","1500","FL4-0476-000","000","P181","100.00","M/C","3","00"
"HT","2702550001","20260318","1100","20.00","2300","MHA1",NULL,NULL,NULL,"WF0000","2026-03-13 00:00:00","20260318","1300","FL4-0477-000","000","P181","100.00","M/C","3","00"
"HT","2702550001","20260318","1100","20.00","2300","MHA1",NULL,NULL,NULL,"WF0000","2026-03-13 00:00:00","20260318","1400","FL4-0477-000","000","P181","100.00","M/C","3","00"
"HT","2702550001","20260318","1100","20.00","2300","MHA1",NULL,NULL,NULL,"WF0000","2026-03-13 00:00:00","20260318","1500","FL4-0477-000","000","P181","100.00","M/C","3","00"
"HT","2704270007","20260318","1500","5.00","4100","HTA1",NULL,NULL,NULL,"WF0000","2026-03-13 00:00:00","20260318","0900","QC8-9356-000","000","R200","100.00","M/C","3","00"
"HT","2704270007","20260318","1500","5.00","4100","HTA1",NULL,NULL,NULL,"WF0000","2026-03-13 00:00:00","20260318","1100","QC8-9356-000","000","R200","100.00","M/C","3","00"
"HT","2704270007","20260318","1500","5.00","4100","HTA1",NULL,NULL,NULL,"WF0000","2026-03-13 00:00:00","20260319","0100","QC8-9356-000","000","R200","100.00","M/C","3","00"
"HT","2704270007","20260318","1500","5.00","4100","HTA1",NULL,NULL,NULL,"WF0000","2026-03-13 00:00:00","20260319","0300","QC8-9356-000","000","R200","100.00","M/C","3","00"
"HT","2704270007","20260318","1500","5.00","4100","HTA1",NULL,NULL,NULL,"WF0000","2026-03-13 00:00:00","20260319","0800","QC8-9356-000","000","R200","100.00","M/C","3","00"
"HT","2704280003","20260318","1500","10.00","4100","HTA1",NULL,NULL,NULL,"WF0000","2026-03-13 00:00:00","20260318","0900","QC8-9358-000","000","R200","100.00","M/C","3","00"
"HT","2704280003","20260318","1500","10.00","4100","HTA1",NULL,NULL,NULL,"WF0000","2026-03-13 00:00:00","20260318","1100","QC8-9358-000","000","R200","100.00","M/C","3","00"
"HT","2704280003","20260318","1500","10.00","4100","HTA1",NULL,NULL,NULL,"WF0000","2026-03-13 00:00:00","20260319","0100","QC8-9358-000","000","R200","100.00","M/C","3","00"
"HT","2704280003","20260318","1500","10.00","4100","HTA1",NULL,NULL,NULL,"WF0000","2026-03-13 00:00:00","20260319","0200","QC8-9358-000","000","R200","100.00","M/C","3","00"
"HT","2704290000","20260318","1500","5.00","4100","HTA1",NULL,NULL,NULL,"WF0000","2026-03-13 00:00:00","20260319","0200","QC9-1189-000","000","R200","100.00","M/C","3","00"
"HT","2704300008","20260318","1500","4.00","4100","HTA1",NULL,NULL,NULL,"WF0000","2026-03-13 00:00:00","20260319","0900","QC9-1190-000","000","R200","100.00","M/C","3","00"
"HT","2704300008","20260318","1500","6.00","4100","HTA1",NULL,NULL,NULL,"WF0000","2026-03-13 00:00:00","20260318","1000","QC9-1190-000","000","R200","100.00","M/C","3","00"
"HT","2704300008","20260318","1500","6.00","4100","HTA1",NULL,NULL,NULL,"WF0000","2026-03-13 00:00:00","20260318","1100","QC9-1190-000","000","R200","100.00","M/C","3","00"
"HT","2704300008","20260318","1500","6.00","4100","HTA1",NULL,NULL,NULL,"WF0000","2026-03-13 00:00:00","20260319","0400","QC9-1190-000","000","R200","100.00","M/C","3","00"
"HT","2704300008","20260318","1500","6.00","4100","HTA1",NULL,NULL,NULL,"WF0000","2026-03-13 00:00:00","20260319","0800","QC9-1190-000","000","R200","100.00","M/C","3","00"
"HT","2704310004","20260318","1500","6.00","4100","HTA1",NULL,NULL,NULL,"WF0000","2026-03-13 00:00:00","20260318","0900","QC9-1191-000","000","R200","100.00","M/C","3","00"
"HT","2704310004","20260318","1500","6.00","4100","HTA1",NULL,NULL,NULL,"WF0000","2026-03-13 00:00:00","20260318","1000","QC9-1191-000","000","R200","100.00","M/C","3","00"
"HT","2704310004","20260318","1500","6.00","4100","HTA1",NULL,NULL,NULL,"WF0000","2026-03-13 00:00:00","20260318","1100","QC9-1191-000","000","R200","100.00","M/C","3","00"
"HT","2704310004","20260318","1500","6.00","4100","HTA1",NULL,NULL,NULL,"WF0000","2026-03-13 00:00:00","20260319","0100","QC9-1191-000","000","R200","100.00","M/C","3","00"
"HT","2704310004","20260318","1500","6.00","4100","HTA1",NULL,NULL,NULL,"WF0000","2026-03-13 00:00:00","20260319","0400","QC9-1191-000","000","R200","100.00","M/C","3","00"
"HT","2704310004","20260318","1500","6.00","4100","HTA1",NULL,NULL,NULL,"WF0000","2026-03-13 00:00:00","20260319","0800","QC9-1191-000","000","R200","100.00","M/C","3","00"
"HT","2704310004","20260318","1500","6.00","4100","HTA1",NULL,NULL,NULL,"WF0000","2026-03-13 00:00:00","20260319","0900","QC9-1191-000","000","R200","100.00","M/C","3","00"
"HT","2754570001","20260318","0900","100.00","2300","MHA1",NULL,NULL,NULL,"WF0000","2026-03-13 00:00:00","20260318","1300","FE3-6608-000","000","K624","100.00","M/C","3","00"
"HT","2754580008","20260318","1400","40.00","2300","MHA2",NULL,NULL,NULL,"WF0000","2026-03-13 00:00:00","20260318","1400","FE3-6679-000","000","K624","100.00","M/C","3","00"
"HT","2754580008","20260318","1400","40.00","2300","MHA2",NULL,NULL,NULL,"WF0000","2026-03-13 00:00:00","20260318","2000","FE3-6679-000","000","K624","100.00","M/C","3","00"
"HT","2754590004","20260318","1400","40.00","2300","MHA1",NULL,NULL,NULL,"WF0000","2026-03-13 00:00:00","20260318","1400","FE3-6738-000","000","K624","100.00","M/C","3","00"
"HT","2754590004","20260318","1400","40.00","2300","MHA1",NULL,NULL,NULL,"WF0000","2026-03-13 00:00:00","20260318","2000","FE3-6738-000","000","K624","100.00","M/C","3","00"
"HT","2754630001","20260318","0900","200.00","2300","MHA1",NULL,NULL,NULL,"WF0000","2026-03-13 00:00:00","20260318","1100","FE3-7039-000","000","K624","100.00","M/C","3","00"
"HT","2754640008","20260318","0900","100.00","2300","MHA1",NULL,NULL,NULL,"WF0000","2026-03-13 00:00:00","20260318","1100","FE3-7040-000","000","K624","100.00","M/C","3","00"
"HT","2754680003","20260318","1400","40.00","2300","MHA1",NULL,NULL,NULL,"WF0000","2026-03-13 00:00:00","20260318","1600","FE3-7327-000","000","K624","100.00","M/C","3","00"
"HT","2754680003","20260318","1400","40.00","2300","MHA1",NULL,NULL,NULL,"WF0000","2026-03-13 00:00:00","20260318","2100","FE3-7327-000","000","K624","100.00","M/C","3","00"
"HT","2754680003","20260318","1400","40.00","2300","MHA1",NULL,NULL,NULL,"WF0000","2026-03-13 00:00:00","20260318","2300","FE3-7327-000","000","K624","100.00","M/C","3","00"
"HT","2754680003","20260318","1400","40.00","2300","MHA1",NULL,NULL,NULL,"WF0000","2026-03-13 00:00:00","20260319","0200","FE3-7327-000","000","K624","100.00","M/C","3","00"
"HT","2754930008","20260318","1400","34.00","2300","MHA1",NULL,NULL,NULL,"WF0000","2026-03-13 00:00:00","20260319","0800","FE8-0289-000","000","K624","100.00","M/C","3","00"
"HT","2755030003","20260318","1400","40.00","2300","MHA1",NULL,NULL,NULL,"WF0000","2026-03-13 00:00:00","20260318","2000","FL1-5596-000","000","K624","100.00","M/C","3","00"
"HT","2755030003","20260318","1400","40.00","2300","MHA1",NULL,NULL,NULL,"WF0000","2026-03-13 00:00:00","20260319","0100","FL1-5596-000","000","K624","100.00","M/C","3","00"
"HT","2755030003","20260318","1400","40.00","2300","MHA1",NULL,NULL,NULL,"WF0000","2026-03-13 00:00:00","20260319","0300","FL1-5596-000","000","K624","100.00","M/C","3","00"
"HT","2755030003","20260318","1400","40.00","2300","MHA1",NULL,NULL,NULL,"WF0000","2026-03-13 00:00:00","20260319","0800","FL1-5596-000","000","K624","100.00","M/C","3","00"
"HT","2755040000","20260318","1400","40.00","2300","MHA1",NULL,NULL,NULL,"WF0000","2026-03-13 00:00:00","20260318","2000","FL1-5597-000","000","K624","100.00","M/C","3","00"
"HT","2755040000","20260318","1400","40.00","2300","MHA1",NULL,NULL,NULL,"WF0000","2026-03-13 00:00:00","20260319","0100","FL1-5597-000","000","K624","100.00","M/C","3","00"
"HT","2755040000","20260318","1400","40.00","2300","MHA1",NULL,NULL,NULL,"WF0000","2026-03-13 00:00:00","20260319","0300","FL1-5597-000","000","K624","100.00","M/C","3","00"
"HT","2755040000","20260318","1400","40.00","2300","MHA1",NULL,NULL,NULL,"WF0000","2026-03-13 00:00:00","20260319","0800","FL1-5597-000","000","K624","100.00","M/C","3","00"
"HT","2755050006","20260318","0900","20.00","2300","MHA1",NULL,NULL,NULL,"WF0000","2026-03-13 00:00:00","20260318","1300","FL1-5600-000","000","K624","100.00","M/C","3","00"
"HT","2755050006","20260318","1400","20.00","2300","MHA1",NULL,NULL,NULL,"WF0000","2026-03-13 00:00:00","20260318","1400","FL1-5600-000","000","K624","100.00","M/C","3","00"
"HT","2755050006","20260318","1400","20.00","2300","MHA1",NULL,NULL,NULL,"WF0000","2026-03-13 00:00:00","20260318","1600","FL1-5600-000","000","K624","100.00","M/C","3","00"
"HT","2755050006","20260318","1400","20.00","2300","MHA1",NULL,NULL,NULL,"WF0000","2026-03-13 00:00:00","20260318","2100","FL1-5600-000","000","K624","100.00","M/C","3","00"
"HT","2755050006","20260318","1400","20.00","2300","MHA1",NULL,NULL,NULL,"WF0000","2026-03-13 00:00:00","20260318","2200","FL1-5600-000","000","K624","100.00","M/C","3","00"
"HT","2755050006","20260318","1400","20.00","2300","MHA1",NULL,NULL,NULL,"WF0000","2026-03-13 00:00:00","20260319","0100","FL1-5600-000","000","K624","100.00","M/C","3","00"
"HT","2755050006","20260318","1400","20.00","2300","MHA1",NULL,NULL,NULL,"WF0000","2026-03-13 00:00:00","20260319","0200","FL1-5600-000","000","K624","100.00","M/C","3","00"
"HT","2755050006","20260318","1400","20.00","2300","MHA1",NULL,NULL,NULL,"WF0000","2026-03-13 00:00:00","20260319","0300","FL1-5600-000","000","K624","100.00","M/C","3","00"
"HT","2755050006","20260318","1400","20.00","2300","MHA1",NULL,NULL,NULL,"WF0000","2026-03-13 00:00:00","20260319","0400","FL1-5600-000","000","K624","100.00","M/C","3","00"
"HT","2755050006","20260318","1400","20.00","2300","MHA1",NULL,NULL,NULL,"WF0000","2026-03-13 00:00:00","20260319","0800","FL1-5600-000","000","K624","100.00","M/C","3","00"
"HT","2756050001","20260318","0800","12.00","2300","MHA1",NULL,NULL,NULL,"WF0000","2026-03-13 00:00:00","20260318","1000","FX2-5817-000","000","L204","100.00","M/C","3","00"
"HT","2756050001","20260318","0800","13.00","2300","MHA1",NULL,NULL,NULL,"WF0000","2026-03-13 00:00:00","20260318","0900","FX2-5817-000","000","L204","100.00","M/C","3","00"
"HT","2756050001","20260318","0800","17.00","2300","MHA1",NULL,NULL,NULL,"WF0000","2026-03-13 00:00:00","20260318","0800","FX2-5817-000","000","L204","100.00","M/C","3","00"
"HT","2756050001","20260318","1100","8.00","2300","MHA1",NULL,NULL,NULL,"WF0000","2026-03-13 00:00:00","20260318","1100","FX2-5817-000","000","L204","100.00","M/C","3","00"
"HT","2756050001","20260318","1100","8.00","2300","MHA1",NULL,NULL,NULL,"WF0000","2026-03-13 00:00:00","20260318","1300","FX2-5817-000","000","L204","100.00","M/C","3","00"
"HT","2756050001","20260318","1400","10.00","2300","MHA1",NULL,NULL,NULL,"WF0000","2026-03-13 00:00:00","20260318","1400","FX2-5817-000","000","L204","100.00","M/C","3","00"
"HT","2756050001","20260318","1400","12.00","2300","MHA1",NULL,NULL,NULL,"WF0000","2026-03-13 00:00:00","20260318","1500","FX2-5817-000","000","L204","100.00","M/C","3","00"
"HT","2756050001","20260318","1400","14.00","2300","MHA1",NULL,NULL,NULL,"WF0000","2026-03-13 00:00:00","20260318","1600","FX2-5817-000","000","L204","100.00","M/C","3","00"
"HT","2756050001","20260318","2000","12.00","2300","MHA1",NULL,NULL,NULL,"WF0000","2026-03-13 00:00:00","20260318","2200","FX2-5817-000","000","L204","100.00","M/C","3","00"
"HT","2756050001","20260318","2000","14.00","2300","MHA1",NULL,NULL,NULL,"WF0000","2026-03-13 00:00:00","20260318","2100","FX2-5817-000","000","L204","100.00","M/C","3","00"
"HT","2756050001","20260318","2000","18.00","2300","MHA1",NULL,NULL,NULL,"WF0000","2026-03-13 00:00:00","20260318","2000","FX2-5817-000","000","L204","100.00","M/C","3","00"
"HT","2756050001","20260318","2300","7.00","2300","MHA1",NULL,NULL,NULL,"WF0000","2026-03-13 00:00:00","20260318","2300","FX2-5817-000","000","L204","100.00","M/C","3","00"
"HT","2756050001","20260318","2300","11.00","2300","MHA1",NULL,NULL,NULL,"WF0000","2026-03-13 00:00:00","20260319","0300","FX2-5817-000","000","L204","100.00","M/C","3","00"
"HT","2756050001","20260318","2300","12.00","2300","MHA1",NULL,NULL,NULL,"WF0000","2026-03-13 00:00:00","20260319","0400","FX2-5817-000","000","L204","100.00","M/C","3","00"
"HT","2756050001","20260318","2300","13.00","2300","MHA1",NULL,NULL,NULL,"WF0000","2026-03-13 00:00:00","20260319","0100","FX2-5817-000","000","L204","100.00","M/C","3","00"
"HT","2756050001","20260318","2300","13.00","2300","MHA1",NULL,NULL,NULL,"WF0000","2026-03-13 00:00:00","20260319","0200","FX2-5817-000","000","L204","100.00","M/C","3","00"
"HT","2756860001","20260318","0900","400.00","2300","MHA2",NULL,NULL,NULL,"WF0000","2026-03-13 00:00:00","20260318","1100","FE3-7466-000","000","M411","100.00","M/C","3","00"
"HT","2759730000","20260318","0900","200.00","2300","MHA1",NULL,NULL,NULL,"WF0000","2026-03-13 00:00:00","20260318","1500","FE2-B151-000","000","M699","100.00","M/C","3","00"
"HT","2760040001","20260318","0900","100.00","2300","MHA1",NULL,NULL,NULL,"WF0000","2026-03-13 00:00:00","20260318","0900","FE3-6598-000","000","M699","100.00","M/C","3","00"
"HT","2760070000","20260318","0900","5.00","2300","MHA1",NULL,NULL,NULL,"WF0000","2026-03-13 00:00:00","20260318","1000","FE3-6612-000","000","M699","100.00","M/C","3","00"
"HT","2760070000","20260318","0900","5.00","2300","MHA1",NULL,NULL,NULL,"WF0000","2026-03-13 00:00:00","20260318","1300","FE3-6612-000","000","M699","100.00","M/C","3","00"
"HT","2760070000","20260318","0900","5.00","2300","MHA1",NULL,NULL,NULL,"WF0000","2026-03-13 00:00:00","20260318","1600","FE3-6612-000","000","M699","100.00","M/C","3","00"
"HT","2760070000","20260318","0900","5.00","2300","MHA1",NULL,NULL,NULL,"WF0000","2026-03-13 00:00:00","20260318","2000","FE3-6612-000","000","M699","100.00","M/C","3","00"
"HT","2760070000","20260318","0900","10.00","2300","MHA1",NULL,NULL,NULL,"WF0000","2026-03-13 00:00:00","20260318","0900","FE3-6612-000","000","M699","100.00","M/C","3","00"
"HT","2760070000","20260318","0900","10.00","2300","MHA1",NULL,NULL,NULL,"WF0000","2026-03-13 00:00:00","20260318","1100","FE3-6612-000","000","M699","100.00","M/C","3","00"
"HT","2760070000","20260318","0900","10.00","2300","MHA1",NULL,NULL,NULL,"WF0000","2026-03-13 00:00:00","20260318","1400","FE3-6612-000","000","M699","100.00","M/C","3","00"
"HT","2760080006","20260318","0900","10.00","2300","MHA1",NULL,NULL,NULL,"WF0000","2026-03-13 00:00:00","20260318","1000","FE3-6613-000","000","M699","100.00","M/C","3","00"
"HT","2760080006","20260318","0900","10.00","2300","MHA1",NULL,NULL,NULL,"WF0000","2026-03-13 00:00:00","20260318","1300","FE3-6613-000","000","M699","100.00","M/C","3","00"
"HT","2760080006","20260318","0900","10.00","2300","MHA1",NULL,NULL,NULL,"WF0000","2026-03-13 00:00:00","20260318","1600","FE3-6613-000","000","M699","100.00","M/C","3","00"
"HT","2760080006","20260318","0900","10.00","2300","MHA1",NULL,NULL,NULL,"WF0000","2026-03-13 00:00:00","20260318","2000","FE3-6613-000","000","M699","100.00","M/C","3","00"
"HT","2760080006","20260318","0900","20.00","2300","MHA1",NULL,NULL,NULL,"WF0000","2026-03-13 00:00:00","20260318","0900","FE3-6613-000","000","M699","100.00","M/C","3","00"
"HT","2760080006","20260318","0900","20.00","2300","MHA1",NULL,NULL,NULL,"WF0000","2026-03-13 00:00:00","20260318","1100","FE3-6613-000","000","M699","100.00","M/C","3","00"
"HT","2760080006","20260318","0900","20.00","2300","MHA1",NULL,NULL,NULL,"WF0000","2026-03-13 00:00:00","20260318","1400","FE3-6613-000","000","M699","100.00","M/C","3","00"
"HT","2760090002","20260318","0900","15.00","2300","MHA1",NULL,NULL,NULL,"WF0000","2026-03-13 00:00:00","20260319","0800","FE3-6614-000","000","M699","100.00","M/C","3","00"
"HT","2760090002","20260318","0900","20.00","2300","MHA1",NULL,NULL,NULL,"WF0000","2026-03-13 00:00:00","20260319","0200","FE3-6614-000","000","M699","100.00","M/C","3","00"
"HT","2760090002","20260318","0900","20.00","2300","MHA1",NULL,NULL,NULL,"WF0000","2026-03-13 00:00:00","20260319","0300","FE3-6614-000","000","M699","100.00","M/C","3","00"
"HT","2760090002","20260318","0900","20.00","2300","MHA1",NULL,NULL,NULL,"WF0000","2026-03-13 00:00:00","20260319","0400","FE3-6614-000","000","M699","100.00","M/C","3","00"
"HT","2760100001","20260318","0900","15.00","2300","MHA1",NULL,NULL,NULL,"WF0000","2026-03-13 00:00:00","20260319","0800","FE3-6615-000","000","M699","100.00","M/C","3","00"
"HT","2760100001","20260318","0900","20.00","2300","MHA1",NULL,NULL,NULL,"WF0000","2026-03-13 00:00:00","20260319","0200","FE3-6615-000","000","M699","100.00","M/C","3","00"
"HT","2760100001","20260318","0900","20.00","2300","MHA1",NULL,NULL,NULL,"WF0000","2026-03-13 00:00:00","20260319","0300","FE3-6615-000","000","M699","100.00","M/C","3","00"
"HT","2760100001","20260318","0900","20.00","2300","MHA1",NULL,NULL,NULL,"WF0000","2026-03-13 00:00:00","20260319","0400","FE3-6615-000","000","M699","100.00","M/C","3","00"
"HT","2760110007","20260318","0900","10.00","2300","MHA1",NULL,NULL,NULL,"WF0000","2026-03-13 00:00:00","20260319","0300","FE3-6616-000","000","M699","100.00","M/C","3","00"
"HT","2760110007","20260318","0900","20.00","2300","MHA1",NULL,NULL,NULL,"WF0000","2026-03-13 00:00:00","20260319","0400","FE3-6616-000","000","M699","100.00","M/C","3","00"
"HT","2760110007","20260318","0900","30.00","2300","MHA1",NULL,NULL,NULL,"WF0000","2026-03-13 00:00:00","20260319","0800","FE3-6616-000","000","M699","100.00","M/C","3","00"
"HT","2760200006","20260318","0900","40.00","2300","MHA1",NULL,NULL,NULL,"WF0000","2026-03-13 00:00:00","20260318","1300","FE3-9666-000","000","M699","100.00","M/C","3","00"
"HT","2760200006","20260318","0900","40.00","2300","MHA1",NULL,NULL,NULL,"WF0000","2026-03-13 00:00:00","20260318","1500","FE3-9666-000","000","M699","100.00","M/C","3","00"
"HT","2760200006","20260318","0900","40.00","2300","MHA1",NULL,NULL,NULL,"WF0000","2026-03-13 00:00:00","20260318","2200","FE3-9666-000","000","M699","100.00","M/C","3","00"
"HT","2760200006","20260318","0900","40.00","2300","MHA1",NULL,NULL,NULL,"WF0000","2026-03-13 00:00:00","20260319","0200","FE3-9666-000","000","M699","100.00","M/C","3","00"
"HT","2760350003","20260318","0900","100.00","2300","MHA1",NULL,NULL,NULL,"WF0000","2026-03-13 00:00:00","20260319","0100","FE8-4498-000","000","M699","100.00","M/C","3","00"
"HT","2766820009","20260318","1100","20.00","2300","MHA1",NULL,NULL,NULL,"WF0000","2026-03-13 00:00:00","20260318","1400","FE2-E302-000","000","P181","100.00","M/C","3","00"
"HT","2766820009","20260318","1100","20.00","2300","MHA1",NULL,NULL,NULL,"WF0000","2026-03-13 00:00:00","20260318","2000","FE2-E302-000","000","P181","100.00","M/C","3","00"
"HT","2766820009","20260318","1100","20.00","2300","MHA1",NULL,NULL,NULL,"WF0000","2026-03-13 00:00:00","20260318","2300","FE2-E302-000","000","P181","100.00","M/C","3","00"
"HT","2766820009","20260318","1100","20.00","2300","MHA1",NULL,NULL,NULL,"WF0000","2026-03-13 00:00:00","20260319","0300","FE2-E302-000","000","P181","100.00","M/C","3","00"
"HT","2766820009","20260318","1100","20.00","2300","MHA1",NULL,NULL,NULL,"WF0000","2026-03-13 00:00:00","20260319","0900","FE2-E302-000","000","P181","100.00","M/C","3","00"
"HT","2767000007","20260318","1100","100.00","2300","MHA1",NULL,NULL,NULL,"WF0000","2026-03-13 00:00:00","20260318","1100","FE3-6727-000","000","P181","100.00","M/C","3","00"
"HT","2767000007","20260318","1100","100.00","2300","MHA1",NULL,NULL,NULL,"WF0000","2026-03-13 00:00:00","20260318","1600","FE3-6727-000","000","P181","100.00","M/C","3","00"
"HT","2767000007","20260318","1100","100.00","2300","MHA1",NULL,NULL,NULL,"WF0000","2026-03-13 00:00:00","20260318","2200","FE3-6727-000","000","P181","100.00","M/C","3","00"
"HT","2767000007","20260318","1100","100.00","2300","MHA1",NULL,NULL,NULL,"WF0000","2026-03-13 00:00:00","20260319","0300","FE3-6727-000","000","P181","100.00","M/C","3","00"
"HT","2767010003","20260318","1100","100.00","2300","MHA2",NULL,NULL,NULL,"WF0000","2026-03-13 00:00:00","20260318","2100","FE3-6739-000","000","P181","100.00","M/C","3","00"
"HT","2767010003","20260318","1100","100.00","2300","MHA2",NULL,NULL,NULL,"WF0000","2026-03-13 00:00:00","20260319","0300","FE3-6739-000","000","P181","100.00","M/C","3","00"
"HT","2767190000","20260318","1100","100.00","2300","MHA1",NULL,NULL,NULL,"WF0000","2026-03-13 00:00:00","20260318","1600","FE3-8995-000","000","P181","100.00","M/C","3","00"
"HT","2767190000","20260318","1100","100.00","2300","MHA1",NULL,NULL,NULL,"WF0000","2026-03-13 00:00:00","20260319","0200","FE3-8995-000","000","P181","100.00","M/C","3","00"
"HT","2767190000","20260318","1100","100.00","2300","MHA1",NULL,NULL,NULL,"WF0000","2026-03-13 00:00:00","20260319","0900","FE3-8995-000","000","P181","100.00","M/C","3","00"
"HT","2767340009","20260318","1100","80.00","2300","MHA2",NULL,NULL,NULL,"WF0000","2026-03-13 00:00:00","20260318","1600","FL0-2099-000","000","P181","100.00","M/C","3","00"
"HT","2767340009","20260318","1100","80.00","2300","MHA2",NULL,NULL,NULL,"WF0000","2026-03-13 00:00:00","20260318","2300","FL0-2099-000","000","P181","100.00","M/C","3","00"
"HT","2767340009","20260318","1100","80.00","2300","MHA2",NULL,NULL,NULL,"WF0000","2026-03-13 00:00:00","20260319","0400","FL0-2099-000","000","P181","100.00","M/C","3","00"
"HT","2767380004","20260318","1100","80.00","2300","MHA2",NULL,NULL,NULL,"WF0000","2026-03-13 00:00:00","20260318","1100","FL0-2122-000","000","P181","100.00","M/C","3","00"
"HT","2767380004","20260318","1100","80.00","2300","MHA2",NULL,NULL,NULL,"WF0000","2026-03-13 00:00:00","20260318","1500","FL0-2122-000","000","P181","100.00","M/C","3","00"
"HT","2767380004","20260318","1100","80.00","2300","MHA2",NULL,NULL,NULL,"WF0000","2026-03-13 00:00:00","20260318","2100","FL0-2122-000","000","P181","100.00","M/C","3","00"
"HT","2767380004","20260318","1100","80.00","2300","MHA2",NULL,NULL,NULL,"WF0000","2026-03-13 00:00:00","20260319","0100","FL0-2122-000","000","P181","100.00","M/C","3","00"
"HT","2767380004","20260318","1100","80.00","2300","MHA2",NULL,NULL,NULL,"WF0000","2026-03-13 00:00:00","20260319","0400","FL0-2122-000","000","P181","100.00","M/C","3","00"
"HT","2767490006","20260318","1100","160.00","2300","MHA2",NULL,NULL,NULL,"WF0000","2026-03-13 00:00:00","20260318","2200","FL0-6945-000","000","P181","100.00","M/C","3","00"
"HT","2767490006","20260318","1100","160.00","2300","MHA2",NULL,NULL,NULL,"WF0000","2026-03-13 00:00:00","20260319","0900","FL0-6945-000","000","P181","100.00","M/C","3","00"
"HT","2767510001","20260318","1100","20.00","2300","MHA1",NULL,NULL,NULL,"WF0000","2026-03-13 00:00:00","20260318","1100","FL1-3632-000","000","P181","100.00","M/C","3","00"
"HT","2767510001","20260318","1100","20.00","2300","MHA1",NULL,NULL,NULL,"WF0000","2026-03-13 00:00:00","20260318","1400","FL1-3632-000","000","P181","100.00","M/C","3","00"
"HT","2767510001","20260318","1100","20.00","2300","MHA1",NULL,NULL,NULL,"WF0000","2026-03-13 00:00:00","20260318","1500","FL1-3632-000","000","P181","100.00","M/C","3","00"
"HT","2767510001","20260318","1100","20.00","2300","MHA1",NULL,NULL,NULL,"WF0000","2026-03-13 00:00:00","20260318","2000","FL1-3632-000","000","P181","100.00","M/C","3","00"
"HT","2767510001","20260318","1100","20.00","2300","MHA1",NULL,NULL,NULL,"WF0000","2026-03-13 00:00:00","20260318","2100","FL1-3632-000","000","P181","100.00","M/C","3","00"
"HT","2767510001","20260318","1100","20.00","2300","MHA1",NULL,NULL,NULL,"WF0000","2026-03-13 00:00:00","20260318","2200","FL1-3632-000","000","P181","100.00","M/C","3","00"
"HT","2767510001","20260318","1100","20.00","2300","MHA1",NULL,NULL,NULL,"WF0000","2026-03-13 00:00:00","20260318","2300","FL1-3632-000","000","P181","100.00","M/C","3","00"
"HT","2767510001","20260318","1100","20.00","2300","MHA1",NULL,NULL,NULL,"WF0000","2026-03-13 00:00:00","20260319","0100","FL1-3632-000","000","P181","100.00","M/C","3","00"
"HT","2767510001","20260318","1100","20.00","2300","MHA1",NULL,NULL,NULL,"WF0000","2026-03-13 00:00:00","20260319","0200","FL1-3632-000","000","P181","100.00","M/C","3","00"
"HT","2767510001","20260318","1100","20.00","2300","MHA1",NULL,NULL,NULL,"WF0000","2026-03-13 00:00:00","20260319","0300","FL1-3632-000","000","P181","100.00","M/C","3","00"
"HT","2767510001","20260318","1100","20.00","2300","MHA1",NULL,NULL,NULL,"WF0000","2026-03-13 00:00:00","20260319","0400","FL1-3632-000","000","P181","100.00","M/C","3","00"
"HT","2767510001","20260318","1100","20.00","2300","MHA1",NULL,NULL,NULL,"WF0000","2026-03-13 00:00:00","20260319","0800","FL1-3632-000","000","P181","100.00","M/C","3","00"
"HT","2767510001","20260318","1100","40.00","2300","MHA1",NULL,NULL,NULL,"WF0000","2026-03-13 00:00:00","20260319","0900","FL1-3632-000","000","P181","100.00","M/C","3","00"
"HT","2767530003","20260318","1100","200.00","2300","MHA1",NULL,NULL,NULL,"WF0000","2026-03-13 00:00:00","20260319","0200","FL1-3635-000","000","P181","100.00","M/C","3","00"
"HT","2770020001","20260318","0900","160.00","2300","MHA2",NULL,NULL,NULL,"WF0000","2026-03-13 00:00:00","20260318","1300","FE3-6892-000","000","S811","100.00","M/C","3","00"
"HT","2782660002","20260318","1000","10.00","2300","MHA1",NULL,NULL,NULL,"WF0000","2026-03-13 00:00:00","20260318","1000","FE2-B157-000","000","SAPN","100.00","M/C","3","00"
"HT","2782660002","20260318","1000","10.00","2300","MHA1",NULL,NULL,NULL,"WF0000","2026-03-13 00:00:00","20260318","1100","FE2-B157-000","000","SAPN","100.00","M/C","3","00"
"HT","2782660002","20260318","1300","10.00","2300","MHA1",NULL,NULL,NULL,"WF0000","2026-03-13 00:00:00","20260318","1300","FE2-B157-000","000","SAPN","100.00","M/C","3","00"
"HT","2782660002","20260318","1300","20.00","2300","MHA1",NULL,NULL,NULL,"WF0000","2026-03-13 00:00:00","20260318","1400","FE2-B157-000","000","SAPN","100.00","M/C","3","00"
"HT","2782660002","20260318","1500","10.00","2300","MHA1",NULL,NULL,NULL,"WF0000","2026-03-13 00:00:00","20260318","1500","FE2-B157-000","000","SAPN","100.00","M/C","3","00"
"HT","2782660002","20260318","1500","20.00","2300","MHA1",NULL,NULL,NULL,"WF0000","2026-03-13 00:00:00","20260318","1600","FE2-B157-000","000","SAPN","100.00","M/C","3","00"
"HT","2782660002","20260318","2000","20.00","2300","MHA1",NULL,NULL,NULL,"WF0000","2026-03-13 00:00:00","20260318","2100","FE2-B157-000","000","SAPN","100.00","M/C","3","00"
"HT","2782660002","20260318","2200","10.00","2300","MHA1",NULL,NULL,NULL,"WF0000","2026-03-13 00:00:00","20260318","2200","FE2-B157-000","000","SAPN","100.00","M/C","3","00"
"HT","2782660002","20260318","2200","10.00","2300","MHA1",NULL,NULL,NULL,"WF0000","2026-03-13 00:00:00","20260318","2300","FE2-B157-000","000","SAPN","100.00","M/C","3","00"
"HT","2782660002","20260318","2200","10.00","2300","MHA1",NULL,NULL,NULL,"WF0000","2026-03-13 00:00:00","20260319","0100","FE2-B157-000","000","SAPN","100.00","M/C","3","00"
"HT","2782660002","20260318","2200","20.00","2300","MHA1",NULL,NULL,NULL,"WF0000","2026-03-13 00:00:00","20260319","0200","FE2-B157-000","000","SAPN","100.00","M/C","3","00"
"HT","2782660002","20260318","2200","20.00","2300","MHA1",NULL,NULL,NULL,"WF0000","2026-03-13 00:00:00","20260319","0300","FE2-B157-000","000","SAPN","100.00","M/C","3","00"
"HT","2782680005","20260318","2200","200.00","2300","MHA1",NULL,NULL,NULL,"WF0000","2026-03-13 00:00:00","20260319","0300","FE2-B258-000","000","SAPN","100.00","M/C","3","00"
"HT","2782700000","20260318","0800","30.00","2300","MHA1",NULL,NULL,NULL,"WF0000","2026-03-13 00:00:00","20260318","0800","FE2-B907-000","000","SAPN","100.00","M/C","3","00"
"HT","2783260005","20260318","0800","15.00","2300","MHA1",NULL,NULL,NULL,"WF0000","2026-03-13 00:00:00","20260318","0800","FE3-6708-000","000","SAPN","100.00","M/C","3","00"
"HT","2783260005","20260318","0800","15.00","2300","MHA1",NULL,NULL,NULL,"WF0000","2026-03-13 00:00:00","20260318","0900","FE3-6708-000","000","SAPN","100.00","M/C","3","00"
"HT","2783260005","20260318","1000","10.00","2300","MHA1",NULL,NULL,NULL,"WF0000","2026-03-13 00:00:00","20260318","1100","FE3-6708-000","000","SAPN","100.00","M/C","3","00"
"HT","2783260005","20260318","1000","15.00","2300","MHA1",NULL,NULL,NULL,"WF0000","2026-03-13 00:00:00","20260318","1000","FE3-6708-000","000","SAPN","100.00","M/C","3","00"
"HT","2783260005","20260318","1300","15.00","2300","MHA1",NULL,NULL,NULL,"WF0000","2026-03-13 00:00:00","20260318","1300","FE3-6708-000","000","SAPN","100.00","M/C","3","00"
"HT","2783370007","20260318","0800","10.00","2300","MHA1",NULL,NULL,NULL,"WF0000","2026-03-13 00:00:00","20260318","0900","FE3-6833-000","000","SAPN","100.00","M/C","3","00"
"HT","2783370007","20260318","1000","10.00","2300","MHA1",NULL,NULL,NULL,"WF0000","2026-03-13 00:00:00","20260318","1000","FE3-6833-000","000","SAPN","100.00","M/C","3","00"
"HT","2783370007","20260318","1000","20.00","2300","MHA1",NULL,NULL,NULL,"WF0000","2026-03-13 00:00:00","20260318","1100","FE3-6833-000","000","SAPN","100.00","M/C","3","00"
"HT","2783370007","20260318","1300","10.00","2300","MHA1",NULL,NULL,NULL,"WF0000","2026-03-13 00:00:00","20260318","1300","FE3-6833-000","000","SAPN","100.00","M/C","3","00"
"HT","2783370007","20260318","1300","20.00","2300","MHA1",NULL,NULL,NULL,"WF0000","2026-03-13 00:00:00","20260318","1400","FE3-6833-000","000","SAPN","100.00","M/C","3","00"
"HT","2783440003","20260318","0800","5.00","2300","MHA1",NULL,NULL,NULL,"WF0000","2026-03-13 00:00:00","20260318","0900","FE3-7051-000","000","SAPN","100.00","M/C","3","00"
"HT","2783440003","20260318","1000","10.00","2300","MHA1",NULL,NULL,NULL,"WF0000","2026-03-13 00:00:00","20260318","1100","FE3-7051-000","000","SAPN","100.00","M/C","3","00"
"HT","2783440003","20260318","1000","15.00","2300","MHA1",NULL,NULL,NULL,"WF0000","2026-03-13 00:00:00","20260318","1000","FE3-7051-000","000","SAPN","100.00","M/C","3","00"
"HT","2783580004","20260318","0800","10.00","2300","MHA1",NULL,NULL,NULL,"WF0000","2026-03-13 00:00:00","20260318","0800","FE3-7329-000","000","SAPN","100.00","M/C","3","00"
"HT","2784250003","20260318","0800","20.00","2300","MHA1",NULL,NULL,NULL,"WF0000","2026-03-13 00:00:00","20260318","0900","FL0-2078-000","000","SAPN","100.00","M/C","3","00"
"HT","2784250003","20260318","0800","60.00","2300","MHA1",NULL,NULL,NULL,"WF0000","2026-03-13 00:00:00","20260318","0800","FL0-2078-000","000","SAPN","100.00","M/C","3","00"
"HT","2784270006","20260318","0800","20.00","2300","MHA1",NULL,NULL,NULL,"WF0000","2026-03-13 00:00:00","20260318","0800","FL0-2110-000","000","SAPN","100.00","M/C","3","00"
"HT","2784270006","20260318","1000","20.00","2300","MHA1",NULL,NULL,NULL,"WF0000","2026-03-13 00:00:00","20260318","1000","FL0-2110-000","000","SAPN","100.00","M/C","3","00"
"HT","2784270006","20260318","1000","20.00","2300","MHA1",NULL,NULL,NULL,"WF0000","2026-03-13 00:00:00","20260318","1100","FL0-2110-000","000","SAPN","100.00","M/C","3","00"
"HT","2784480003","20260318","0800","10.00","2300","MHA1",NULL,NULL,NULL,"WF0000","2026-03-13 00:00:00","20260318","0800","FL1-5599-000","000","SAPN","100.00","M/C","3","00"
"HT","2784480003","20260318","1000","10.00","2300","MHA1",NULL,NULL,NULL,"WF0000","2026-03-13 00:00:00","20260318","1000","FL1-5599-000","000","SAPN","100.00","M/C","3","00"
"HT","2784480003","20260318","1000","20.00","2300","MHA1",NULL,NULL,NULL,"WF0000","2026-03-13 00:00:00","20260318","1100","FL1-5599-000","000","SAPN","100.00","M/C","3","00"
"HT","2784480003","20260318","1300","10.00","2300","MHA1",NULL,NULL,NULL,"WF0000","2026-03-13 00:00:00","20260318","1300","FL1-5599-000","000","SAPN","100.00","M/C","3","00"
"HT","2784480003","20260318","1300","20.00","2300","MHA1",NULL,NULL,NULL,"WF0000","2026-03-13 00:00:00","20260318","1400","FL1-5599-000","000","SAPN","100.00","M/C","3","00"
"HT","2784480003","20260318","1500","10.00","2300","MHA1",NULL,NULL,NULL,"WF0000","2026-03-13 00:00:00","20260318","1500","FL1-5599-000","000","SAPN","100.00","M/C","3","00"
"HT","2784480003","20260318","1500","10.00","2300","MHA1",NULL,NULL,NULL,"WF0000","2026-03-13 00:00:00","20260318","1600","FL1-5599-000","000","SAPN","100.00","M/C","3","00"
"HT","2784480003","20260318","2000","10.00","2300","MHA1",NULL,NULL,NULL,"WF0000","2026-03-13 00:00:00","20260318","2000","FL1-5599-000","000","SAPN","100.00","M/C","3","00"
"HT","2784480003","20260318","2000","10.00","2300","MHA1",NULL,NULL,NULL,"WF0000","2026-03-13 00:00:00","20260318","2100","FL1-5599-000","000","SAPN","100.00","M/C","3","00"
"HT","2784480003","20260318","2200","10.00","2300","MHA1",NULL,NULL,NULL,"WF0000","2026-03-13 00:00:00","20260318","2300","FL1-5599-000","000","SAPN","100.00","M/C","3","00"
"HT","2784480003","20260318","2200","10.00","2300","MHA1",NULL,NULL,NULL,"WF0000","2026-03-13 00:00:00","20260319","0100","FL1-5599-000","000","SAPN","100.00","M/C","3","00"
"HT","2784480003","20260318","2200","20.00","2300","MHA1",NULL,NULL,NULL,"WF0000","2026-03-13 00:00:00","20260318","2200","FL1-5599-000","000","SAPN","100.00","M/C","3","00"
"HT","2784480003","20260318","2200","20.00","2300","MHA1",NULL,NULL,NULL,"WF0000","2026-03-13 00:00:00","20260319","0200","FL1-5599-000","000","SAPN","100.00","M/C","3","00"
"HT","2784480003","20260318","2200","20.00","2300","MHA1",NULL,NULL,NULL,"WF0000","2026-03-13 00:00:00","20260319","0300","FL1-5599-000","000","SAPN","100.00","M/C","3","00"
"HT","2784480003","20260318","2200","20.00","2300","MHA1",NULL,NULL,NULL,"WF0000","2026-03-13 00:00:00","20260319","0400","FL1-5599-000","000","SAPN","100.00","M/C","3","00"
"HT","2786210007","20260318","2200","100.00","4100","HTA1",NULL,NULL,NULL,"WF0000","2026-03-13 00:00:00","20260319","0400","QC8-0994-000","000","SAPN","100.00","M/C","3","00"
"HT","2789580001","20260318","1300","12.00","2300","MHA1",NULL,NULL,NULL,"WF0000","2026-03-13 00:00:00","20260319","0400","FX2-2601-000","000","T423","100.00","M/C","3","00"
"HT","2789580001","20260318","1300","12.00","2300","MHA1",NULL,NULL,NULL,"WF0000","2026-03-13 00:00:00","20260319","0800","FX2-2601-000","000","T423","100.00","M/C","3","00"
"HT","2789590008","20260318","1300","20.00","2300","MHA1",NULL,NULL,NULL,"WF0000","2026-03-13 00:00:00","20260319","0800","FX2-2602-000","000","T423","100.00","M/C","3","00"
"HT","2789600006","20260318","1300","12.00","2300","MHA1",NULL,NULL,NULL,"WF0000","2026-03-13 00:00:00","20260319","0400","FX2-2603-000","000","T423","100.00","M/C","3","00"
"HT","2789600006","20260318","1300","24.00","2300","MHA1",NULL,NULL,NULL,"WF0000","2026-03-13 00:00:00","20260319","0800","FX2-2603-000","000","T423","100.00","M/C","3","00"
"HT","2789610002","20260318","1300","12.00","2300","MHA1",NULL,NULL,NULL,"WF0000","2026-03-13 00:00:00","20260319","0400","FX2-2604-000","000","T423","100.00","M/C","3","00"
"HT","2789610002","20260318","1300","12.00","2300","MHA1",NULL,NULL,NULL,"WF0000","2026-03-13 00:00:00","20260319","0800","FX2-2604-000","000","T423","100.00","M/C","3","00"
"HT","2789630005","20260318","1300","12.00","2300","MHA1",NULL,NULL,NULL,"WF0000","2026-03-13 00:00:00","20260319","0400","FX2-2609-000","000","T423","100.00","M/C","3","00"
"HT","2789630005","20260318","1300","12.00","2300","MHA1",NULL,NULL,NULL,"WF0000","2026-03-13 00:00:00","20260319","0800","FX2-2609-000","000","T423","100.00","M/C","3","00"
"HT","2789640001","20260318","1300","24.00","2300","MHA1",NULL,NULL,NULL,"WF0000","2026-03-13 00:00:00","20260319","0800","FX2-2610-000","000","T423","100.00","M/C","3","00"
"HT","2789650008","20260318","1300","6.00","2300","MHA1",NULL,NULL,NULL,"WF0000","2026-03-13 00:00:00","20260319","0200","FX2-3629-000","000","T423","100.00","M/C","3","00"
"HT","2791200001","20260318","0800","5.00","2300","MHA1",NULL,NULL,NULL,"WF0000","2026-03-13 00:00:00","20260318","1000","FE2-B159-000","000","T731","100.00","M/C","3","01"
"HT","2791200001","20260318","0800","15.00","2300","MHA1",NULL,NULL,NULL,"WF0000","2026-03-13 00:00:00","20260318","1100","FE2-B159-000","000","T731","100.00","M/C","3","01"
"HT","2791200001","20260318","1300","10.00","2300","MHA1",NULL,NULL,NULL,"WF0000","2026-03-13 00:00:00","20260318","1300","FE2-B159-000","000","T731","100.00","M/C","3","01"
"HT","2791200001","20260318","1300","10.00","2300","MHA1",NULL,NULL,NULL,"WF0000","2026-03-13 00:00:00","20260318","1600","FE2-B159-000","000","T731","100.00","M/C","3","01"
"HT","2791200001","20260318","1300","15.00","2300","MHA1",NULL,NULL,NULL,"WF0000","2026-03-13 00:00:00","20260318","1500","FE2-B159-000","000","T731","100.00","M/C","3","01"
"HT","2791200001","20260318","1300","20.00","2300","MHA1",NULL,NULL,NULL,"WF0000","2026-03-13 00:00:00","20260318","1400","FE2-B159-000","000","T731","100.00","M/C","3","01"
"HT","2791200001","20260318","2000","10.00","2300","MHA1",NULL,NULL,NULL,"WF0000","2026-03-13 00:00:00","20260318","2000","FE2-B159-000","000","T731","100.00","M/C","3","01"
"HT","2791200001","20260318","2000","10.00","2300","MHA1",NULL,NULL,NULL,"WF0000","2026-03-13 00:00:00","20260318","2100","FE2-B159-000","000","T731","100.00","M/C","3","01"
"HT","2791200001","20260318","2000","10.00","2300","MHA1",NULL,NULL,NULL,"WF0000","2026-03-13 00:00:00","20260318","2300","FE2-B159-000","000","T731","100.00","M/C","3","01"
"HT","2791200001","20260318","2000","15.00","2300","MHA1",NULL,NULL,NULL,"WF0000","2026-03-13 00:00:00","20260318","2200","FE2-B159-000","000","T731","100.00","M/C","3","01"
"HT","2791200001","20260319","0100","10.00","2300","MHA1",NULL,NULL,NULL,"WF0000","2026-03-13 00:00:00","20260319","0100","FE2-B159-000","000","T731","100.00","M/C","3","01"
"HT","2791200001","20260319","0100","20.00","2300","MHA1",NULL,NULL,NULL,"WF0000","2026-03-13 00:00:00","20260319","0200","FE2-B159-000","000","T731","100.00","M/C","3","01"
"HT","2791200001","20260319","0100","20.00","2300","MHA1",NULL,NULL,NULL,"WF0000","2026-03-13 00:00:00","20260319","0300","FE2-B159-000","000","T731","100.00","M/C","3","01"
"HT","2791200001","20260319","0100","20.00","2300","MHA1",NULL,NULL,NULL,"WF0000","2026-03-13 00:00:00","20260319","0400","FE2-B159-000","000","T731","100.00","M/C","3","01"
"HT","2806510007","20260317","1300","120.00","4100","MHA6",NULL,NULL,NULL,"WF0000","2026-03-13 00:00:00","20260317","1400","QC5-9947-000","000","C060","100.00","M/C","2","00"
"HT","2806600006","20260317","1300","100.00","4100","MHA6",NULL,NULL,NULL,"WF0000","2026-03-13 00:00:00","20260317","1500","QC6-8336-000","000","C060","100.00","M/C","2","00"
"HT","2806690003","20260317","1300","60.00","4100","MHA1",NULL,NULL,NULL,"WF0000","2026-03-13 00:00:00","20260318","0800","QD1-1750-000","000","C060","100.00","M/C","2","00"
"HT","2827160009","20260318","1500","4.00","4100","HTA1",NULL,NULL,NULL,"WF0000","2026-03-13 00:00:00","20260318","2000","QC8-1171-000","000","R200","100.00","M/C","3","00"
"HT","2827160009","20260318","1500","4.00","4100","HTA1",NULL,NULL,NULL,"WF0000","2026-03-13 00:00:00","20260319","0900","QC8-1171-000","000","R200","100.00","M/C","3","00"
"HT","2827160009","20260318","1500","4.00","4100","HTA1",NULL,NULL,NULL,"WF0000","2026-03-13 00:00:00","20260319","1300","QC8-1171-000","000","R200","100.00","M/C","3","00"
"HT","2827160009","20260318","1500","8.00","4100","HTA1",NULL,NULL,NULL,"WF0000","2026-03-13 00:00:00","20260318","2300","QC8-1171-000","000","R200","100.00","M/C","3","00"
"HT","2827160009","20260318","1500","8.00","4100","HTA1",NULL,NULL,NULL,"WF0000","2026-03-13 00:00:00","20260319","0400","QC8-1171-000","000","R200","100.00","M/C","3","00"
"HT","2827160009","20260318","1500","12.00","4100","HTA1",NULL,NULL,NULL,"WF0000","2026-03-13 00:00:00","20260318","2200","QC8-1171-000","000","R200","100.00","M/C","3","00"
"HT","2827160009","20260318","1500","12.00","4100","HTA1",NULL,NULL,NULL,"WF0000","2026-03-13 00:00:00","20260319","0100","QC8-1171-000","000","R200","100.00","M/C","3","00"
"HT","2827160009","20260318","1500","12.00","4100","HTA1",NULL,NULL,NULL,"WF0000","2026-03-13 00:00:00","20260319","0300","QC8-1171-000","000","R200","100.00","M/C","3","00"
"HT","2827160009","20260318","1500","12.00","4100","HTA1",NULL,NULL,NULL,"WF0000","2026-03-13 00:00:00","20260319","0800","QC8-1171-000","000","R200","100.00","M/C","3","00"
"HT","2827160009","20260318","1500","12.00","4100","HTA1",NULL,NULL,NULL,"WF0000","2026-03-13 00:00:00","20260319","1000","QC8-1171-000","000","R200","100.00","M/C","3","00"
"HT","2827160009","20260318","1500","12.00","4100","HTA1",NULL,NULL,NULL,"WF0000","2026-03-13 00:00:00","20260319","1100","QC8-1171-000","000","R200","100.00","M/C","3","00"
"HT","2827280007","20260318","1500","10.00","4100","HTA1",NULL,NULL,NULL,"WF0000","2026-03-13 00:00:00","20260318","1500","QD1-1731-000","000","R200","100.00","M/C","3","00"
"HT","2827280007","20260318","1500","10.00","4100","HTA1",NULL,NULL,NULL,"WF0000","2026-03-13 00:00:00","20260318","1600","QD1-1731-000","000","R200","100.00","M/C","3","00"
"HT","2827280007","20260318","1500","10.00","4100","HTA1",NULL,NULL,NULL,"WF0000","2026-03-13 00:00:00","20260318","2000","QD1-1731-000","000","R200","100.00","M/C","3","00"
"HT","2827280007","20260318","1500","10.00","4100","HTA1",NULL,NULL,NULL,"WF0000","2026-03-13 00:00:00","20260318","2100","QD1-1731-000","000","R200","100.00","M/C","3","00"
"HT","2827280007","20260318","1500","10.00","4100","HTA1",NULL,NULL,NULL,"WF0000","2026-03-13 00:00:00","20260318","2200","QD1-1731-000","000","R200","100.00","M/C","3","00"
"HT","2827280007","20260318","1500","10.00","4100","HTA1",NULL,NULL,NULL,"WF0000","2026-03-13 00:00:00","20260318","2300","QD1-1731-000","000","R200","100.00","M/C","3","00"
"HT","2827290003","20260318","1500","10.00","4100","HTA1",NULL,NULL,NULL,"WF0000","2026-03-13 00:00:00","20260318","1500","QD1-1732-000","000","R200","100.00","M/C","3","00"
"HT","2827290003","20260318","1500","10.00","4100","HTA1",NULL,NULL,NULL,"WF0000","2026-03-13 00:00:00","20260318","1600","QD1-1732-000","000","R200","100.00","M/C","3","00"
"HT","2827290003","20260318","1500","10.00","4100","HTA1",NULL,NULL,NULL,"WF0000","2026-03-13 00:00:00","20260318","2000","QD1-1732-000","000","R200","100.00","M/C","3","00"
"HT","2827290003","20260318","1500","10.00","4100","HTA1",NULL,NULL,NULL,"WF0000","2026-03-13 00:00:00","20260318","2100","QD1-1732-000","000","R200","100.00","M/C","3","00"
"HT","2827290003","20260318","1500","10.00","4100","HTA1",NULL,NULL,NULL,"WF0000","2026-03-13 00:00:00","20260318","2200","QD1-1732-000","000","R200","100.00","M/C","3","00"
"HT","2827290003","20260318","1500","10.00","4100","HTA1",NULL,NULL,NULL,"WF0000","2026-03-13 00:00:00","20260318","2300","QD1-1732-000","000","R200","100.00","M/C","3","00"
"HT","2827300001","20260318","1500","10.00","4100","HTA1",NULL,NULL,NULL,"WF0000","2026-03-13 00:00:00","20260318","1600","QD1-1733-000","000","R200","100.00","M/C","3","00"
"HT","2827300001","20260318","1500","10.00","4100","HTA1",NULL,NULL,NULL,"WF0000","2026-03-13 00:00:00","20260318","2000","QD1-1733-000","000","R200","100.00","M/C","3","00"
"HT","2845860005","20260318","1300","10.00","4100","MHA6",NULL,NULL,NULL,"WF0000","2026-03-13 00:00:00","20260319","0900","QC8-1142-000","000","SBAA","100.00","M/C","3","00"
"HT","2845860005","20260318","1300","20.00","4100","MHA6",NULL,NULL,NULL,"WF0000","2026-03-13 00:00:00","20260318","2200","QC8-1142-000","000","SBAA","100.00","M/C","3","00"
"HT","2845860005","20260318","1300","20.00","4100","MHA6",NULL,NULL,NULL,"WF0000","2026-03-13 00:00:00","20260318","2300","QC8-1142-000","000","SBAA","100.00","M/C","3","00"
"HT","2845860005","20260318","1300","20.00","4100","MHA6",NULL,NULL,NULL,"WF0000","2026-03-13 00:00:00","20260319","0300","QC8-1142-000","000","SBAA","100.00","M/C","3","00"
"HT","2860580006","20260317","1300","1000.00","4100","MHA1",NULL,NULL,NULL,"WF0000","2026-03-13 00:00:00","20260317","1300","QC6-5714-000","000","C060","100.00","M/C","2","00"
"HT","2860590002","20260317","1300","100.00","4100","MHA6",NULL,NULL,NULL,"WF0000","2026-03-13 00:00:00","20260318","0400","QC6-8337-000","000","C060","100.00","M/C","2","00"
"HT","2860600001","20260317","1300","100.00","4100","MHA6",NULL,NULL,NULL,"WF0000","2026-03-13 00:00:00","20260317","1600","QC6-8338-000","000","C060","100.00","M/C","2","00"
"HT","2860720009","20260317","1300","200.00","4100","MHA1",NULL,NULL,NULL,"WF0000","2026-03-13 00:00:00","20260317","1500","QD1-1736-000","000","C060","100.00","M/C","2","00"
"HT","2860750008","20260317","1300","400.00","4100","MHA1",NULL,NULL,NULL,"WF0000","2026-03-13 00:00:00","20260317","2200","QD1-2248-000","000","C060","100.00","M/C","2","00"
"HT","2873980005","20260317","0900","20.00","4100","MHA6",NULL,NULL,NULL,"WF0000","2026-03-13 00:00:00","20260317","1000","QC5-9216-000","000","M699","100.00","M/C","2","00"
"HT","2873980005","20260317","0900","20.00","4100","MHA6",NULL,NULL,NULL,"WF0000","2026-03-13 00:00:00","20260317","1100","QC5-9216-000","000","M699","100.00","M/C","2","00"
"HT","2873980005","20260317","0900","20.00","4100","MHA6",NULL,NULL,NULL,"WF0000","2026-03-13 00:00:00","20260317","2300","QC5-9216-000","000","M699","100.00","M/C","2","00"
"HT","2873980005","20260317","0900","20.00","4100","MHA6",NULL,NULL,NULL,"WF0000","2026-03-13 00:00:00","20260318","0100","QC5-9216-000","000","M699","100.00","M/C","2","00"
"HT","2873980005","20260317","0900","20.00","4100","MHA6",NULL,NULL,NULL,"WF0000","2026-03-13 00:00:00","20260318","0800","QC5-9216-000","000","M699","100.00","M/C","2","00"
"HT","2873980005","20260317","0900","30.00","4100","MHA6",NULL,NULL,NULL,"WF0000","2026-03-13 00:00:00","20260317","1300","QC5-9216-000","000","M699","100.00","M/C","2","00"
"HT","2873980005","20260317","0900","30.00","4100","MHA6",NULL,NULL,NULL,"WF0000","2026-03-13 00:00:00","20260317","1400","QC5-9216-000","000","M699","100.00","M/C","2","00"
"HT","2873980005","20260317","0900","30.00","4100","MHA6",NULL,NULL,NULL,"WF0000","2026-03-13 00:00:00","20260317","1500","QC5-9216-000","000","M699","100.00","M/C","2","00"
"HT","2873980005","20260317","0900","30.00","4100","MHA6",NULL,NULL,NULL,"WF0000","2026-03-13 00:00:00","20260317","1600","QC5-9216-000","000","M699","100.00","M/C","2","00"
"HT","2873980005","20260317","0900","30.00","4100","MHA6",NULL,NULL,NULL,"WF0000","2026-03-13 00:00:00","20260317","2200","QC5-9216-000","000","M699","100.00","M/C","2","00"
"HT","2873980005","20260317","0900","30.00","4100","MHA6",NULL,NULL,NULL,"WF0000","2026-03-13 00:00:00","20260318","0400","QC5-9216-000","000","M699","100.00","M/C","2","00"
"HT","2873980005","20260317","0900","40.00","4100","MHA6",NULL,NULL,NULL,"WF0000","2026-03-13 00:00:00","20260317","2000","QC5-9216-000","000","M699","100.00","M/C","2","00"
"HT","2873980005","20260317","0900","40.00","4100","MHA6",NULL,NULL,NULL,"WF0000","2026-03-13 00:00:00","20260318","0200","QC5-9216-000","000","M699","100.00","M/C","2","00"
"HT","2873980005","20260317","0900","40.00","4100","MHA6",NULL,NULL,NULL,"WF0000","2026-03-13 00:00:00","20260318","0300","QC5-9216-000","000","M699","100.00","M/C","2","00"
"HT","2874140001","20260317","0900","10.00","4100","HTA1",NULL,NULL,NULL,"WF0000","2026-03-13 00:00:00","20260317","1000","QC8-1124-000","000","M699","100.00","M/C","2","00"
"HT","2874140001","20260317","0900","10.00","4100","HTA1",NULL,NULL,NULL,"WF0000","2026-03-13 00:00:00","20260317","1100","QC8-1124-000","000","M699","100.00","M/C","2","00"
"HT","2874140001","20260317","0900","10.00","4100","HTA1",NULL,NULL,NULL,"WF0000","2026-03-13 00:00:00","20260317","1300","QC8-1124-000","000","M699","100.00","M/C","2","00"
"HT","2874140001","20260317","0900","10.00","4100","HTA1",NULL,NULL,NULL,"WF0000","2026-03-13 00:00:00","20260317","1400","QC8-1124-000","000","M699","100.00","M/C","2","00"
"HT","2874140001","20260317","0900","10.00","4100","HTA1",NULL,NULL,NULL,"WF0000","2026-03-13 00:00:00","20260317","1500","QC8-1124-000","000","M699","100.00","M/C","2","00"
"HT","2874140001","20260317","0900","10.00","4100","HTA1",NULL,NULL,NULL,"WF0000","2026-03-13 00:00:00","20260317","1600","QC8-1124-000","000","M699","100.00","M/C","2","00"
"HT","2874140001","20260317","0900","10.00","4100","HTA1",NULL,NULL,NULL,"WF0000","2026-03-13 00:00:00","20260317","2000","QC8-1124-000","000","M699","100.00","M/C","2","00"
"HT","2874140001","20260317","0900","10.00","4100","HTA1",NULL,NULL,NULL,"WF0000","2026-03-13 00:00:00","20260317","2200","QC8-1124-000","000","M699","100.00","M/C","2","00"
"HT","2874140001","20260317","0900","10.00","4100","HTA1",NULL,NULL,NULL,"WF0000","2026-03-13 00:00:00","20260317","2300","QC8-1124-000","000","M699","100.00","M/C","2","00"
"HT","2874140001","20260317","0900","10.00","4100","HTA1",NULL,NULL,NULL,"WF0000","2026-03-13 00:00:00","20260318","0100","QC8-1124-000","000","M699","100.00","M/C","2","00"
"HT","2874140001","20260317","0900","10.00","4100","HTA1",NULL,NULL,NULL,"WF0000","2026-03-13 00:00:00","20260318","0300","QC8-1124-000","000","M699","100.00","M/C","2","00"
"HT","2874140001","20260317","0900","10.00","4100","HTA1",NULL,NULL,NULL,"WF0000","2026-03-13 00:00:00","20260318","0400","QC8-1124-000","000","M699","100.00","M/C","2","00"
"HT","2874140001","20260317","0900","10.00","4100","HTA1",NULL,NULL,NULL,"WF0000","2026-03-13 00:00:00","20260318","0800","QC8-1124-000","000","M699","100.00","M/C","2","00"
"HT","2874150007","20260317","0900","20.00","4100","HTA1",NULL,NULL,NULL,"WF0000","2026-03-13 00:00:00","20260317","1100","QC8-1148-000","000","M699","100.00","M/C","2","00"
"HT","2874150007","20260317","0900","20.00","4100","HTA1",NULL,NULL,NULL,"WF0000","2026-03-13 00:00:00","20260317","1400","QC8-1148-000","000","M699","100.00","M/C","2","00"
"HT","2874150007","20260317","0900","20.00","4100","HTA1",NULL,NULL,NULL,"WF0000","2026-03-13 00:00:00","20260317","1500","QC8-1148-000","000","M699","100.00","M/C","2","00"
"HT","2874150007","20260317","0900","20.00","4100","HTA1",NULL,NULL,NULL,"WF0000","2026-03-13 00:00:00","20260317","2000","QC8-1148-000","000","M699","100.00","M/C","2","00"
"HT","2874150007","20260317","0900","20.00","4100","HTA1",NULL,NULL,NULL,"WF0000","2026-03-13 00:00:00","20260317","2100","QC8-1148-000","000","M699","100.00","M/C","2","00"
"HT","2874150007","20260317","0900","20.00","4100","HTA1",NULL,NULL,NULL,"WF0000","2026-03-13 00:00:00","20260317","2200","QC8-1148-000","000","M699","100.00","M/C","2","00"
"HT","2874150007","20260317","0900","20.00","4100","HTA1",NULL,NULL,NULL,"WF0000","2026-03-13 00:00:00","20260318","0100","QC8-1148-000","000","M699","100.00","M/C","2","00"
"HT","2879790008","20260318","1100","4.00","2300","MHA1",NULL,NULL,NULL,"WF0000","2026-03-13 00:00:00","20260318","1100","FE3-9694-000","000","P181","100.00","M/C","3","00"
"HT","2879930001","20260318","1100","10.00","2300","MHA1",NULL,NULL,NULL,"WF0000","2026-03-13 00:00:00","20260318","1100","FL0-2101-000","000","P181","100.00","M/C","3","00"
"HT","2879930001","20260318","1100","10.00","2300","MHA1",NULL,NULL,NULL,"WF0000","2026-03-13 00:00:00","20260318","1300","FL0-2101-000","000","P181","100.00","M/C","3","00"
"HT","2879930001","20260318","1100","10.00","2300","MHA1",NULL,NULL,NULL,"WF0000","2026-03-13 00:00:00","20260318","1600","FL0-2101-000","000","P181","100.00","M/C","3","00"
"HT","2879930001","20260318","1100","10.00","2300","MHA1",NULL,NULL,NULL,"WF0000","2026-03-13 00:00:00","20260319","0100","FL0-2101-000","000","P181","100.00","M/C","3","00"
"HT","2879930001","20260318","1100","10.00","2300","MHA1",NULL,NULL,NULL,"WF0000","2026-03-13 00:00:00","20260319","0200","FL0-2101-000","000","P181","100.00","M/C","3","00"
"HT","2879930001","20260318","1100","20.00","2300","MHA1",NULL,NULL,NULL,"WF0000","2026-03-13 00:00:00","20260318","1400","FL0-2101-000","000","P181","100.00","M/C","3","00"
"HT","2881220003","20260318","1500","100.00","4100","HTA1",NULL,NULL,NULL,"WF0000","2026-03-13 00:00:00","20260318","1100","QC7-8633-000","000","R200","100.00","M/C","3","00"
"HT","2881230000","20260318","1500","20.00","4100","MHA1",NULL,NULL,NULL,"WF0000","2026-03-13 00:00:00","20260318","0900","QC7-9055-000","000","R200","100.00","M/C","3","00"
"HT","2881230000","20260318","1500","20.00","4100","MHA1",NULL,NULL,NULL,"WF0000","2026-03-13 00:00:00","20260319","0100","QC7-9055-000","000","R200","100.00","M/C","3","00"
"HT","2881240006","20260318","1500","20.00","4100","MHA6",NULL,NULL,NULL,"WF0000","2026-03-13 00:00:00","20260318","1600","QC8-1070-000","000","R200","100.00","M/C","3","00"
"HT","2881250002","20260318","1500","20.00","4100","MHA6",NULL,NULL,NULL,"WF0000","2026-03-13 00:00:00","20260318","2000","QC8-1071-000","000","R200","100.00","M/C","3","00"
"HT","2881270005","20260318","1500","20.00","4100","MHA6",NULL,NULL,NULL,"WF0000","2026-03-13 00:00:00","20260318","1500","QC8-1085-000","000","R200","100.00","M/C","3","00"
"HT","2881270005","20260318","1500","20.00","4100","MHA6",NULL,NULL,NULL,"WF0000","2026-03-13 00:00:00","20260318","2000","QC8-1085-000","000","R200","100.00","M/C","3","00"
"HT","2881270005","20260318","1500","20.00","4100","MHA6",NULL,NULL,NULL,"WF0000","2026-03-13 00:00:00","20260319","0900","QC8-1085-000","000","R200","100.00","M/C","3","00"
"HT","2881280001","20260318","1500","20.00","4100","MHA6",NULL,NULL,NULL,"WF0000","2026-03-13 00:00:00","20260318","1500","QC8-1087-000","000","R200","100.00","M/C","3","00"
"HT","2881280001","20260318","1500","20.00","4100","MHA6",NULL,NULL,NULL,"WF0000","2026-03-13 00:00:00","20260318","2100","QC8-1087-000","000","R200","100.00","M/C","3","00"
"HT","2881280001","20260318","1500","20.00","4100","MHA6",NULL,NULL,NULL,"WF0000","2026-03-13 00:00:00","20260319","0900","QC8-1087-000","000","R200","100.00","M/C","3","00"
"HT","2881290008","20260318","1500","4.00","4100","MHA6",NULL,NULL,NULL,"WF0000","2026-03-13 00:00:00","20260318","2000","QC8-1165-000","000","R200","100.00","M/C","3","00"
"HT","2881290008","20260318","1500","4.00","4100","MHA6",NULL,NULL,NULL,"WF0000","2026-03-13 00:00:00","20260319","0400","QC8-1165-000","000","R200","100.00","M/C","3","00"
"HT","2881290008","20260318","1500","4.00","4100","MHA6",NULL,NULL,NULL,"WF0000","2026-03-13 00:00:00","20260319","0900","QC8-1165-000","000","R200","100.00","M/C","3","00"
"HT","2881290008","20260318","1500","8.00","4100","MHA6",NULL,NULL,NULL,"WF0000","2026-03-13 00:00:00","20260318","2300","QC8-1165-000","000","R200","100.00","M/C","3","00"
"HT","2881300006","20260318","1500","8.00","4100","MHA6",NULL,NULL,NULL,"WF0000","2026-03-13 00:00:00","20260318","2300","QC8-1169-000","000","R200","100.00","M/C","3","00"
"HT","2881300006","20260318","1500","8.00","4100","MHA6",NULL,NULL,NULL,"WF0000","2026-03-13 00:00:00","20260319","0800","QC8-1169-000","000","R200","100.00","M/C","3","00"
"HT","2881410008","20260318","1500","10.00","4100","HTA1",NULL,NULL,NULL,"WF0000","2026-03-13 00:00:00","20260319","0100","QD1-1731-000","000","R200","100.00","M/C","3","00"
"HT","2881410008","20260318","1500","10.00","4100","HTA1",NULL,NULL,NULL,"WF0000","2026-03-13 00:00:00","20260319","0300","QD1-1731-000","000","R200","100.00","M/C","3","00"
"HT","2881410008","20260318","1500","10.00","4100","HTA1",NULL,NULL,NULL,"WF0000","2026-03-13 00:00:00","20260319","0400","QD1-1731-000","000","R200","100.00","M/C","3","00"
"HT","2881410008","20260318","1500","10.00","4100","HTA1",NULL,NULL,NULL,"WF0000","2026-03-13 00:00:00","20260319","0800","QD1-1731-000","000","R200","100.00","M/C","3","00"
"HT","2881410008","20260318","1500","10.00","4100","HTA1",NULL,NULL,NULL,"WF0000","2026-03-13 00:00:00","20260319","1000","QD1-1731-000","000","R200","100.00","M/C","3","00"
"HT","2881410008","20260318","1500","10.00","4100","HTA1",NULL,NULL,NULL,"WF0000","2026-03-13 00:00:00","20260319","1100","QD1-1731-000","000","R200","100.00","M/C","3","00"
"HT","2881410008","20260318","1500","10.00","4100","HTA1",NULL,NULL,NULL,"WF0000","2026-03-13 00:00:00","20260319","1400","QD1-1731-000","000","R200","100.00","M/C","3","00"
"HT","2881430001","20260318","1500","10.00","4100","HTA1",NULL,NULL,NULL,"WF0000","2026-03-13 00:00:00","20260319","0100","QD1-1732-000","000","R200","100.00","M/C","3","00"
"HT","2881430001","20260318","1500","10.00","4100","HTA1",NULL,NULL,NULL,"WF0000","2026-03-13 00:00:00","20260319","0300","QD1-1732-000","000","R200","100.00","M/C","3","00"
"HT","2881430001","20260318","1500","10.00","4100","HTA1",NULL,NULL,NULL,"WF0000","2026-03-13 00:00:00","20260319","0400","QD1-1732-000","000","R200","100.00","M/C","3","00"
"HT","2881430001","20260318","1500","10.00","4100","HTA1",NULL,NULL,NULL,"WF0000","2026-03-13 00:00:00","20260319","0800","QD1-1732-000","000","R200","100.00","M/C","3","00"
"HT","2881430001","20260318","1500","10.00","4100","HTA1",NULL,NULL,NULL,"WF0000","2026-03-13 00:00:00","20260319","1000","QD1-1732-000","000","R200","100.00","M/C","3","00"
"HT","2881430001","20260318","1500","10.00","4100","HTA1",NULL,NULL,NULL,"WF0000","2026-03-13 00:00:00","20260319","1100","QD1-1732-000","000","R200","100.00","M/C","3","00"
"HT","2881430001","20260318","1500","10.00","4100","HTA1",NULL,NULL,NULL,"WF0000","2026-03-13 00:00:00","20260319","1400","QD1-1732-000","000","R200","100.00","M/C","3","00"
"HT","2881450003","20260318","1500","10.00","4100","HTA1",NULL,NULL,NULL,"WF0000","2026-03-13 00:00:00","20260319","1000","QD1-1733-000","000","R200","100.00","M/C","3","00"
"HT","2881450003","20260318","1500","10.00","4100","HTA1",NULL,NULL,NULL,"WF0000","2026-03-13 00:00:00","20260319","1100","QD1-1733-000","000","R200","100.00","M/C","3","00"
"HT","2881450003","20260318","1500","10.00","4100","HTA1",NULL,NULL,NULL,"WF0000","2026-03-13 00:00:00","20260319","1300","QD1-1733-000","000","R200","100.00","M/C","3","00"
"HT","2881450003","20260318","1500","10.00","4100","HTA1",NULL,NULL,NULL,"WF0000","2026-03-13 00:00:00","20260319","1400","QD1-1733-000","000","R200","100.00","M/C","3","00"
"HT","2882430005","20260317","0900","40.00","4100","MHA1",NULL,NULL,NULL,"WF0000","2026-03-13 00:00:00","20260317","0900","QC4-9109-000","000","S811","100.00","M/C","2","00"
"HT","2882430005","20260317","0900","40.00","4100","MHA1",NULL,NULL,NULL,"WF0000","2026-03-13 00:00:00","20260317","1100","QC4-9109-000","000","S811","100.00","M/C","2","00"
"HT","2882430005","20260317","1500","40.00","4100","MHA1",NULL,NULL,NULL,"WF0000","2026-03-13 00:00:00","20260317","1600","QC4-9109-000","000","S811","100.00","M/C","2","00"
"HT","2882430005","20260317","1500","40.00","4100","MHA1",NULL,NULL,NULL,"WF0000","2026-03-13 00:00:00","20260317","2100","QC4-9109-000","000","S811","100.00","M/C","2","00"
"HT","2883250001","20260317","0900","10.00","4100","HTA1",NULL,NULL,NULL,"WF0000","2026-03-13 00:00:00","20260317","1000","QC6-3405-000","000","S811","100.00","M/C","2","00"
"HT","2883250001","20260317","0900","10.00","4100","HTA1",NULL,NULL,NULL,"WF0000","2026-03-13 00:00:00","20260317","1100","QC6-3405-000","000","S811","100.00","M/C","2","00"
"HT","2883250001","20260317","0900","10.00","4100","HTA1",NULL,NULL,NULL,"WF0000","2026-03-13 00:00:00","20260317","1300","QC6-3405-000","000","S811","100.00","M/C","2","00"
"HT","2883250001","20260317","0900","20.00","4100","HTA1",NULL,NULL,NULL,"WF0000","2026-03-13 00:00:00","20260317","1400","QC6-3405-000","000","S811","100.00","M/C","2","00"
"HT","2883250001","20260317","0900","30.00","4100","HTA1",NULL,NULL,NULL,"WF0000","2026-03-13 00:00:00","20260317","0900","QC6-3405-000","000","S811","100.00","M/C","2","00"
"HT","2883250001","20260317","1500","10.00","4100","HTA1",NULL,NULL,NULL,"WF0000","2026-03-13 00:00:00","20260317","1500","QC6-3405-000","000","S811","100.00","M/C","2","00"
"HT","2883250001","20260317","1500","10.00","4100","HTA1",NULL,NULL,NULL,"WF0000","2026-03-13 00:00:00","20260317","1600","QC6-3405-000","000","S811","100.00","M/C","2","00"
"HT","2883250001","20260317","1500","10.00","4100","HTA1",NULL,NULL,NULL,"WF0000","2026-03-13 00:00:00","20260317","2000","QC6-3405-000","000","S811","100.00","M/C","2","00"
"HT","2883250001","20260317","1500","10.00","4100","HTA1",NULL,NULL,NULL,"WF0000","2026-03-13 00:00:00","20260317","2200","QC6-3405-000","000","S811","100.00","M/C","2","00"
"HT","2883260008","20260317","0900","10.00","4100","MHA1",NULL,NULL,NULL,"WF0000","2026-03-13 00:00:00","20260317","1000","QC6-3431-000","000","S811","100.00","M/C","2","00"
"HT","2883260008","20260317","0900","10.00","4100","MHA1",NULL,NULL,NULL,"WF0000","2026-03-13 00:00:00","20260317","1100","QC6-3431-000","000","S811","100.00","M/C","2","00"
"HT","2883260008","20260317","0900","15.00","4100","MHA1",NULL,NULL,NULL,"WF0000","2026-03-13 00:00:00","20260317","1300","QC6-3431-000","000","S811","100.00","M/C","2","00"
"HT","2883260008","20260317","0900","15.00","4100","MHA1",NULL,NULL,NULL,"WF0000","2026-03-13 00:00:00","20260317","1400","QC6-3431-000","000","S811","100.00","M/C","2","00"
"HT","2883260008","20260317","0900","30.00","4100","MHA1",NULL,NULL,NULL,"WF0000","2026-03-13 00:00:00","20260317","0900","QC6-3431-000","000","S811","100.00","M/C","2","00"
"HT","2883260008","20260317","1500","5.00","4100","MHA1",NULL,NULL,NULL,"WF0000","2026-03-13 00:00:00","20260317","2200","QC6-3431-000","000","S811","100.00","M/C","2","00"
"HT","2883260008","20260317","1500","10.00","4100","MHA1",NULL,NULL,NULL,"WF0000","2026-03-13 00:00:00","20260317","1500","QC6-3431-000","000","S811","100.00","M/C","2","00"
"HT","2883260008","20260317","1500","10.00","4100","MHA1",NULL,NULL,NULL,"WF0000","2026-03-13 00:00:00","20260317","1600","QC6-3431-000","000","S811","100.00","M/C","2","00"
"HT","2883260008","20260317","1500","15.00","4100","MHA1",NULL,NULL,NULL,"WF0000","2026-03-13 00:00:00","20260317","2000","QC6-3431-000","000","S811","100.00","M/C","2","00"
"HT","2884010000","20260317","0900","20.00","4100","HTA1",NULL,NULL,NULL,"WF0000","2026-03-13 00:00:00","20260317","1000","QD1-1227-000","000","S811","100.00","M/C","2","00"
"HT","2884010000","20260317","0900","20.00","4100","HTA1",NULL,NULL,NULL,"WF0000","2026-03-13 00:00:00","20260317","1100","QD1-1227-000","000","S811","100.00","M/C","2","00"
"HT","2884010000","20260317","0900","20.00","4100","HTA1",NULL,NULL,NULL,"WF0000","2026-03-13 00:00:00","20260317","1300","QD1-1227-000","000","S811","100.00","M/C","2","00"
"HT","2884010000","20260317","0900","40.00","4100","HTA1",NULL,NULL,NULL,"WF0000","2026-03-13 00:00:00","20260317","1400","QD1-1227-000","000","S811","100.00","M/C","2","00"
"HT","2884010000","20260317","0900","60.00","4100","HTA1",NULL,NULL,NULL,"WF0000","2026-03-13 00:00:00","20260317","0900","QD1-1227-000","000","S811","100.00","M/C","2","00"
"HT","2884010000","20260317","1500","20.00","4100","HTA1",NULL,NULL,NULL,"WF0000","2026-03-13 00:00:00","20260317","1500","QD1-1227-000","000","S811","100.00","M/C","2","00"
"HT","2884010000","20260317","1500","20.00","4100","HTA1",NULL,NULL,NULL,"WF0000","2026-03-13 00:00:00","20260317","1600","QD1-1227-000","000","S811","100.00","M/C","2","00"
"HT","2884010000","20260317","1500","20.00","4100","HTA1",NULL,NULL,NULL,"WF0000","2026-03-13 00:00:00","20260317","2000","QD1-1227-000","000","S811","100.00","M/C","2","00"
"HT","2884010000","20260317","1500","20.00","4100","HTA1",NULL,NULL,NULL,"WF0000","2026-03-13 00:00:00","20260317","2200","QD1-1227-000","000","S811","100.00","M/C","2","00"
"HT","2891710008","20260317","1300","2.00","2100","HTA1",NULL,NULL,NULL,"WF0000","2026-03-13 00:00:00","20260317","1400","QX2-7787-000","000","SACP","100.00","M/C","2","00"
"HT","2891710008","20260317","1500","5.00","2100","HTA1",NULL,NULL,NULL,"WF0000","2026-03-13 00:00:00","20260317","1500","QX2-7787-000","000","SACP","100.00","M/C","2","00"
"HT","2891710008","20260317","2300","2.00","2100","HTA1",NULL,NULL,NULL,"WF0000","2026-03-13 00:00:00","20260318","0400","QX2-7787-000","000","SACP","100.00","M/C","2","00"
"HT","2898420000","20260318","1300","10.00","4100","MHA6",NULL,NULL,NULL,"WF0000","2026-03-13 00:00:00","20260318","1100","QC5-9382-000","000","SBAA","100.00","M/C","3","00"
"HT","2898420000","20260318","1300","10.00","4100","MHA6",NULL,NULL,NULL,"WF0000","2026-03-13 00:00:00","20260318","1300","QC5-9382-000","000","SBAA","100.00","M/C","3","00"
"HT","2898420000","20260318","1300","10.00","4100","MHA6",NULL,NULL,NULL,"WF0000","2026-03-13 00:00:00","20260318","1400","QC5-9382-000","000","SBAA","100.00","M/C","3","00"
"HT","2898420000","20260318","1300","10.00","4100","MHA6",NULL,NULL,NULL,"WF0000","2026-03-13 00:00:00","20260318","1500","QC5-9382-000","000","SBAA","100.00","M/C","3","00"
"HT","2898420000","20260318","1300","10.00","4100","MHA6",NULL,NULL,NULL,"WF0000","2026-03-13 00:00:00","20260318","1600","QC5-9382-000","000","SBAA","100.00","M/C","3","00"
"HT","2898420000","20260318","1300","10.00","4100","MHA6",NULL,NULL,NULL,"WF0000","2026-03-13 00:00:00","20260318","2000","QC5-9382-000","000","SBAA","100.00","M/C","3","00"
"HT","2898510009","20260318","1300","240.00","4100","MHA1",NULL,NULL,NULL,"WF0000","2026-03-13 00:00:00","20260319","0100","QC7-8009-000","000","SBAA","100.00","M/C","3","00"
"HT","2898540008","20260318","1300","200.00","4100","MHA1",NULL,NULL,NULL,"WF0000","2026-03-13 00:00:00","20260318","0900","QC7-8074-000","000","SBAA","100.00","M/C","3","00"
"HT","2898580003","20260318","1300","10.00","4100","HTA1",NULL,NULL,NULL,"WF0000","2026-03-13 00:00:00","20260318","0900","QC7-8155-000","000","SBAA","100.00","M/C","3","00"
"HT","2898580003","20260318","1300","10.00","4100","HTA1",NULL,NULL,NULL,"WF0000","2026-03-13 00:00:00","20260318","1100","QC7-8155-000","000","SBAA","100.00","M/C","3","00"
"HT","2898610004","20260318","1300","10.00","4100","MHA1",NULL,NULL,NULL,"WF0000","2026-03-13 00:00:00","20260318","1400","QC8-1017-000","000","SBAA","100.00","M/C","3","00"
"HT","2898610004","20260318","1300","10.00","4100","MHA1",NULL,NULL,NULL,"WF0000","2026-03-13 00:00:00","20260318","1500","QC8-1017-000","000","SBAA","100.00","M/C","3","00"
"HT","2898610004","20260318","1300","10.00","4100","MHA1",NULL,NULL,NULL,"WF0000","2026-03-13 00:00:00","20260318","1600","QC8-1017-000","000","SBAA","100.00","M/C","3","00"
"HT","2898610004","20260318","1300","10.00","4100","MHA1",NULL,NULL,NULL,"WF0000","2026-03-13 00:00:00","20260318","2000","QC8-1017-000","000","SBAA","100.00","M/C","3","00"
"HT","2898610004","20260318","1300","10.00","4100","MHA1",NULL,NULL,NULL,"WF0000","2026-03-13 00:00:00","20260318","2100","QC8-1017-000","000","SBAA","100.00","M/C","3","00"
"HT","2909860001","20260318","0900","40.00","4100","HTA1",NULL,NULL,NULL,"WF0000","2026-03-13 00:00:00","20260318","0900","QC5-6071-000","000","X411","100.00","M/C","3","00"
"HT","2909860001","20260318","0900","40.00","4100","HTA1",NULL,NULL,NULL,"WF0000","2026-03-13 00:00:00","20260318","1000","QC5-6071-000","000","X411","100.00","M/C","3","00"
"HT","2909860001","20260318","0900","40.00","4100","HTA1",NULL,NULL,NULL,"WF0000","2026-03-13 00:00:00","20260318","1300","QC5-6071-000","000","X411","100.00","M/C","3","00"
"HT","2909860001","20260318","0900","40.00","4100","HTA1",NULL,NULL,NULL,"WF0000","2026-03-13 00:00:00","20260318","1500","QC5-6071-000","000","X411","100.00","M/C","3","00"
"HT","2909860001","20260318","0900","40.00","4100","HTA1",NULL,NULL,NULL,"WF0000","2026-03-13 00:00:00","20260318","1600","QC5-6071-000","000","X411","100.00","M/C","3","00"
"HT","2909860001","20260318","0900","40.00","4100","HTA1",NULL,NULL,NULL,"WF0000","2026-03-13 00:00:00","20260318","2100","QC5-6071-000","000","X411","100.00","M/C","3","00"
"HT","2909860001","20260318","0900","40.00","4100","HTA1",NULL,NULL,NULL,"WF0000","2026-03-13 00:00:00","20260318","2300","QC5-6071-000","000","X411","100.00","M/C","3","00"
"HT","2909860001","20260318","0900","40.00","4100","HTA1",NULL,NULL,NULL,"WF0000","2026-03-13 00:00:00","20260319","0200","QC5-6071-000","000","X411","100.00","M/C","3","00"
"HT","2909860001","20260318","0900","40.00","4100","HTA1",NULL,NULL,NULL,"WF0000","2026-03-13 00:00:00","20260319","0300","QC5-6071-000","000","X411","100.00","M/C","3","00"
"HT","2909860001","20260318","0900","40.00","4100","HTA1",NULL,NULL,NULL,"WF0000","2026-03-13 00:00:00","20260319","0800","QC5-6071-000","000","X411","100.00","M/C","3","00"
"HT","2909870008","20260318","0900","40.00","4100","HTA1",NULL,NULL,NULL,"WF0000","2026-03-13 00:00:00","20260318","0900","QC5-6081-000","000","X411","100.00","M/C","3","00"
"HT","2909870008","20260318","0900","40.00","4100","HTA1",NULL,NULL,NULL,"WF0000","2026-03-13 00:00:00","20260318","1300","QC5-6081-000","000","X411","100.00","M/C","3","00"
"HT","2909870008","20260318","0900","40.00","4100","HTA1",NULL,NULL,NULL,"WF0000","2026-03-13 00:00:00","20260318","2000","QC5-6081-000","000","X411","100.00","M/C","3","00"
"HT","2909870008","20260318","0900","40.00","4100","HTA1",NULL,NULL,NULL,"WF0000","2026-03-13 00:00:00","20260318","2300","QC5-6081-000","000","X411","100.00","M/C","3","00"
"HT","2909870008","20260318","0900","40.00","4100","HTA1",NULL,NULL,NULL,"WF0000","2026-03-13 00:00:00","20260319","0400","QC5-6081-000","000","X411","100.00","M/C","3","00"
"HT","2909880004","20260318","0900","40.00","4100","HTA1",NULL,NULL,NULL,"WF0000","2026-03-13 00:00:00","20260318","1100","QC5-6088-000","000","X411","100.00","M/C","3","00"
"HT","2909880004","20260318","0900","40.00","4100","HTA1",NULL,NULL,NULL,"WF0000","2026-03-13 00:00:00","20260318","1500","QC5-6088-000","000","X411","100.00","M/C","3","00"
"HT","2909880004","20260318","0900","40.00","4100","HTA1",NULL,NULL,NULL,"WF0000","2026-03-13 00:00:00","20260318","2200","QC5-6088-000","000","X411","100.00","M/C","3","00"
"HT","2909880004","20260318","0900","40.00","4100","HTA1",NULL,NULL,NULL,"WF0000","2026-03-13 00:00:00","20260319","0200","QC5-6088-000","000","X411","100.00","M/C","3","00"
"HT","2910490001","20260318","1600","400.00","2100","MHA1",NULL,NULL,NULL,"WF0000","2026-03-13 00:00:00","20260319","1500","QC6-6799-000","000","X411","100.00","M/C","3","01"
"HT","2910580001","20260318","1600","400.00","2100","MHA1",NULL,NULL,NULL,"WF0000","2026-03-13 00:00:00","20260318","2300","QC6-6964-000","000","X411","100.00","M/C","3","01"
"HT","2910630004","20260318","0900","200.00","2100","MHA1",NULL,NULL,NULL,"WF0000","2026-03-13 00:00:00","20260318","2300","QC6-9425-000","000","X411","100.00","M/C","3","00"
"HT","2915610004","20260317","1300","160.00","4100","MHA6",NULL,NULL,NULL,"WF0000","2026-03-13 00:00:00","20260317","2100","QC5-9948-000","000","C060","100.00","M/C","2","00"
"HT","2923410008","20260318","0900","20.00","2300","MHA1",NULL,NULL,NULL,"WF0000","2026-03-13 00:00:00","20260318","1100","FE3-7369-000","000","K624","100.00","M/C","3","00"
"HT","2923410008","20260318","1400","20.00","2300","MHA1",NULL,NULL,NULL,"WF0000","2026-03-13 00:00:00","20260318","1400","FE3-7369-000","000","K624","100.00","M/C","3","00"
"HT","2924230004","20260318","0900","100.00","4100","MHA6",NULL,NULL,NULL,"WF0000","2026-03-13 00:00:00","20260318","0900","QC8-1264-000","000","K624","100.00","M/C","3","00"
"HT","2924770007","20260318","0800","2.00","2300","MHA1",NULL,NULL,NULL,"WF0000","2026-03-13 00:00:00","20260318","0800","FX2-5823-000","000","L204","100.00","M/C","3","00"
"HT","2925950000","20260318","0900","20.00","4100","HTA1",NULL,NULL,NULL,"WF0000","2026-03-13 00:00:00","20260318","0900","QC4-9122-000","000","M411","100.00","M/C","3","00"
"HT","2925950000","20260318","0900","20.00","4100","HTA1",NULL,NULL,NULL,"WF0000","2026-03-13 00:00:00","20260318","1100","QC4-9122-000","000","M411","100.00","M/C","3","00"
"HT","2925950000","20260318","0900","20.00","4100","HTA1",NULL,NULL,NULL,"WF0000","2026-03-13 00:00:00","20260318","1300","QC4-9122-000","000","M411","100.00","M/C","3","00"
"HT","2925950000","20260318","0900","30.00","4100","HTA1",NULL,NULL,NULL,"WF0000","2026-03-13 00:00:00","20260318","1000","QC4-9122-000","000","M411","100.00","M/C","3","00"
"HT","2925950000","20260318","0900","30.00","4100","HTA1",NULL,NULL,NULL,"WF0000","2026-03-13 00:00:00","20260318","1400","QC4-9122-000","000","M411","100.00","M/C","3","00"
"HT","2925950000","20260318","1500","10.00","4100","HTA1",NULL,NULL,NULL,"WF0000","2026-03-13 00:00:00","20260318","2000","QC4-9122-000","000","M411","100.00","M/C","3","00"
"HT","2925950000","20260318","1500","10.00","4100","HTA1",NULL,NULL,NULL,"WF0000","2026-03-13 00:00:00","20260319","0800","QC4-9122-000","000","M411","100.00","M/C","3","00"
"HT","2925950000","20260318","1500","20.00","4100","HTA1",NULL,NULL,NULL,"WF0000","2026-03-13 00:00:00","20260318","1600","QC4-9122-000","000","M411","100.00","M/C","3","00"
"HT","2925960006","20260318","0900","20.00","4100","HTA1",NULL,NULL,NULL,"WF0000","2026-03-13 00:00:00","20260318","1000","QC4-9123-000","000","M411","100.00","M/C","3","00"
"HT","2925960006","20260318","0900","20.00","4100","HTA1",NULL,NULL,NULL,"WF0000","2026-03-13 00:00:00","20260318","1100","QC4-9123-000","000","M411","100.00","M/C","3","00"
"HT","2925960006","20260318","0900","20.00","4100","HTA1",NULL,NULL,NULL,"WF0000","2026-03-13 00:00:00","20260318","1300","QC4-9123-000","000","M411","100.00","M/C","3","00"
"HT","2925960006","20260318","0900","30.00","4100","HTA1",NULL,NULL,NULL,"WF0000","2026-03-13 00:00:00","20260318","0900","QC4-9123-000","000","M411","100.00","M/C","3","00"
"HT","2925960006","20260318","0900","30.00","4100","HTA1",NULL,NULL,NULL,"WF0000","2026-03-13 00:00:00","20260318","1400","QC4-9123-000","000","M411","100.00","M/C","3","00"
"HT","2925960006","20260318","1500","10.00","4100","HTA1",NULL,NULL,NULL,"WF0000","2026-03-13 00:00:00","20260318","2000","QC4-9123-000","000","M411","100.00","M/C","3","00"
"HT","2925960006","20260318","1500","10.00","4100","HTA1",NULL,NULL,NULL,"WF0000","2026-03-13 00:00:00","20260319","0800","QC4-9123-000","000","M411","100.00","M/C","3","00"
"HT","2925960006","20260318","1500","20.00","4100","HTA1",NULL,NULL,NULL,"WF0000","2026-03-13 00:00:00","20260318","1600","QC4-9123-000","000","M411","100.00","M/C","3","00"
"HT","2925970002","20260318","0900","20.00","4100","MHA1",NULL,NULL,NULL,"WF0000","2026-03-13 00:00:00","20260318","0800","QC4-9124-000","000","M411","100.00","M/C","3","00"
"HT","2925970002","20260318","0900","40.00","4100","MHA1",NULL,NULL,NULL,"WF0000","2026-03-13 00:00:00","20260318","1100","QC4-9124-000","000","M411","100.00","M/C","3","00"
"HT","2925970002","20260318","0900","60.00","4100","MHA1",NULL,NULL,NULL,"WF0000","2026-03-13 00:00:00","20260318","0900","QC4-9124-000","000","M411","100.00","M/C","3","00"
"HT","2925970002","20260318","0900","60.00","4100","MHA1",NULL,NULL,NULL,"WF0000","2026-03-13 00:00:00","20260318","1000","QC4-9124-000","000","M411","100.00","M/C","3","00"
"HT","2925970002","20260318","0900","60.00","4100","MHA1",NULL,NULL,NULL,"WF0000","2026-03-13 00:00:00","20260318","1300","QC4-9124-000","000","M411","100.00","M/C","3","00"
"HT","2925970002","20260318","0900","80.00","4100","MHA1",NULL,NULL,NULL,"WF0000","2026-03-13 00:00:00","20260318","1400","QC4-9124-000","000","M411","100.00","M/C","3","00"
"HT","2925970002","20260318","1500","20.00","4100","MHA1",NULL,NULL,NULL,"WF0000","2026-03-13 00:00:00","20260318","1500","QC4-9124-000","000","M411","100.00","M/C","3","00"
"HT","2925970002","20260318","1500","40.00","4100","MHA1",NULL,NULL,NULL,"WF0000","2026-03-13 00:00:00","20260318","1600","QC4-9124-000","000","M411","100.00","M/C","3","00"
"HT","2925970002","20260318","1500","40.00","4100","MHA1",NULL,NULL,NULL,"WF0000","2026-03-13 00:00:00","20260318","2000","QC4-9124-000","000","M411","100.00","M/C","3","00"
"HT","2926010000","20260318","0900","20.00","4100","MHA6",NULL,NULL,NULL,"WF0000","2026-03-13 00:00:00","20260318","0800","QC4-9474-000","000","M411","100.00","M/C","3","00"
"HT","2926010000","20260318","0900","20.00","4100","MHA6",NULL,NULL,NULL,"WF0000","2026-03-13 00:00:00","20260318","1000","QC4-9474-000","000","M411","100.00","M/C","3","00"
"HT","2927970001","20260318","0900","5.00","2300","MHA1",NULL,NULL,NULL,"WF0000","2026-03-13 00:00:00","20260318","1300","FE3-6602-000","000","M699","100.00","M/C","3","00"
"HT","2927970001","20260318","0900","10.00","2300","MHA1",NULL,NULL,NULL,"WF0000","2026-03-13 00:00:00","20260318","0900","FE3-6602-000","000","M699","100.00","M/C","3","00"
"HT","2928200003","20260318","0900","5.00","2300","MHA1",NULL,NULL,NULL,"WF0000","2026-03-13 00:00:00","20260318","1600","FE8-4351-000","000","M699","100.00","M/C","3","00"
"HT","2928200003","20260318","0900","10.00","2300","MHA1",NULL,NULL,NULL,"WF0000","2026-03-13 00:00:00","20260318","1000","FE8-4351-000","000","M699","100.00","M/C","3","00"
"HT","2933370004","20260318","1100","12.00","2300","MHA1",NULL,NULL,NULL,"WF0000","2026-03-13 00:00:00","20260318","1000","FE3-6578-000","000","P181","100.00","M/C","3","00"
"HT","2933370004","20260318","1100","12.00","2300","MHA1",NULL,NULL,NULL,"WF0000","2026-03-13 00:00:00","20260318","1100","FE3-6578-000","000","P181","100.00","M/C","3","00"
"HT","2933370004","20260318","1100","12.00","2300","MHA1",NULL,NULL,NULL,"WF0000","2026-03-13 00:00:00","20260318","1300","FE3-6578-000","000","P181","100.00","M/C","3","00"
"HT","2933370004","20260318","1100","12.00","2300","MHA1",NULL,NULL,NULL,"WF0000","2026-03-13 00:00:00","20260318","1400","FE3-6578-000","000","P181","100.00","M/C","3","00"
"HT","2933370004","20260318","1100","12.00","2300","MHA1",NULL,NULL,NULL,"WF0000","2026-03-13 00:00:00","20260318","1500","FE3-6578-000","000","P181","100.00","M/C","3","00"
"HT","2933370004","20260318","1100","12.00","2300","MHA1",NULL,NULL,NULL,"WF0000","2026-03-13 00:00:00","20260318","1600","FE3-6578-000","000","P181","100.00","M/C","3","00"
"HT","2933370004","20260318","1100","12.00","2300","MHA1",NULL,NULL,NULL,"WF0000","2026-03-13 00:00:00","20260318","2200","FE3-6578-000","000","P181","100.00","M/C","3","00"
"HT","2933370004","20260318","1100","12.00","2300","MHA1",NULL,NULL,NULL,"WF0000","2026-03-13 00:00:00","20260318","2300","FE3-6578-000","000","P181","100.00","M/C","3","00"
"HT","2933370004","20260318","1100","12.00","2300","MHA1",NULL,NULL,NULL,"WF0000","2026-03-13 00:00:00","20260319","0100","FE3-6578-000","000","P181","100.00","M/C","3","00"
"HT","2933470000","20260318","1100","100.00","2300","MHA1",NULL,NULL,NULL,"WF0000","2026-03-13 00:00:00","20260318","1600","FE3-9729-000","000","P181","100.00","M/C","3","00"
"HT","2934670005","20260318","1100","10.00","4100","HTA1",NULL,NULL,NULL,"WF0000","2026-03-13 00:00:00","20260318","2200","QX2-5859-000","000","P377","100.00","M/C","3","00"
"HT","2934670005","20260318","1100","12.00","4100","HTA1",NULL,NULL,NULL,"WF0000","2026-03-13 00:00:00","20260318","2100","QX2-5859-000","000","P377","100.00","M/C","3","00"
"HT","2934670005","20260318","1100","15.00","4100","HTA1",NULL,NULL,NULL,"WF0000","2026-03-13 00:00:00","20260318","2000","QX2-5859-000","000","P377","100.00","M/C","3","00"
"HT","2934670005","20260318","2300","7.00","4100","HTA1",NULL,NULL,NULL,"WF0000","2026-03-13 00:00:00","20260318","2300","QX2-5859-000","000","P377","100.00","M/C","3","00"
"HT","2934680001","20260318","1100","6.00","4100","MHA1",NULL,NULL,NULL,"WF0000","2026-03-13 00:00:00","20260318","1500","QX2-5860-000","000","P377","100.00","M/C","3","00"
"HT","2934680001","20260318","1100","7.00","4100","MHA1",NULL,NULL,NULL,"WF0000","2026-03-13 00:00:00","20260318","1100","QX2-5860-000","000","P377","100.00","M/C","3","00"
"HT","2934680001","20260318","1100","7.00","4100","MHA1",NULL,NULL,NULL,"WF0000","2026-03-13 00:00:00","20260318","1600","QX2-5860-000","000","P377","100.00","M/C","3","00"
"HT","2935010009","20260318","1500","20.00","2100","MHA1",NULL,NULL,NULL,"WF0000","2026-03-13 00:00:00","20260319","0800","QC6-6882-000","000","R200","100.00","M/C","3","00"
"HT","2935120001","20260318","1500","8.00","4100","HTA1",NULL,NULL,NULL,"WF0000","2026-03-13 00:00:00","20260319","1300","QC8-1171-000","000","R200","100.00","M/C","3","00"
"HT","2935120001","20260318","1500","16.00","4100","HTA1",NULL,NULL,NULL,"WF0000","2026-03-13 00:00:00","20260319","0200","QC8-1171-000","000","R200","100.00","M/C","3","00"
"HT","2935120001","20260318","1500","16.00","4100","HTA1",NULL,NULL,NULL,"WF0000","2026-03-13 00:00:00","20260319","1400","QC8-1171-000","000","R200","100.00","M/C","3","00"
"HT","2935260001","20260318","1500","20.00","4100","MHA1",NULL,NULL,NULL,"WF0000","2026-03-13 00:00:00","20260318","2100","QD1-2784-000","000","R200","100.00","M/C","3","00"
"HT","2936960004","20260317","0900","20.00","4100","MHA6",NULL,NULL,NULL,"WF0000","2026-03-13 00:00:00","20260317","1100","QC4-9355-000","000","S811","100.00","M/C","2","00"
"HT","2936960004","20260317","0900","80.00","4100","MHA6",NULL,NULL,NULL,"WF0000","2026-03-13 00:00:00","20260317","0800","QC4-9355-000","000","S811","100.00","M/C","2","00"
"HT","2937580000","20260317","0900","20.00","4100","HTA1",NULL,NULL,NULL,"WF0000","2026-03-13 00:00:00","20260317","0800","QC5-6220-000","000","S811","100.00","M/C","2","00"
"HT","2937590006","20260317","0900","20.00","4100","HTA4",NULL,NULL,NULL,"WF0000","2026-03-13 00:00:00","20260317","0800","QC5-8115-000","000","S811","100.00","M/C","2","00"
"HT","2937600004","20260317","0900","20.00","4100","HTA4",NULL,NULL,NULL,"WF0000","2026-03-13 00:00:00","20260317","0800","QC5-8751-000","000","S811","100.00","M/C","2","00"
"HT","2937610001","20260317","0900","20.00","4100","MHA6",NULL,NULL,NULL,"WF0000","2026-03-13 00:00:00","20260317","1100","QC5-9289-000","000","S811","100.00","M/C","2","00"
"HT","2937610001","20260317","0900","400.00","4100","MHA6",NULL,NULL,NULL,"WF0000","2026-03-13 00:00:00","20260317","0800","QC5-9289-000","000","S811","100.00","M/C","2","00"
"HT","2937610001","20260317","1500","20.00","4100","MHA6",NULL,NULL,NULL,"WF0000","2026-03-13 00:00:00","20260317","1500","QC5-9289-000","000","S811","100.00","M/C","2","00"
"HT","2937610001","20260317","1500","20.00","4100","MHA6",NULL,NULL,NULL,"WF0000","2026-03-13 00:00:00","20260317","2000","QC5-9289-000","000","S811","100.00","M/C","2","00"
"HT","2937880006","20260317","0900","20.00","4100","MHA6",NULL,NULL,NULL,"WF0000","2026-03-13 00:00:00","20260317","1100","QC6-5441-000","000","S811","100.00","M/C","2","00"
"HT","2937880006","20260317","0900","200.00","4100","MHA6",NULL,NULL,NULL,"WF0000","2026-03-13 00:00:00","20260317","0800","QC6-5441-000","000","S811","100.00","M/C","2","00"
"HT","2938280008","20260317","0900","50.00","4100","MHA1",NULL,NULL,NULL,"WF0000","2026-03-13 00:00:00","20260317","0800","QD1-1783-000","000","S811","100.00","M/C","2","00"
"HT","2946490000","20260317","1500","5.00","2100","HTA1",NULL,NULL,NULL,"WF0000","2026-03-13 00:00:00","20260317","1500","QX2-7313-000","000","SACP","100.00","M/C","2","00"
"HT","2946490000","20260317","2300","5.00","2100","HTA1",NULL,NULL,NULL,"WF0000","2026-03-13 00:00:00","20260318","0400","QX2-7313-000","000","SACP","100.00","M/C","2","00"
"HT","2946490000","20260317","2300","7.00","2100","HTA1",NULL,NULL,NULL,"WF0000","2026-03-13 00:00:00","20260318","0800","QX2-7313-000","000","SACP","100.00","M/C","2","00"
"HT","2946500008","20260317","1500","10.00","2100","HTA1",NULL,NULL,NULL,"WF0000","2026-03-13 00:00:00","20260317","1500","QX2-7318-000","000","SACP","100.00","M/C","2","00"
"HT","2946500008","20260317","2300","10.00","2100","HTA1",NULL,NULL,NULL,"WF0000","2026-03-13 00:00:00","20260318","0400","QX2-7318-000","000","SACP","100.00","M/C","2","00"
"HT","2946500008","20260317","2300","14.00","2100","HTA1",NULL,NULL,NULL,"WF0000","2026-03-13 00:00:00","20260318","0800","QX2-7318-000","000","SACP","100.00","M/C","2","00"
"HT","2946510004","20260317","1500","10.00","2100","HTA1",NULL,NULL,NULL,"WF0000","2026-03-13 00:00:00","20260317","1500","QX2-7319-000","000","SACP","100.00","M/C","2","00"
"HT","2946510004","20260317","2300","10.00","2100","HTA1",NULL,NULL,NULL,"WF0000","2026-03-13 00:00:00","20260318","0400","QX2-7319-000","000","SACP","100.00","M/C","2","00"
"HT","2946510004","20260317","2300","14.00","2100","HTA1",NULL,NULL,NULL,"WF0000","2026-03-13 00:00:00","20260318","0800","QX2-7319-000","000","SACP","100.00","M/C","2","00"
"HT","2946520001","20260317","1500","1.00","2100","HTA1",NULL,NULL,NULL,"WF0000","2026-03-13 00:00:00","20260317","1500","QX2-7511-000","000","SACP","100.00","M/C","2","00"
"HT","2946520001","20260317","2300","1.00","2100","HTA1",NULL,NULL,NULL,"WF0000","2026-03-13 00:00:00","20260318","0400","QX2-7511-000","000","SACP","100.00","M/C","2","00"
"HT","2946520001","20260317","2300","2.00","2100","HTA1",NULL,NULL,NULL,"WF0000","2026-03-13 00:00:00","20260318","0800","QX2-7511-000","000","SACP","100.00","M/C","2","00"
"HT","2946530007","20260317","2300","1.00","2100","HTA1",NULL,NULL,NULL,"WF0000","2026-03-13 00:00:00","20260318","0800","QX2-7512-000","000","SACP","100.00","M/C","2","00"
"HT","2946530007","20260317","2300","2.00","2100","HTA1",NULL,NULL,NULL,"WF0000","2026-03-13 00:00:00","20260318","0400","QX2-7512-000","000","SACP","100.00","M/C","2","00"
"HT","2947920007","20260318","0800","5.00","2300","MHA1",NULL,NULL,NULL,"WF0000","2026-03-13 00:00:00","20260318","0900","FE3-6880-000","000","SAPN","100.00","M/C","3","00"
"HT","2947920007","20260318","0800","30.00","2300","MHA1",NULL,NULL,NULL,"WF0000","2026-03-13 00:00:00","20260318","0800","FE3-6880-000","000","SAPN","100.00","M/C","3","00"
"HT","2948280001","20260318","0800","3.00","2300","MHA1",NULL,NULL,NULL,"WF0000","2026-03-13 00:00:00","20260318","0800","FE3-9699-000","000","SAPN","100.00","M/C","3","00"
"HT","2948280001","20260318","0800","6.00","2300","MHA1",NULL,NULL,NULL,"WF0000","2026-03-13 00:00:00","20260318","0900","FE3-9699-000","000","SAPN","100.00","M/C","3","00"
"HT","2948280001","20260318","1000","6.00","2300","MHA1",NULL,NULL,NULL,"WF0000","2026-03-13 00:00:00","20260318","1000","FE3-9699-000","000","SAPN","100.00","M/C","3","00"
"HT","2948280001","20260318","1000","6.00","2300","MHA1",NULL,NULL,NULL,"WF0000","2026-03-13 00:00:00","20260318","1100","FE3-9699-000","000","SAPN","100.00","M/C","3","00"
"HT","2948280001","20260318","1300","6.00","2300","MHA1",NULL,NULL,NULL,"WF0000","2026-03-13 00:00:00","20260318","1300","FE3-9699-000","000","SAPN","100.00","M/C","3","00"
"HT","2948280001","20260318","1300","9.00","2300","MHA1",NULL,NULL,NULL,"WF0000","2026-03-13 00:00:00","20260318","1400","FE3-9699-000","000","SAPN","100.00","M/C","3","00"
"HT","2948280001","20260318","1500","3.00","2300","MHA1",NULL,NULL,NULL,"WF0000","2026-03-13 00:00:00","20260318","1600","FE3-9699-000","000","SAPN","100.00","M/C","3","00"
"HT","2948280001","20260318","1500","6.00","2300","MHA1",NULL,NULL,NULL,"WF0000","2026-03-13 00:00:00","20260318","1500","FE3-9699-000","000","SAPN","100.00","M/C","3","00"
"HT","2949400006","20260318","0800","20.00","2300","MHA1",NULL,NULL,NULL,"WF0000","2026-03-13 00:00:00","20260318","0800","FL0-2079-000","000","SAPN","100.00","M/C","3","00"
"HT","2949400006","20260318","0800","20.00","2300","MHA1",NULL,NULL,NULL,"WF0000","2026-03-13 00:00:00","20260318","0900","FL0-2079-000","000","SAPN","100.00","M/C","3","00"
"HT","2950820003","20260318","0800","2.00","4100","MHA6",NULL,NULL,NULL,"WF0000","2026-03-13 00:00:00","20260318","0800","QC5-9237-000","000","SAPN","100.00","M/C","3","00"
"HT","2950820003","20260318","0800","12.00","4100","MHA6",NULL,NULL,NULL,"WF0000","2026-03-13 00:00:00","20260318","0900","QC5-9237-000","000","SAPN","100.00","M/C","3","00"
"HT","2950820003","20260318","1000","10.00","4100","MHA6",NULL,NULL,NULL,"WF0000","2026-03-13 00:00:00","20260318","1100","QC5-9237-000","000","SAPN","100.00","M/C","3","00"
"HT","2950820003","20260318","1000","12.00","4100","MHA6",NULL,NULL,NULL,"WF0000","2026-03-13 00:00:00","20260318","1000","QC5-9237-000","000","SAPN","100.00","M/C","3","00"
"HT","2950820003","20260318","1300","12.00","4100","MHA6",NULL,NULL,NULL,"WF0000","2026-03-13 00:00:00","20260318","1300","QC5-9237-000","000","SAPN","100.00","M/C","3","00"
"HT","2950820003","20260318","1300","15.00","4100","MHA6",NULL,NULL,NULL,"WF0000","2026-03-13 00:00:00","20260318","1400","QC5-9237-000","000","SAPN","100.00","M/C","3","00"
"HT","2950820003","20260318","1500","10.00","4100","MHA6",NULL,NULL,NULL,"WF0000","2026-03-13 00:00:00","20260318","1600","QC5-9237-000","000","SAPN","100.00","M/C","3","00"
"HT","2950820003","20260318","1500","12.00","4100","MHA6",NULL,NULL,NULL,"WF0000","2026-03-13 00:00:00","20260318","1500","QC5-9237-000","000","SAPN","100.00","M/C","3","00"
"HT","2950820003","20260318","2000","6.00","4100","MHA6",NULL,NULL,NULL,"WF0000","2026-03-13 00:00:00","20260318","2000","QC5-9237-000","000","SAPN","100.00","M/C","3","00"
"HT","2951740005","20260318","0800","10.00","4100","MHA6",NULL,NULL,NULL,"WF0000","2026-03-13 00:00:00","20260318","0900","QC8-1064-000","000","SAPN","100.00","M/C","3","00"
"HT","2951740005","20260318","1000","10.00","4100","MHA6",NULL,NULL,NULL,"WF0000","2026-03-13 00:00:00","20260318","1000","QC8-1064-000","000","SAPN","100.00","M/C","3","00"
"HT","2951740005","20260318","1000","10.00","4100","MHA6",NULL,NULL,NULL,"WF0000","2026-03-13 00:00:00","20260318","1100","QC8-1064-000","000","SAPN","100.00","M/C","3","00"
"HT","2951740005","20260318","1300","10.00","4100","MHA6",NULL,NULL,NULL,"WF0000","2026-03-13 00:00:00","20260318","1300","QC8-1064-000","000","SAPN","100.00","M/C","3","00"
"HT","2951740005","20260318","1300","20.00","4100","MHA6",NULL,NULL,NULL,"WF0000","2026-03-13 00:00:00","20260318","1400","QC8-1064-000","000","SAPN","100.00","M/C","3","00"
"HT","2951740005","20260318","1500","10.00","4100","MHA6",NULL,NULL,NULL,"WF0000","2026-03-13 00:00:00","20260318","1500","QC8-1064-000","000","SAPN","100.00","M/C","3","00"
"HT","2951740005","20260318","1500","10.00","4100","MHA6",NULL,NULL,NULL,"WF0000","2026-03-13 00:00:00","20260318","1600","QC8-1064-000","000","SAPN","100.00","M/C","3","00"
"HT","2951740005","20260318","2000","10.00","4100","MHA6",NULL,NULL,NULL,"WF0000","2026-03-13 00:00:00","20260318","2000","QC8-1064-000","000","SAPN","100.00","M/C","3","00"
"HT","2951750001","20260318","0800","10.00","4100","HTA1",NULL,NULL,NULL,"WF0000","2026-03-13 00:00:00","20260318","0900","QC8-1092-000","000","SAPN","100.00","M/C","3","00"
"HT","2951750001","20260318","1000","10.00","4100","HTA1",NULL,NULL,NULL,"WF0000","2026-03-13 00:00:00","20260318","1000","QC8-1092-000","000","SAPN","100.00","M/C","3","00"
"HT","2951750001","20260318","1000","10.00","4100","HTA1",NULL,NULL,NULL,"WF0000","2026-03-13 00:00:00","20260318","1100","QC8-1092-000","000","SAPN","100.00","M/C","3","00"
"HT","2951750001","20260318","1300","10.00","4100","HTA1",NULL,NULL,NULL,"WF0000","2026-03-13 00:00:00","20260318","1400","QC8-1092-000","000","SAPN","100.00","M/C","3","00"
"HT","2951750001","20260318","1300","20.00","4100","HTA1",NULL,NULL,NULL,"WF0000","2026-03-13 00:00:00","20260318","1300","QC8-1092-000","000","SAPN","100.00","M/C","3","00"
"HT","2951750001","20260318","1500","10.00","4100","HTA1",NULL,NULL,NULL,"WF0000","2026-03-13 00:00:00","20260318","1500","QC8-1092-000","000","SAPN","100.00","M/C","3","00"
"HT","2951750001","20260318","1500","10.00","4100","HTA1",NULL,NULL,NULL,"WF0000","2026-03-13 00:00:00","20260318","1600","QC8-1092-000","000","SAPN","100.00","M/C","3","00"
"HT","2951750001","20260318","2000","10.00","4100","HTA1",NULL,NULL,NULL,"WF0000","2026-03-13 00:00:00","20260318","2000","QC8-1092-000","000","SAPN","100.00","M/C","3","00"
"HT","2951760008","20260318","0800","16.00","4100","MHA6",NULL,NULL,NULL,"WF0000","2026-03-13 00:00:00","20260318","0900","QC8-1155-000","000","SAPN","100.00","M/C","3","00"
"HT","2951760008","20260318","1000","8.00","4100","MHA6",NULL,NULL,NULL,"WF0000","2026-03-13 00:00:00","20260318","1000","QC8-1155-000","000","SAPN","100.00","M/C","3","00"
"HT","2951760008","20260318","1000","16.00","4100","MHA6",NULL,NULL,NULL,"WF0000","2026-03-13 00:00:00","20260318","1100","QC8-1155-000","000","SAPN","100.00","M/C","3","00"
"HT","2951760008","20260318","1300","8.00","4100","MHA6",NULL,NULL,NULL,"WF0000","2026-03-13 00:00:00","20260318","1300","QC8-1155-000","000","SAPN","100.00","M/C","3","00"
"HT","2951760008","20260318","1300","16.00","4100","MHA6",NULL,NULL,NULL,"WF0000","2026-03-13 00:00:00","20260318","1400","QC8-1155-000","000","SAPN","100.00","M/C","3","00"
"HT","2951760008","20260318","1500","8.00","4100","MHA6",NULL,NULL,NULL,"WF0000","2026-03-13 00:00:00","20260318","1500","QC8-1155-000","000","SAPN","100.00","M/C","3","00"
"HT","2951760008","20260318","1500","16.00","4100","MHA6",NULL,NULL,NULL,"WF0000","2026-03-13 00:00:00","20260318","1600","QC8-1155-000","000","SAPN","100.00","M/C","3","00"
"HT","2951760008","20260318","2000","8.00","4100","MHA6",NULL,NULL,NULL,"WF0000","2026-03-13 00:00:00","20260318","2000","QC8-1155-000","000","SAPN","100.00","M/C","3","00"
"HT","2951770004","20260318","2000","10.00","4100","MHA6",NULL,NULL,NULL,"WF0000","2026-03-13 00:00:00","20260318","2100","QC8-1156-000","000","SAPN","100.00","M/C","3","00"
"HT","2951770004","20260318","2200","10.00","4100","MHA6",NULL,NULL,NULL,"WF0000","2026-03-13 00:00:00","20260318","2200","QC8-1156-000","000","SAPN","100.00","M/C","3","00"
"HT","2951770004","20260318","2200","10.00","4100","MHA6",NULL,NULL,NULL,"WF0000","2026-03-13 00:00:00","20260318","2300","QC8-1156-000","000","SAPN","100.00","M/C","3","00"
"HT","2953050002","20260318","1300","40.00","4100","MHA6",NULL,NULL,NULL,"WF0000","2026-03-13 00:00:00","20260318","0800","QC4-9346-000","000","SBAA","100.00","M/C","3","00"
"HT","2953050002","20260318","1300","40.00","4100","MHA6",NULL,NULL,NULL,"WF0000","2026-03-13 00:00:00","20260318","0900","QC4-9346-000","000","SBAA","100.00","M/C","3","00"
"HT","2953050002","20260318","1300","40.00","4100","MHA6",NULL,NULL,NULL,"WF0000","2026-03-13 00:00:00","20260318","1100","QC4-9346-000","000","SBAA","100.00","M/C","3","00"
"HT","2953050002","20260318","1300","40.00","4100","MHA6",NULL,NULL,NULL,"WF0000","2026-03-13 00:00:00","20260319","0900","QC4-9346-000","000","SBAA","100.00","M/C","3","00"
"HT","2953060009","20260318","1300","40.00","4100","MHA6",NULL,NULL,NULL,"WF0000","2026-03-13 00:00:00","20260318","0800","QC4-9347-000","000","SBAA","100.00","M/C","3","00"
"HT","2953060009","20260318","1300","40.00","4100","MHA6",NULL,NULL,NULL,"WF0000","2026-03-13 00:00:00","20260318","1000","QC4-9347-000","000","SBAA","100.00","M/C","3","00"
"HT","2953060009","20260318","1300","40.00","4100","MHA6",NULL,NULL,NULL,"WF0000","2026-03-13 00:00:00","20260319","0300","QC4-9347-000","000","SBAA","100.00","M/C","3","00"
"HT","2953570002","20260318","1300","800.00","4100","MHA1",NULL,NULL,NULL,"WF0000","2026-03-13 00:00:00","20260318","0800","QC7-4188-000","000","SBAA","100.00","M/C","3","00"
"HT","2953690001","20260318","1300","20.00","4100","MHA6",NULL,NULL,NULL,"WF0000","2026-03-13 00:00:00","20260319","0400","QC8-1142-000","000","SBAA","100.00","M/C","3","00"
"HT","2953690001","20260318","1300","20.00","4100","MHA6",NULL,NULL,NULL,"WF0000","2026-03-13 00:00:00","20260319","0800","QC8-1142-000","000","SBAA","100.00","M/C","3","00"
"HT","2953690001","20260318","1300","20.00","4100","MHA6",NULL,NULL,NULL,"WF0000","2026-03-13 00:00:00","20260319","1100","QC8-1142-000","000","SBAA","100.00","M/C","3","00"
"HT","2953690001","20260318","1300","30.00","4100","MHA6",NULL,NULL,NULL,"WF0000","2026-03-13 00:00:00","20260319","0100","QC8-1142-000","000","SBAA","100.00","M/C","3","00"
"HT","2953690001","20260318","1300","30.00","4100","MHA6",NULL,NULL,NULL,"WF0000","2026-03-13 00:00:00","20260319","0200","QC8-1142-000","000","SBAA","100.00","M/C","3","00"
"HT","2953690001","20260318","1300","30.00","4100","MHA6",NULL,NULL,NULL,"WF0000","2026-03-13 00:00:00","20260319","1000","QC8-1142-000","000","SBAA","100.00","M/C","3","00"
"HT","2953720001","20260318","1300","200.00","4100","MHA1",NULL,NULL,NULL,"WF0000","2026-03-13 00:00:00","20260318","0800","QD1-1684-000","000","SBAA","100.00","M/C","3","00"
"HT","2955520000","20260318","0800","10.00","2300","MHA1",NULL,NULL,NULL,"WF0000","2026-03-13 00:00:00","20260318","0900","FE3-6869-000","000","T731","100.00","M/C","3","01"
"HT","2955520000","20260318","0800","20.00","2300","MHA1",NULL,NULL,NULL,"WF0000","2026-03-13 00:00:00","20260318","0800","FE3-6869-000","000","T731","100.00","M/C","3","01"
"HT","2955530006","20260318","0800","10.00","2300","MHA1",NULL,NULL,NULL,"WF0000","2026-03-13 00:00:00","20260318","0900","FE3-6870-000","000","T731","100.00","M/C","3","01"
"HT","2955530006","20260318","0800","20.00","2300","MHA1",NULL,NULL,NULL,"WF0000","2026-03-13 00:00:00","20260318","0800","FE3-6870-000","000","T731","100.00","M/C","3","01"
"HT","2956570006","20260318","1000","10.00","4100","HTA1",NULL,NULL,NULL,"WF0000","2026-03-13 00:00:00","20260318","1000","QC5-9375-000","000","T731","100.00","M/C","3","00"
"HT","2956570006","20260318","1000","10.00","4100","HTA1",NULL,NULL,NULL,"WF0000","2026-03-13 00:00:00","20260318","1100","QC5-9375-000","000","T731","100.00","M/C","3","00"
"HT","2956570006","20260318","1000","10.00","4100","HTA1",NULL,NULL,NULL,"WF0000","2026-03-13 00:00:00","20260318","1300","QC5-9375-000","000","T731","100.00","M/C","3","00"
"HT","2956570006","20260318","1000","10.00","4100","HTA1",NULL,NULL,NULL,"WF0000","2026-03-13 00:00:00","20260318","1500","QC5-9375-000","000","T731","100.00","M/C","3","00"
"HT","2956570006","20260318","1000","20.00","4100","HTA1",NULL,NULL,NULL,"WF0000","2026-03-13 00:00:00","20260318","1400","QC5-9375-000","000","T731","100.00","M/C","3","00"
"HT","2956570006","20260318","1600","10.00","4100","HTA1",NULL,NULL,NULL,"WF0000","2026-03-13 00:00:00","20260318","1600","QC5-9375-000","000","T731","100.00","M/C","3","00"
"HT","2956640002","20260318","1000","20.00","4100","HTA1",NULL,NULL,NULL,"WF0000","2026-03-13 00:00:00","20260318","1000","QC5-9933-000","000","T731","100.00","M/C","3","00"
"HT","2956640002","20260318","1000","20.00","4100","HTA1",NULL,NULL,NULL,"WF0000","2026-03-13 00:00:00","20260318","1300","QC5-9933-000","000","T731","100.00","M/C","3","00"
"HT","2956640002","20260318","1000","20.00","4100","HTA1",NULL,NULL,NULL,"WF0000","2026-03-13 00:00:00","20260318","1400","QC5-9933-000","000","T731","100.00","M/C","3","00"
"HT","2956640002","20260318","1600","20.00","4100","HTA1",NULL,NULL,NULL,"WF0000","2026-03-13 00:00:00","20260318","1600","QC5-9933-000","000","T731","100.00","M/C","3","00"
"HT","2963200005","20260318","0900","20.00","4100","HTA1",NULL,NULL,NULL,"WF0000","2026-03-13 00:00:00","20260318","0900","QC5-9258-000","000","X411","100.00","M/C","3","00"
"HT","2963200005","20260318","0900","20.00","4100","HTA1",NULL,NULL,NULL,"WF0000","2026-03-13 00:00:00","20260318","1100","QC5-9258-000","000","X411","100.00","M/C","3","00"
"HT","2963200005","20260318","0900","20.00","4100","HTA1",NULL,NULL,NULL,"WF0000","2026-03-13 00:00:00","20260318","1300","QC5-9258-000","000","X411","100.00","M/C","3","00"
"HT","2963200005","20260318","0900","20.00","4100","HTA1",NULL,NULL,NULL,"WF0000","2026-03-13 00:00:00","20260318","1500","QC5-9258-000","000","X411","100.00","M/C","3","00"
"HT","2963250007","20260318","0900","10.00","4100","HTA1",NULL,NULL,NULL,"WF0000","2026-03-13 00:00:00","20260318","1000","QC5-9332-000","000","X411","100.00","M/C","3","00"
"HT","2963250007","20260318","0900","10.00","4100","HTA1",NULL,NULL,NULL,"WF0000","2026-03-13 00:00:00","20260318","1100","QC5-9332-000","000","X411","100.00","M/C","3","00"
"HT","2963250007","20260318","0900","10.00","4100","HTA1",NULL,NULL,NULL,"WF0000","2026-03-13 00:00:00","20260318","1300","QC5-9332-000","000","X411","100.00","M/C","3","00"
"HT","2963250007","20260318","0900","10.00","4100","HTA1",NULL,NULL,NULL,"WF0000","2026-03-13 00:00:00","20260318","1500","QC5-9332-000","000","X411","100.00","M/C","3","00"
"HT","2963250007","20260318","0900","10.00","4100","HTA1",NULL,NULL,NULL,"WF0000","2026-03-13 00:00:00","20260318","1600","QC5-9332-000","000","X411","100.00","M/C","3","00"
"HT","2963250007","20260318","0900","10.00","4100","HTA1",NULL,NULL,NULL,"WF0000","2026-03-13 00:00:00","20260318","2200","QC5-9332-000","000","X411","100.00","M/C","3","00"
"HT","2963250007","20260318","0900","10.00","4100","HTA1",NULL,NULL,NULL,"WF0000","2026-03-13 00:00:00","20260318","2300","QC5-9332-000","000","X411","100.00","M/C","3","00"
"HT","2963250007","20260318","0900","10.00","4100","HTA1",NULL,NULL,NULL,"WF0000","2026-03-13 00:00:00","20260319","0100","QC5-9332-000","000","X411","100.00","M/C","3","00"
"HT","2963250007","20260318","0900","10.00","4100","HTA1",NULL,NULL,NULL,"WF0000","2026-03-13 00:00:00","20260319","0300","QC5-9332-000","000","X411","100.00","M/C","3","00"
"HT","2963380001","20260318","0900","20.00","4100","MHA6",NULL,NULL,NULL,"WF0000","2026-03-13 00:00:00","20260318","0900","QC5-9447-000","000","X411","100.00","M/C","3","00"
"HT","2963380001","20260318","0900","20.00","4100","MHA6",NULL,NULL,NULL,"WF0000","2026-03-13 00:00:00","20260318","1100","QC5-9447-000","000","X411","100.00","M/C","3","00"
"HT","2963380001","20260318","0900","20.00","4100","MHA6",NULL,NULL,NULL,"WF0000","2026-03-13 00:00:00","20260318","1400","QC5-9447-000","000","X411","100.00","M/C","3","00"
"HT","2963380001","20260318","0900","20.00","4100","MHA6",NULL,NULL,NULL,"WF0000","2026-03-13 00:00:00","20260318","1500","QC5-9447-000","000","X411","100.00","M/C","3","00"
"HT","2963810004","20260318","0900","80.00","4100","HTA1",NULL,NULL,NULL,"WF0000","2026-03-13 00:00:00","20260318","1000","QC7-8031-000","000","X411","100.00","M/C","3","00"
"HT","2963810004","20260318","0900","80.00","4100","HTA1",NULL,NULL,NULL,"WF0000","2026-03-13 00:00:00","20260319","0100","QC7-8031-000","000","X411","100.00","M/C","3","00"
"HT","2963850000","20260318","0900","10.00","4100","HTA1",NULL,NULL,NULL,"WF0000","2026-03-13 00:00:00","20260318","0900","QC7-9069-000","000","X411","100.00","M/C","3","00"
"HT","2963850000","20260318","0900","10.00","4100","HTA1",NULL,NULL,NULL,"WF0000","2026-03-13 00:00:00","20260318","1000","QC7-9069-000","000","X411","100.00","M/C","3","00"
"HT","2963850000","20260318","0900","10.00","4100","HTA1",NULL,NULL,NULL,"WF0000","2026-03-13 00:00:00","20260319","0100","QC7-9069-000","000","X411","100.00","M/C","3","00"
"HT","2963860006","20260318","0900","100.00","4100","HTA1",NULL,NULL,NULL,"WF0000","2026-03-13 00:00:00","20260318","1100","QC7-9137-000","000","X411","100.00","M/C","3","00"
"HT","2963940009","20260318","0900","20.00","4100","MHA6",NULL,NULL,NULL,"WF0000","2026-03-13 00:00:00","20260318","1000","QC8-1157-000","000","X411","100.00","M/C","3","00"
"HT","2963940009","20260318","0900","20.00","4100","MHA6",NULL,NULL,NULL,"WF0000","2026-03-13 00:00:00","20260318","1300","QC8-1157-000","000","X411","100.00","M/C","3","00"
"HT","2963940009","20260318","0900","20.00","4100","MHA6",NULL,NULL,NULL,"WF0000","2026-03-13 00:00:00","20260318","1400","QC8-1157-000","000","X411","100.00","M/C","3","00"
"HT","2963940009","20260318","0900","20.00","4100","MHA6",NULL,NULL,NULL,"WF0000","2026-03-13 00:00:00","20260318","1600","QC8-1157-000","000","X411","100.00","M/C","3","00"
"HT","2963940009","20260318","0900","20.00","4100","MHA6",NULL,NULL,NULL,"WF0000","2026-03-13 00:00:00","20260318","2100","QC8-1157-000","000","X411","100.00","M/C","3","00"
"HT","2981740006","20260318","0900","40.00","2300","MHA1",NULL,NULL,NULL,"WF0000","2026-03-13 00:00:00","20260318","0900","FE3-7049-000","000","K624","100.00","M/C","3","00"
"HT","2981740006","20260318","1400","40.00","2300","MHA1",NULL,NULL,NULL,"WF0000","2026-03-13 00:00:00","20260319","0200","FE3-7049-000","000","K624","100.00","M/C","3","00"
"HT","2981890003","20260318","1400","100.00","2300","MHA1",NULL,NULL,NULL,"WF0000","2026-03-13 00:00:00","20260318","2000","FE3-9679-000","000","K624","100.00","M/C","3","00"
"HT","2981890003","20260318","1400","100.00","2300","MHA1",NULL,NULL,NULL,"WF0000","2026-03-13 00:00:00","20260319","0200","FE3-9679-000","000","K624","100.00","M/C","3","00"
"HT","2981900001","20260318","1400","200.00","2300","MHA1",NULL,NULL,NULL,"WF0000","2026-03-13 00:00:00","20260318","1400","FE3-9690-000","000","K624","100.00","M/C","3","00"
"HT","2981910008","20260318","1400","40.00","2300","MHA1",NULL,NULL,NULL,"WF0000","2026-03-13 00:00:00","20260318","1400","FE3-9695-000","000","K624","100.00","M/C","3","00"
"HT","2981920004","20260318","1400","40.00","2300","MHA1",NULL,NULL,NULL,"WF0000","2026-03-13 00:00:00","20260318","1400","FE3-9721-000","000","K624","100.00","M/C","3","00"
"HT","2982310000","20260318","1400","20.00","2300","MHA1",NULL,NULL,NULL,"WF0000","2026-03-13 00:00:00","20260318","2100","FE8-4352-000","000","K624","100.00","M/C","3","00"
"HT","2982310000","20260318","1400","20.00","2300","MHA1",NULL,NULL,NULL,"WF0000","2026-03-13 00:00:00","20260318","2300","FE8-4352-000","000","K624","100.00","M/C","3","00"
"HT","2982940001","20260318","1400","10.00","2100","MHA1",NULL,NULL,NULL,"WF0000","2026-03-13 00:00:00","20260318","2300","QC6-6905-000","000","K624","100.00","M/C","3","00"
"HT","2982940001","20260318","1400","10.00","2100","MHA1",NULL,NULL,NULL,"WF0000","2026-03-13 00:00:00","20260319","0100","QC6-6905-000","000","K624","100.00","M/C","3","00"
"HT","2982940001","20260318","1400","20.00","2100","MHA1",NULL,NULL,NULL,"WF0000","2026-03-13 00:00:00","20260319","0200","QC6-6905-000","000","K624","100.00","M/C","3","00"
"HT","2982950008","20260318","1400","10.00","2100","MHA1",NULL,NULL,NULL,"WF0000","2026-03-13 00:00:00","20260318","2300","QC6-6925-000","000","K624","100.00","M/C","3","00"
"HT","2982950008","20260318","1400","10.00","2100","MHA1",NULL,NULL,NULL,"WF0000","2026-03-13 00:00:00","20260319","0100","QC6-6925-000","000","K624","100.00","M/C","3","00"
"HT","2982950008","20260318","1400","10.00","2100","MHA1",NULL,NULL,NULL,"WF0000","2026-03-13 00:00:00","20260319","0200","QC6-6925-000","000","K624","100.00","M/C","3","00"
"HT","2982960004","20260318","1400","10.00","2100","MHA1",NULL,NULL,NULL,"WF0000","2026-03-13 00:00:00","20260318","2300","QC6-6932-000","000","K624","100.00","M/C","3","00"
"HT","2982960004","20260318","1400","10.00","2100","MHA1",NULL,NULL,NULL,"WF0000","2026-03-13 00:00:00","20260319","0200","QC6-6932-000","000","K624","100.00","M/C","3","00"
"HT","2982960004","20260318","1400","20.00","2100","MHA1",NULL,NULL,NULL,"WF0000","2026-03-13 00:00:00","20260319","0100","QC6-6932-000","000","K624","100.00","M/C","3","00"
"HT","2983080002","20260318","1400","100.00","4100","MHA6",NULL,NULL,NULL,"WF0000","2026-03-13 00:00:00","20260318","2200","QC8-1264-000","000","K624","100.00","M/C","3","00"
"HT","2983090009","20260318","1400","200.00","4100","HTA1",NULL,NULL,NULL,"WF0000","2026-03-13 00:00:00","20260318","2300","QC8-1265-000","000","K624","100.00","M/C","3","00"
"HT","2983440009","20260318","0800","3.00","2300","MHA1",NULL,NULL,NULL,"WF0000","2026-03-13 00:00:00","20260318","0800","FX2-5823-000","000","L204","100.00","M/C","3","00"
"HT","2983440009","20260318","2300","1.00","2300","MHA1",NULL,NULL,NULL,"WF0000","2026-03-13 00:00:00","20260319","0200","FX2-5823-000","000","L204","100.00","M/C","3","00"
"HT","2983440009","20260318","2300","6.00","2300","MHA1",NULL,NULL,NULL,"WF0000","2026-03-13 00:00:00","20260319","0300","FX2-5823-000","000","L204","100.00","M/C","3","00"
"HT","2983440009","20260318","2300","7.00","2300","MHA1",NULL,NULL,NULL,"WF0000","2026-03-13 00:00:00","20260319","0100","FX2-5823-000","000","L204","100.00","M/C","3","00"
"HT","2983630003","20260318","0800","1.00","4100","HTA1",NULL,NULL,NULL,"WF0000","2026-03-13 00:00:00","20260318","0900","QX2-1851-000","000","L204","100.00","M/C","3","00"
"HT","2983630003","20260318","0800","7.00","4100","HTA1",NULL,NULL,NULL,"WF0000","2026-03-13 00:00:00","20260318","0800","QX2-1851-000","000","L204","100.00","M/C","3","00"
"HT","2984940001","20260318","0900","20.00","4100","MHA1",NULL,NULL,NULL,"WF0000","2026-03-13 00:00:00","20260318","1000","QC4-9470-000","000","M411","100.00","M/C","3","00"
"HT","2984940001","20260318","0900","20.00","4100","MHA1",NULL,NULL,NULL,"WF0000","2026-03-13 00:00:00","20260318","1100","QC4-9470-000","000","M411","100.00","M/C","3","00"
"HT","2984940001","20260318","0900","20.00","4100","MHA1",NULL,NULL,NULL,"WF0000","2026-03-13 00:00:00","20260318","1400","QC4-9470-000","000","M411","100.00","M/C","3","00"
"HT","2984940001","20260318","0900","320.00","4100","MHA1",NULL,NULL,NULL,"WF0000","2026-03-13 00:00:00","20260318","0800","QC4-9470-000","000","M411","100.00","M/C","3","00"
"HT","2986460005","20260318","0900","40.00","4100","HTA1",NULL,NULL,NULL,"WF0000","2026-03-13 00:00:00","20260318","1400","QC6-8327-000","000","M411","100.00","M/C","3","00"
"HT","2986460005","20260318","1500","40.00","4100","HTA1",NULL,NULL,NULL,"WF0000","2026-03-13 00:00:00","20260318","1600","QC6-8327-000","000","M411","100.00","M/C","3","00"
"HT","2986550004","20260318","0900","3200.00","4100","MHA1",NULL,NULL,NULL,"WF0000","2026-03-13 00:00:00","20260318","0800","QD1-1705-000","000","M411","100.00","M/C","3","00"
"HT","2986580003","20260318","0900","10.00","4100","MHA1",NULL,NULL,NULL,"WF0000","2026-03-13 00:00:00","20260318","1000","QD1-1811-000","000","M411","100.00","M/C","3","00"
"HT","2986580003","20260318","0900","70.00","4100","MHA1",NULL,NULL,NULL,"WF0000","2026-03-13 00:00:00","20260318","0800","QD1-1811-000","000","M411","100.00","M/C","3","00"
"HT","2986630007","20260318","1500","30.00","4100","MHA1",NULL,NULL,NULL,"WF0000","2026-03-13 00:00:00","20260319","0800","QD1-1905-000","000","M411","100.00","M/C","3","00"
"HT","2986690005","20260318","0900","80.00","4100","MHA1",NULL,NULL,NULL,"WF0000","2026-03-13 00:00:00","20260318","0800","QD1-2210-000","000","M411","100.00","M/C","3","00"
"HT","2986710000","20260318","0900","40.00","4100","MHA1",NULL,NULL,NULL,"WF0000","2026-03-13 00:00:00","20260318","0800","QD1-2261-000","000","M411","100.00","M/C","3","00"
"HT","2986800009","20260318","0900","10.00","4100","HTA1",NULL,NULL,NULL,"WF0000","2026-03-13 00:00:00","20260318","0800","QD1-2920-000","000","M411","100.00","M/C","3","00"
"HT","2987540002","20260318","0900","40.00","2300","MHA1",NULL,NULL,NULL,"WF0000","2026-03-13 00:00:00","20260318","1100","FE3-6597-000","000","M699","100.00","M/C","3","00"
"HT","2987540002","20260318","0900","40.00","2300","MHA1",NULL,NULL,NULL,"WF0000","2026-03-13 00:00:00","20260318","1400","FE3-6597-000","000","M699","100.00","M/C","3","00"
"HT","2987540002","20260318","0900","40.00","2300","MHA1",NULL,NULL,NULL,"WF0000","2026-03-13 00:00:00","20260318","1500","FE3-6597-000","000","M699","100.00","M/C","3","00"
"HT","2987540002","20260318","0900","40.00","2300","MHA1",NULL,NULL,NULL,"WF0000","2026-03-13 00:00:00","20260318","2000","FE3-6597-000","000","M699","100.00","M/C","3","00"
"HT","2987540002","20260318","0900","40.00","2300","MHA1",NULL,NULL,NULL,"WF0000","2026-03-13 00:00:00","20260318","2100","FE3-6597-000","000","M699","100.00","M/C","3","00"
"HT","2987540002","20260318","0900","40.00","2300","MHA1",NULL,NULL,NULL,"WF0000","2026-03-13 00:00:00","20260318","2300","FE3-6597-000","000","M699","100.00","M/C","3","00"
"HT","2987540002","20260318","0900","40.00","2300","MHA1",NULL,NULL,NULL,"WF0000","2026-03-13 00:00:00","20260319","0100","FE3-6597-000","000","M699","100.00","M/C","3","00"
"HT","2987540002","20260318","0900","40.00","2300","MHA1",NULL,NULL,NULL,"WF0000","2026-03-13 00:00:00","20260319","0300","FE3-6597-000","000","M699","100.00","M/C","3","00"
"HT","2987570001","20260318","0900","5.00","2300","MHA1",NULL,NULL,NULL,"WF0000","2026-03-13 00:00:00","20260318","1300","FE3-6602-000","000","M699","100.00","M/C","3","00"
"HT","2987570001","20260318","0900","10.00","2300","MHA1",NULL,NULL,NULL,"WF0000","2026-03-13 00:00:00","20260318","1600","FE3-6602-000","000","M699","100.00","M/C","3","00"
"HT","2987570001","20260318","0900","10.00","2300","MHA1",NULL,NULL,NULL,"WF0000","2026-03-13 00:00:00","20260318","2000","FE3-6602-000","000","M699","100.00","M/C","3","00"
"HT","2987570001","20260318","0900","10.00","2300","MHA1",NULL,NULL,NULL,"WF0000","2026-03-13 00:00:00","20260318","2300","FE3-6602-000","000","M699","100.00","M/C","3","00"
"HT","2987570001","20260318","0900","10.00","2300","MHA1",NULL,NULL,NULL,"WF0000","2026-03-13 00:00:00","20260319","0100","FE3-6602-000","000","M699","100.00","M/C","3","00"
"HT","2987570001","20260318","0900","10.00","2300","MHA1",NULL,NULL,NULL,"WF0000","2026-03-13 00:00:00","20260319","0200","FE3-6602-000","000","M699","100.00","M/C","3","00"
"HT","2987570001","20260318","0900","15.00","2300","MHA1",NULL,NULL,NULL,"WF0000","2026-03-13 00:00:00","20260318","1000","FE3-6602-000","000","M699","100.00","M/C","3","00"
"HT","2987570001","20260318","0900","15.00","2300","MHA1",NULL,NULL,NULL,"WF0000","2026-03-13 00:00:00","20260318","1100","FE3-6602-000","000","M699","100.00","M/C","3","00"
"HT","2987570001","20260318","0900","15.00","2300","MHA1",NULL,NULL,NULL,"WF0000","2026-03-13 00:00:00","20260318","1500","FE3-6602-000","000","M699","100.00","M/C","3","00"
"HT","2987610009","20260318","0900","100.00","2300","MHA1",NULL,NULL,NULL,"WF0000","2026-03-13 00:00:00","20260318","2200","FE3-6730-000","000","M699","100.00","M/C","3","00"
"HT","2987720001","20260318","0900","100.00","2300","MHA1",NULL,NULL,NULL,"WF0000","2026-03-13 00:00:00","20260318","2300","FE3-9693-000","000","M699","100.00","M/C","3","00"
"HT","2987730007","20260318","0900","20.00","2300","MHA1",NULL,NULL,NULL,"WF0000","2026-03-13 00:00:00","20260318","0900","FE3-9722-000","000","M699","100.00","M/C","3","00"
"HT","2987730007","20260318","0900","20.00","2300","MHA1",NULL,NULL,NULL,"WF0000","2026-03-13 00:00:00","20260318","1100","FE3-9722-000","000","M699","100.00","M/C","3","00"
"HT","2987860001","20260318","0900","20.00","2300","MHA1",NULL,NULL,NULL,"WF0000","2026-03-13 00:00:00","20260318","0900","FE4-7034-000","000","M699","100.00","M/C","3","00"
"HT","2987860001","20260318","0900","20.00","2300","MHA1",NULL,NULL,NULL,"WF0000","2026-03-13 00:00:00","20260318","1300","FE4-7034-000","000","M699","100.00","M/C","3","00"
"HT","2987860001","20260318","0900","20.00","2300","MHA1",NULL,NULL,NULL,"WF0000","2026-03-13 00:00:00","20260318","1600","FE4-7034-000","000","M699","100.00","M/C","3","00"
"HT","2987860001","20260318","0900","20.00","2300","MHA1",NULL,NULL,NULL,"WF0000","2026-03-13 00:00:00","20260318","2300","FE4-7034-000","000","M699","100.00","M/C","3","00"
"HT","2987860001","20260318","0900","20.00","2300","MHA1",NULL,NULL,NULL,"WF0000","2026-03-13 00:00:00","20260319","0300","FE4-7034-000","000","M699","100.00","M/C","3","00"
"HT","2987870008","20260318","0900","200.00","2300","MHA1",NULL,NULL,NULL,"WF0000","2026-03-13 00:00:00","20260318","2000","FE4-7043-000","000","M699","100.00","M/C","3","00"
"HT","2987910005","20260318","0900","5.00","2300","MHA1",NULL,NULL,NULL,"WF0000","2026-03-13 00:00:00","20260318","1600","FE8-4351-000","000","M699","100.00","M/C","3","00"
"HT","2987910005","20260318","0900","10.00","2300","MHA1",NULL,NULL,NULL,"WF0000","2026-03-13 00:00:00","20260318","2000","FE8-4351-000","000","M699","100.00","M/C","3","00"
"HT","2987910005","20260318","0900","10.00","2300","MHA1",NULL,NULL,NULL,"WF0000","2026-03-13 00:00:00","20260319","0100","FE8-4351-000","000","M699","100.00","M/C","3","00"
"HT","2987910005","20260318","0900","10.00","2300","MHA1",NULL,NULL,NULL,"WF0000","2026-03-13 00:00:00","20260319","0200","FE8-4351-000","000","M699","100.00","M/C","3","00"
"HT","2987910005","20260318","0900","15.00","2300","MHA1",NULL,NULL,NULL,"WF0000","2026-03-13 00:00:00","20260318","0900","FE8-4351-000","000","M699","100.00","M/C","3","00"
"HT","2987910005","20260318","0900","15.00","2300","MHA1",NULL,NULL,NULL,"WF0000","2026-03-13 00:00:00","20260318","1100","FE8-4351-000","000","M699","100.00","M/C","3","00"
"HT","2987910005","20260318","0900","15.00","2300","MHA1",NULL,NULL,NULL,"WF0000","2026-03-13 00:00:00","20260318","1300","FE8-4351-000","000","M699","100.00","M/C","3","00"
"HT","2987910005","20260318","0900","15.00","2300","MHA1",NULL,NULL,NULL,"WF0000","2026-03-13 00:00:00","20260318","1400","FE8-4351-000","000","M699","100.00","M/C","3","00"
"HT","2997180000","20260318","1100","6.00","4100","MHA1",NULL,NULL,NULL,"WF0000","2026-03-13 00:00:00","20260318","0800","QX2-5858-000","000","P377","100.00","M/C","3","00"
"HT","2997180000","20260318","2300","10.00","4100","MHA1",NULL,NULL,NULL,"WF0000","2026-03-13 00:00:00","20260319","0300","QX2-5858-000","000","P377","100.00","M/C","3","00"
"HT","2997180000","20260318","2300","10.00","4100","MHA1",NULL,NULL,NULL,"WF0000","2026-03-13 00:00:00","20260319","1000","QX2-5858-000","000","P377","100.00","M/C","3","00"
"HT","2997180000","20260318","2300","12.00","4100","MHA1",NULL,NULL,NULL,"WF0000","2026-03-13 00:00:00","20260319","0100","QX2-5858-000","000","P377","100.00","M/C","3","00"
"HT","2997180000","20260318","2300","12.00","4100","MHA1",NULL,NULL,NULL,"WF0000","2026-03-13 00:00:00","20260319","0200","QX2-5858-000","000","P377","100.00","M/C","3","00"
"HT","2997180000","20260318","2300","12.00","4100","MHA1",NULL,NULL,NULL,"WF0000","2026-03-13 00:00:00","20260319","0400","QX2-5858-000","000","P377","100.00","M/C","3","00"
"HT","2997180000","20260318","2300","12.00","4100","MHA1",NULL,NULL,NULL,"WF0000","2026-03-13 00:00:00","20260319","0900","QX2-5858-000","000","P377","100.00","M/C","3","00"
"HT","2997180000","20260318","2300","15.00","4100","MHA1",NULL,NULL,NULL,"WF0000","2026-03-13 00:00:00","20260319","0800","QX2-5858-000","000","P377","100.00","M/C","3","00"
"HT","2997540006","20260318","1500","20.00","4100","HTA4",NULL,NULL,NULL,"WF0000","2026-03-13 00:00:00","20260318","1100","QC5-8759-000","000","R200","100.00","M/C","3","00"
"HT","2998590002","20260318","1500","100.00","2300","MHA1",NULL,NULL,NULL,"WF0000","2026-03-13 00:00:00","20260318","2000","FE3-6749-000","000","S811","100.00","M/C","3","00"
"HT","2998590002","20260318","2300","100.00","2300","MHA1",NULL,NULL,NULL,"WF0000","2026-03-13 00:00:00","20260319","0200","FE3-6749-000","000","S811","100.00","M/C","3","00"
"HT","3000350004","20260318","2300","20.00","2100","MHA1",NULL,NULL,NULL,"WF0000","2026-03-13 00:00:00","20260319","0200","QC6-6807-000","000","S811","100.00","M/C","3","00"
"HT","3000390000","20260318","2300","40.00","2100","MHA1",NULL,NULL,NULL,"WF0000","2026-03-13 00:00:00","20260319","0100","QC6-6975-000","000","S811","100.00","M/C","3","00"
"HT","3000410004","20260318","2300","180.00","2100","MHA1",NULL,NULL,NULL,"WF0000","2026-03-13 00:00:00","20260319","0200","QC6-7002-000","000","S811","100.00","M/C","3","00"
"HT","3000420001","20260318","2300","20.00","2100","MHA1",NULL,NULL,NULL,"WF0000","2026-03-13 00:00:00","20260318","2300","QC6-7010-000","000","S811","100.00","M/C","3","00"
"HT","3000420001","20260318","2300","20.00","2100","MHA1",NULL,NULL,NULL,"WF0000","2026-03-13 00:00:00","20260319","0200","QC6-7010-000","000","S811","100.00","M/C","3","00"
"HT","3000430007","20260318","2300","20.00","2100","MHA1",NULL,NULL,NULL,"WF0000","2026-03-13 00:00:00","20260318","2300","QC6-8442-000","000","S811","100.00","M/C","3","00"
"HT","3000430007","20260318","2300","20.00","2100","MHA1",NULL,NULL,NULL,"WF0000","2026-03-13 00:00:00","20260319","0200","QC6-8442-000","000","S811","100.00","M/C","3","00"
"HT","3012570001","20260318","0800","55.00","2300","MHA1",NULL,NULL,NULL,"WF0000","2026-03-13 00:00:00","20260318","0800","FE3-6880-000","000","SAPN","100.00","M/C","3","00"
"HT","3014730005","20260318","0800","40.00","2300","MHA1",NULL,NULL,NULL,"WF0000","2026-03-13 00:00:00","20260318","0800","FL1-3631-000","000","SAPN","100.00","M/C","3","00"
"HT","3014750008","20260318","0800","40.00","2300","MHA1",NULL,NULL,NULL,"WF0000","2026-03-13 00:00:00","20260318","0800","FL1-3631-000","000","SAPN","100.00","M/C","3","00"
"HT","3014750008","20260318","2200","40.00","2300","MHA1",NULL,NULL,NULL,"WF0000","2026-03-13 00:00:00","20260319","0200","FL1-3631-000","000","SAPN","100.00","M/C","3","00"
"HT","3017110003","20260318","2000","10.00","4100","HTA1",NULL,NULL,NULL,"WF0000","2026-03-13 00:00:00","20260318","2100","QC8-1092-000","000","SAPN","100.00","M/C","3","00"
"HT","3017110003","20260318","2200","10.00","4100","HTA1",NULL,NULL,NULL,"WF0000","2026-03-13 00:00:00","20260318","2200","QC8-1092-000","000","SAPN","100.00","M/C","3","00"
"HT","3017110003","20260318","2200","10.00","4100","HTA1",NULL,NULL,NULL,"WF0000","2026-03-13 00:00:00","20260318","2300","QC8-1092-000","000","SAPN","100.00","M/C","3","00"
"HT","3017110003","20260318","2200","10.00","4100","HTA1",NULL,NULL,NULL,"WF0000","2026-03-13 00:00:00","20260319","0200","QC8-1092-000","000","SAPN","100.00","M/C","3","00"
"HT","3017110003","20260318","2200","10.00","4100","HTA1",NULL,NULL,NULL,"WF0000","2026-03-13 00:00:00","20260319","0300","QC8-1092-000","000","SAPN","100.00","M/C","3","00"
"HT","3017110003","20260318","2200","10.00","4100","HTA1",NULL,NULL,NULL,"WF0000","2026-03-13 00:00:00","20260319","0400","QC8-1092-000","000","SAPN","100.00","M/C","3","00"
"HT","3017110003","20260318","2200","20.00","4100","HTA1",NULL,NULL,NULL,"WF0000","2026-03-13 00:00:00","20260319","0100","QC8-1092-000","000","SAPN","100.00","M/C","3","00"
"HT","3017120000","20260318","2200","20.00","4100","MHA1",NULL,NULL,NULL,"WF0000","2026-03-13 00:00:00","20260318","2300","QC8-1135-000","000","SAPN","100.00","M/C","3","00"
"HT","3017160005","20260318","2200","10.00","4100","MHA6",NULL,NULL,NULL,"WF0000","2026-03-13 00:00:00","20260319","0100","QC8-1156-000","000","SAPN","100.00","M/C","3","00"
"HT","3017160005","20260318","2200","10.00","4100","MHA6",NULL,NULL,NULL,"WF0000","2026-03-13 00:00:00","20260319","0200","QC8-1156-000","000","SAPN","100.00","M/C","3","00"
"HT","3017160005","20260318","2200","10.00","4100","MHA6",NULL,NULL,NULL,"WF0000","2026-03-13 00:00:00","20260319","0300","QC8-1156-000","000","SAPN","100.00","M/C","3","00"
"HT","3017160005","20260318","2200","10.00","4100","MHA6",NULL,NULL,NULL,"WF0000","2026-03-13 00:00:00","20260319","0400","QC8-1156-000","000","SAPN","100.00","M/C","3","00"
"HT","3017260001","20260318","0800","10.00","4100","MHA1",NULL,NULL,NULL,"WF0000","2026-03-13 00:00:00","20260318","0800","QD1-2000-000","000","SAPN","100.00","M/C","3","00"
"HT","3017280003","20260318","0800","20.00","4100","MHA1",NULL,NULL,NULL,"WF0000","2026-03-13 00:00:00","20260318","0800","QD1-2028-000","000","SAPN","100.00","M/C","3","00"
"HT","3020600006","20260318","0900","6.00","2300","MHA1",NULL,NULL,NULL,"WF0000","2026-03-13 00:00:00","20260318","0800","FX2-3628-000","000","T423","100.00","M/C","3","00"
"HT","3020600006","20260318","1300","6.00","2300","MHA1",NULL,NULL,NULL,"WF0000","2026-03-13 00:00:00","20260319","0100","FX2-3628-000","000","T423","100.00","M/C","3","00"
"HT","3020630005","20260318","0900","6.00","2300","MHA1",NULL,NULL,NULL,"WF0000","2026-03-13 00:00:00","20260318","0800","FX2-3630-000","000","T423","100.00","M/C","3","00"
"HT","3020630005","20260318","1300","6.00","2300","MHA1",NULL,NULL,NULL,"WF0000","2026-03-13 00:00:00","20260319","0100","FX2-3630-000","000","T423","100.00","M/C","3","00"
"HT","3020630005","20260318","1300","6.00","2300","MHA1",NULL,NULL,NULL,"WF0000","2026-03-13 00:00:00","20260319","0200","FX2-3630-000","000","T423","100.00","M/C","3","00"
"HT","3020630005","20260318","1300","6.00","2300","MHA1",NULL,NULL,NULL,"WF0000","2026-03-13 00:00:00","20260319","0300","FX2-3630-000","000","T423","100.00","M/C","3","00"
"HT","3020630005","20260318","1300","6.00","2300","MHA1",NULL,NULL,NULL,"WF0000","2026-03-13 00:00:00","20260319","0400","FX2-3630-000","000","T423","100.00","M/C","3","00"
"HT","3020640001","20260318","0900","6.00","2300","MHA1",NULL,NULL,NULL,"WF0000","2026-03-13 00:00:00","20260318","0800","FX2-3631-000","000","T423","100.00","M/C","3","00"
"HT","3020640001","20260318","1300","6.00","2300","MHA1",NULL,NULL,NULL,"WF0000","2026-03-13 00:00:00","20260319","0100","FX2-3631-000","000","T423","100.00","M/C","3","00"
"HT","3020640001","20260318","1300","6.00","2300","MHA1",NULL,NULL,NULL,"WF0000","2026-03-13 00:00:00","20260319","0200","FX2-3631-000","000","T423","100.00","M/C","3","00"
"HT","3020640001","20260318","1300","6.00","2300","MHA1",NULL,NULL,NULL,"WF0000","2026-03-13 00:00:00","20260319","0300","FX2-3631-000","000","T423","100.00","M/C","3","00"
"HT","3020640001","20260318","1300","6.00","2300","MHA1",NULL,NULL,NULL,"WF0000","2026-03-13 00:00:00","20260319","0400","FX2-3631-000","000","T423","100.00","M/C","3","00"
"HT","3020650008","20260318","1300","16.00","2300","MHA1",NULL,NULL,NULL,"WF0000","2026-03-13 00:00:00","20260319","0200","FX2-3632-000","000","T423","100.00","M/C","3","00"
"HT","3020670001","20260318","1300","16.00","2300","MHA1",NULL,NULL,NULL,"WF0000","2026-03-13 00:00:00","20260319","0200","FX2-3633-000","000","T423","100.00","M/C","3","00"
"HT","3022710007","20260318","0800","50.00","2300","MHA1",NULL,NULL,NULL,"WF0000","2026-03-13 00:00:00","20260318","0800","FE3-6869-000","000","T731","100.00","M/C","3","01"
"HT","3022730000","20260318","0800","50.00","2300","MHA1",NULL,NULL,NULL,"WF0000","2026-03-13 00:00:00","20260318","0800","FE3-6870-000","000","T731","100.00","M/C","3","01"
"HT","3024910007","20260318","2000","10.00","2100","MHA1",NULL,NULL,NULL,"WF0000","2026-03-13 00:00:00","20260318","2300","QC6-6935-000","000","T731","100.00","M/C","3","01"
"HT","3024910007","20260319","0100","10.00","2100","MHA1",NULL,NULL,NULL,"WF0000","2026-03-13 00:00:00","20260319","0100","QC6-6935-000","000","T731","100.00","M/C","3","01"
"HT","3024910007","20260319","0100","10.00","2100","MHA1",NULL,NULL,NULL,"WF0000","2026-03-13 00:00:00","20260319","0200","QC6-6935-000","000","T731","100.00","M/C","3","01"
"HT","3024920003","20260318","2000","20.00","2100","MHA1",NULL,NULL,NULL,"WF0000","2026-03-13 00:00:00","20260318","2300","QC6-6973-000","000","T731","100.00","M/C","3","01"
"HT","3024920003","20260319","0100","20.00","2100","MHA1",NULL,NULL,NULL,"WF0000","2026-03-13 00:00:00","20260319","0200","QC6-6973-000","000","T731","100.00","M/C","3","01"
"HT","3024960009","20260318","2000","20.00","2100","MHA1",NULL,NULL,NULL,"WF0000","2026-03-13 00:00:00","20260318","2300","QC6-6988-000","000","T731","100.00","M/C","3","01"
"HT","3024960009","20260319","0100","20.00","2100","MHA1",NULL,NULL,NULL,"WF0000","2026-03-13 00:00:00","20260319","0200","QC6-6988-000","000","T731","100.00","M/C","3","01"
"HT","3024980001","20260318","2000","10.00","2100","MHA1",NULL,NULL,NULL,"WF0000","2026-03-13 00:00:00","20260318","2300","QC6-7006-000","000","T731","100.00","M/C","3","01"
"HT","3024980001","20260319","0100","10.00","2100","MHA1",NULL,NULL,NULL,"WF0000","2026-03-13 00:00:00","20260319","0100","QC6-7006-000","000","T731","100.00","M/C","3","01"
"HT","3024980001","20260319","0100","10.00","2100","MHA1",NULL,NULL,NULL,"WF0000","2026-03-13 00:00:00","20260319","0200","QC6-7006-000","000","T731","100.00","M/C","3","01"
"HT","3024990008","20260319","0100","100.00","2100","MHA1",NULL,NULL,NULL,"WF0000","2026-03-13 00:00:00","20260319","0100","QC6-7007-000","000","T731","100.00","M/C","3","01"
"HT","3025020009","20260318","2000","20.00","2100","MHA1",NULL,NULL,NULL,"WF0000","2026-03-13 00:00:00","20260318","2300","QC6-8452-000","000","T731","100.00","M/C","3","01"
"HT","3025020009","20260319","0100","20.00","2100","MHA1",NULL,NULL,NULL,"WF0000","2026-03-13 00:00:00","20260319","0100","QC6-8452-000","000","T731","100.00","M/C","3","01"
"HT","3025040001","20260318","2000","10.00","2100","MHA1",NULL,NULL,NULL,"WF0000","2026-03-13 00:00:00","20260318","2300","QC6-9417-000","000","T731","100.00","M/C","3","01"
"HT","3025040001","20260319","0100","10.00","2100","MHA1",NULL,NULL,NULL,"WF0000","2026-03-13 00:00:00","20260319","0100","QC6-9417-000","000","T731","100.00","M/C","3","01"
"HT","3025040001","20260319","0100","10.00","2100","MHA1",NULL,NULL,NULL,"WF0000","2026-03-13 00:00:00","20260319","0200","QC6-9417-000","000","T731","100.00","M/C","3","01"
"HT","3034690005","20260318","0900","20.00","4100","HTA1",NULL,NULL,NULL,"WF0000","2026-03-13 00:00:00","20260318","0800","QC5-6080-000","000","X411","100.00","M/C","3","00"
"HT","3034720006","20260318","0900","40.00","4100","HTA4",NULL,NULL,NULL,"WF0000","2026-03-13 00:00:00","20260318","1000","QC5-6147-000","000","X411","100.00","M/C","3","00"
"HT","3034730002","20260318","0900","20.00","4100","HTA4",NULL,NULL,NULL,"WF0000","2026-03-13 00:00:00","20260319","0100","QC5-6149-000","000","X411","100.00","M/C","3","00"
"HT","3034740009","20260318","0900","10.00","4100","HTA4",NULL,NULL,NULL,"WF0000","2026-03-13 00:00:00","20260318","0900","QC5-6159-000","000","X411","100.00","M/C","3","00"
"HT","3034790001","20260318","0900","20.00","4100","HTA4",NULL,NULL,NULL,"WF0000","2026-03-13 00:00:00","20260318","1100","QC5-8119-000","000","X411","100.00","M/C","3","00"
"HT","3034800009","20260318","0900","60.00","4100","HTA4",NULL,NULL,NULL,"WF0000","2026-03-13 00:00:00","20260319","0200","QC5-8743-000","000","X411","100.00","M/C","3","00"
"HT","3034870003","20260318","0900","20.00","4100","HTA1",NULL,NULL,NULL,"WF0000","2026-03-13 00:00:00","20260318","2000","QC5-9258-000","000","X411","100.00","M/C","3","00"
"HT","3034870003","20260318","0900","20.00","4100","HTA1",NULL,NULL,NULL,"WF0000","2026-03-13 00:00:00","20260318","2200","QC5-9258-000","000","X411","100.00","M/C","3","00"
"HT","3034870003","20260318","0900","20.00","4100","HTA1",NULL,NULL,NULL,"WF0000","2026-03-13 00:00:00","20260319","0100","QC5-9258-000","000","X411","100.00","M/C","3","00"
"HT","3034870003","20260318","0900","20.00","4100","HTA1",NULL,NULL,NULL,"WF0000","2026-03-13 00:00:00","20260319","0200","QC5-9258-000","000","X411","100.00","M/C","3","00"
"HT","3034870003","20260318","0900","20.00","4100","HTA1",NULL,NULL,NULL,"WF0000","2026-03-13 00:00:00","20260319","0400","QC5-9258-000","000","X411","100.00","M/C","3","00"
"HT","3034870003","20260318","0900","20.00","4100","HTA1",NULL,NULL,NULL,"WF0000","2026-03-13 00:00:00","20260319","0800","QC5-9258-000","000","X411","100.00","M/C","3","00"
"HT","3034950006","20260318","0900","10.00","4100","HTA1",NULL,NULL,NULL,"WF0000","2026-03-13 00:00:00","20260319","0400","QC5-9332-000","000","X411","100.00","M/C","3","00"
"HT","3034950006","20260318","0900","10.00","4100","HTA1",NULL,NULL,NULL,"WF0000","2026-03-13 00:00:00","20260319","0800","QC5-9332-000","000","X411","100.00","M/C","3","00"
"HT","3034950006","20260318","0900","20.00","4100","HTA1",NULL,NULL,NULL,"WF0000","2026-03-13 00:00:00","20260318","0900","QC5-9332-000","000","X411","100.00","M/C","3","00"
"HT","3034950006","20260318","0900","20.00","4100","HTA1",NULL,NULL,NULL,"WF0000","2026-03-13 00:00:00","20260318","1400","QC5-9332-000","000","X411","100.00","M/C","3","00"
"HT","3034950006","20260318","0900","20.00","4100","HTA1",NULL,NULL,NULL,"WF0000","2026-03-13 00:00:00","20260318","2100","QC5-9332-000","000","X411","100.00","M/C","3","00"
"HT","3034950006","20260318","0900","20.00","4100","HTA1",NULL,NULL,NULL,"WF0000","2026-03-13 00:00:00","20260319","0200","QC5-9332-000","000","X411","100.00","M/C","3","00"
"HT","3034970009","20260318","0900","200.00","4100","MHA6",NULL,NULL,NULL,"WF0000","2026-03-13 00:00:00","20260319","0400","QC5-9377-000","000","X411","100.00","M/C","3","00"
"HT","3035040005","20260318","0900","20.00","4100","MHA6",NULL,NULL,NULL,"WF0000","2026-03-13 00:00:00","20260318","2000","QC5-9447-000","000","X411","100.00","M/C","3","00"
"HT","3035040005","20260318","0900","20.00","4100","MHA6",NULL,NULL,NULL,"WF0000","2026-03-13 00:00:00","20260318","2200","QC5-9447-000","000","X411","100.00","M/C","3","00"
"HT","3035040005","20260318","0900","20.00","4100","MHA6",NULL,NULL,NULL,"WF0000","2026-03-13 00:00:00","20260319","0100","QC5-9447-000","000","X411","100.00","M/C","3","00"
"HT","3035040005","20260318","0900","20.00","4100","MHA6",NULL,NULL,NULL,"WF0000","2026-03-13 00:00:00","20260319","0200","QC5-9447-000","000","X411","100.00","M/C","3","00"
"HT","3035040005","20260318","0900","20.00","4100","MHA6",NULL,NULL,NULL,"WF0000","2026-03-13 00:00:00","20260319","0400","QC5-9447-000","000","X411","100.00","M/C","3","00"
"HT","3035600002","20260318","0900","20.00","4100","MHA6",NULL,NULL,NULL,"WF0000","2026-03-13 00:00:00","20260318","2300","QC8-1157-000","000","X411","100.00","M/C","3","00"
"HT","3035600002","20260318","0900","20.00","4100","MHA6",NULL,NULL,NULL,"WF0000","2026-03-13 00:00:00","20260319","0100","QC8-1157-000","000","X411","100.00","M/C","3","00"
"HT","3035600002","20260318","0900","20.00","4100","MHA6",NULL,NULL,NULL,"WF0000","2026-03-13 00:00:00","20260319","0300","QC8-1157-000","000","X411","100.00","M/C","3","00"
"HT","3035600002","20260318","0900","20.00","4100","MHA6",NULL,NULL,NULL,"WF0000","2026-03-13 00:00:00","20260319","0800","QC8-1157-000","000","X411","100.00","M/C","3","00"
"HT","9579860009","20260109","0900","40.00","2100","MHA1",NULL,NULL,NULL,"WF0000","2026-01-07 11:15:42","20260109","1300","QX2-0040-000","000","SACP","100.00","M/C","2","00"
"HT","9579860009","20260109","1400","30.00","2100","MHA1",NULL,NULL,NULL,"WF0000","2026-01-07 11:15:42","20260109","1400","QX2-0040-000","000","SACP","100.00","M/C","2","00"
"HT","9579860009","20260109","1500","20.00","2100","MHA1",NULL,NULL,NULL,"WF0000","2026-01-07 11:15:42","20260109","1600","QX2-0040-000","000","SACP","100.00","M/C","2","00"
"HT","9579860009","20260109","1500","30.00","2100","MHA1",NULL,NULL,NULL,"WF0000","2026-01-07 11:15:42","20260109","1500","QX2-0040-000","000","SACP","100.00","M/C","2","00"
"HT","9579860009","20260109","1500","60.00","2100","MHA1",NULL,NULL,NULL,"WF0000","2026-01-07 11:15:42","20260109","2000","QX2-0040-000","000","SACP","100.00","M/C","2","00"
"HT","9579900006","20260109","1500","30.00","2100","MHA1",NULL,NULL,NULL,"WF0000","2026-01-07 11:15:42","20260109","2100","QX2-0058-000","000","SACP","100.00","M/C","2","00"
"HT","9579900006","20260109","1500","30.00","2100","MHA1",NULL,NULL,NULL,"WF0000","2026-01-07 11:15:42","20260109","2200","QX2-0058-000","000","SACP","100.00","M/C","2","00"
"HT","9579900006","20260109","1500","30.00","2100","MHA1",NULL,NULL,NULL,"WF0000","2026-01-07 11:15:42","20260109","2300","QX2-0058-000","000","SACP","100.00","M/C","2","00"
"HT","9646930003","20260109","1500","30.00","2100","MHA1",NULL,NULL,NULL,"WF0000","2026-01-07 11:15:42","20260110","0200","QX2-0063-000","000","SACP","100.00","M/C","2","00"
"HT","9646930003","20260109","1500","30.00","2100","MHA1",NULL,NULL,NULL,"WF0000","2026-01-07 11:15:42","20260110","0300","QX2-0063-000","000","SACP","100.00","M/C","2","00"
"HT","9646930003","20260109","1500","30.00","2100","MHA1",NULL,NULL,NULL,"WF0000","2026-01-07 11:15:42","20260110","0400","QX2-0063-000","000","SACP","100.00","M/C","2","00"
"HT",NULL,"20260317","0800","1.00","2100",NULL,NULL,NULL,NULL,"WF0018","2026-03-13 00:00:00","20260317","0800","QX2-3450-000","000","P377","100.00","M/C","2","00"
"HT",NULL,"20260317","0800","1.00","2100",NULL,NULL,NULL,NULL,"WF0018","2026-03-13 00:00:00","20260317","0800","QX2-3727-000","000","P377","100.00","M/C","2","00"
"HT",NULL,"20260317","0800","10.00","4100",NULL,NULL,NULL,NULL,"WF0018","2026-03-13 00:00:00","20260317","0800","QC5-6172-000","000","S811","100.00","M/C","2","00"
"HT",NULL,"20260317","0800","10.00","4100",NULL,NULL,NULL,NULL,"WF0018","2026-03-13 00:00:00","20260317","0800","QD1-2687-000","000","S811","100.00","M/C","2","00"
"HT",NULL,"20260317","0800","20.00","2100",NULL,NULL,NULL,NULL,"WF0020","2026-03-13 00:00:00","20260317","0800","QC6-8786-000","000","SAPN","100.00","M/C","2","00"
"HT",NULL,"20260317","0800","40.00","4100",NULL,NULL,NULL,NULL,"WF0018","2026-03-13 00:00:00","20260317","0800","QD1-2677-000","000","S811","100.00","M/C","2","00"
"HT",NULL,"20260317","0800","60.00","4100",NULL,NULL,NULL,NULL,"WF0018","2026-03-13 00:00:00","20260317","0800","QD1-1758-000","000","S811","100.00","M/C","2","00"
"HT",NULL,"20260317","0800","60.00","4100",NULL,NULL,NULL,NULL,"WF0018","2026-03-13 00:00:00","20260317","0800","QD1-1773-000","000","S811","100.00","M/C","2","00"
"HT",NULL,"20260317","0800","120.00","4100",NULL,NULL,NULL,NULL,"WF0018","2026-03-13 00:00:00","20260317","0800","QD1-2318-000","000","M718","100.00","M/C","2","00"
"HT",NULL,"20260317","0800","140.00","4100",NULL,NULL,NULL,NULL,"WF0018","2026-03-13 00:00:00","20260317","0800","QC5-6220-000","000","S811","100.00","M/C","2","00"
"HT",NULL,"20260317","0800","240.00","4100",NULL,NULL,NULL,NULL,"WF0018","2026-03-13 00:00:00","20260317","0800","QC4-9355-000","000","S811","100.00","M/C","2","00"
"HT",NULL,"20260317","0800","240.00","4100",NULL,NULL,NULL,NULL,"WF0018","2026-03-13 00:00:00","20260317","0800","QC5-8115-000","000","S811","100.00","M/C","2","00"
"HT",NULL,"20260317","0800","240.00","4100",NULL,NULL,NULL,NULL,"WF0018","2026-03-13 00:00:00","20260317","0800","QC5-8751-000","000","S811","100.00","M/C","2","00"
"HT",NULL,"20260317","0800","280.00","4100",NULL,NULL,NULL,NULL,"WF0018","2026-03-13 00:00:00","20260317","0800","QC4-9117-000","000","M718","100.00","M/C","2","00"
"HT",NULL,"20260317","0800","400.00","4100",NULL,NULL,NULL,NULL,"WF0018","2026-03-13 00:00:00","20260317","0800","QC4-9154-000","000","C060","100.00","M/C","2","00"
"HT",NULL,"20260317","0800","400.00","4100",NULL,NULL,NULL,NULL,"WF0018","2026-03-13 00:00:00","20260317","0800","QC5-9289-000","000","S811","100.00","M/C","2","00"
"HT",NULL,"20260317","0800","540.00","4100",NULL,NULL,NULL,NULL,"WF0018","2026-03-13 00:00:00","20260317","0800","QC6-5441-000","000","S811","100.00","M/C","2","00"
"HT",NULL,"20260317","0800","1600.00","4100",NULL,NULL,NULL,NULL,"WF0018","2026-03-13 00:00:00","20260317","0800","QD1-1783-000","000","S811","100.00","M/C","2","00"
"HT",NULL,"20260317","0800","1740.00","4100",NULL,NULL,NULL,NULL,"WF0018","2026-03-13 00:00:00","20260317","0800","QD1-1680-000","000","M718","100.00","M/C","2","00"
"HT",NULL,"20260317","0900","10.00","4100",NULL,NULL,NULL,NULL,"WF0020","2026-03-13 00:00:00","20260317","0800","QC5-6172-000","000","S811","100.00","M/C","2","00"
"HT",NULL,"20260317","0900","10.00","4100",NULL,NULL,NULL,NULL,"WF0020","2026-03-13 00:00:00","20260317","0800","QD1-2687-000","000","S811","100.00","M/C","2","00"
"HT",NULL,"20260317","0900","10.00","4100",NULL,NULL,NULL,NULL,"WF0020","2026-03-13 00:00:00","20260317","1400","QC8-1124-000","000","M699","100.00","M/C","2","00"
"HT",NULL,"20260317","0900","20.00","4100",NULL,NULL,NULL,NULL,"WF0020","2026-03-13 00:00:00","20260317","0900","QD1-1758-000","000","S811","100.00","M/C","2","00"
"HT",NULL,"20260317","0900","20.00","4100",NULL,NULL,NULL,NULL,"WF0020","2026-03-13 00:00:00","20260318","0200","QC8-1124-000","000","M699","100.00","M/C","2","00"
"HT",NULL,"20260317","0900","20.00","4100",NULL,NULL,NULL,NULL,"WF0020","2026-03-13 00:00:00","20260318","0200","QC8-1148-000","000","M699","100.00","M/C","2","00"
"HT",NULL,"20260317","0900","20.00","4100",NULL,NULL,NULL,NULL,"WF0020","2026-03-13 00:00:00","20260318","0400","QC8-1148-000","000","M699","100.00","M/C","2","00"
"HT",NULL,"20260317","0900","30.00","4100",NULL,NULL,NULL,NULL,"WF0020","2026-03-13 00:00:00","20260317","0900","QC8-1124-000","000","M699","100.00","M/C","2","00"
"HT",NULL,"20260317","0900","30.00","4100",NULL,NULL,NULL,NULL,"WF0020","2026-03-13 00:00:00","20260317","2100","QC8-1124-000","000","M699","100.00","M/C","2","00"
"HT",NULL,"20260317","0900","40.00","4100",NULL,NULL,NULL,NULL,"WF0020","2026-03-13 00:00:00","20260317","0800","QD1-2677-000","000","S811","100.00","M/C","2","00"
"HT",NULL,"20260317","0900","40.00","4100",NULL,NULL,NULL,NULL,"WF0020","2026-03-13 00:00:00","20260317","0900","QC8-1148-000","000","M699","100.00","M/C","2","00"
"HT",NULL,"20260317","0900","40.00","4100",NULL,NULL,NULL,NULL,"WF0020","2026-03-13 00:00:00","20260317","0900","QD1-2677-000","000","S811","100.00","M/C","2","00"
"HT",NULL,"20260317","0900","50.00","4100",NULL,NULL,NULL,NULL,"WF0020","2026-03-13 00:00:00","20260317","0900","QC5-9216-000","000","M699","100.00","M/C","2","00"
"HT",NULL,"20260317","0900","60.00","4100",NULL,NULL,NULL,NULL,"WF0018","2026-03-13 00:00:00","20260317","0900","QD1-2318-000","000","M718","100.00","M/C","2","00"
"HT",NULL,"20260317","0900","60.00","4100",NULL,NULL,NULL,NULL,"WF0020","2026-03-13 00:00:00","20260317","0800","QD1-1758-000","000","S811","100.00","M/C","2","00"
"HT",NULL,"20260317","0900","60.00","4100",NULL,NULL,NULL,NULL,"WF0020","2026-03-13 00:00:00","20260317","0800","QD1-1773-000","000","S811","100.00","M/C","2","00"
"HT",NULL,"20260317","0900","70.00","4100",NULL,NULL,NULL,NULL,"WF0020","2026-03-13 00:00:00","20260317","2100","QC5-9216-000","000","M699","100.00","M/C","2","00"
"HT",NULL,"20260317","0900","120.00","4100",NULL,NULL,NULL,NULL,"WF0020","2026-03-13 00:00:00","20260317","0800","QC5-6220-000","000","S811","100.00","M/C","2","00"
"HT",NULL,"20260317","0900","140.00","4100",NULL,NULL,NULL,NULL,"WF0018","2026-03-13 00:00:00","20260317","0900","QC4-9117-000","000","M718","100.00","M/C","2","00"
"HT",NULL,"20260317","0900","160.00","4100",NULL,NULL,NULL,NULL,"WF0020","2026-03-13 00:00:00","20260317","0800","QC4-9355-000","000","S811","100.00","M/C","2","00"
"HT",NULL,"20260317","0900","220.00","4100",NULL,NULL,NULL,NULL,"WF0020","2026-03-13 00:00:00","20260317","0800","QC5-8115-000","000","S811","100.00","M/C","2","00"
"HT",NULL,"20260317","0900","220.00","4100",NULL,NULL,NULL,NULL,"WF0020","2026-03-13 00:00:00","20260317","0800","QC5-8751-000","000","S811","100.00","M/C","2","00"
"HT",NULL,"20260317","0900","340.00","4100",NULL,NULL,NULL,NULL,"WF0020","2026-03-13 00:00:00","20260317","0800","QC6-5441-000","000","S811","100.00","M/C","2","00"
"HT",NULL,"20260317","0900","1550.00","4100",NULL,NULL,NULL,NULL,"WF0020","2026-03-13 00:00:00","20260317","0800","QD1-1783-000","000","S811","100.00","M/C","2","00"
"HT",NULL,"20260317","1100","1.00","2100",NULL,NULL,NULL,NULL,"WF0020","2026-03-13 00:00:00","20260317","0800","QX2-3450-000","000","P377","100.00","M/C","2","00"
"HT",NULL,"20260317","1100","1.00","2100",NULL,NULL,NULL,NULL,"WF0020","2026-03-13 00:00:00","20260317","0800","QX2-3727-000","000","P377","100.00","M/C","2","00"
"HT",NULL,"20260317","1300","100.00","4100",NULL,NULL,NULL,NULL,"WF0020","2026-03-13 00:00:00","20260318","0900","QC6-8336-000","000","C060","100.00","M/C","2","00"
"HT",NULL,"20260317","1300","120.00","4100",NULL,NULL,NULL,NULL,"WF0020","2026-03-13 00:00:00","20260318","1000","QC5-9947-000","000","C060","100.00","M/C","2","00"
"HT",NULL,"20260317","1300","200.00","4100",NULL,NULL,NULL,NULL,"WF0020","2026-03-13 00:00:00","20260318","0400","QD1-1736-000","000","C060","100.00","M/C","2","00"
"HT",NULL,"20260317","1300","400.00","4100",NULL,NULL,NULL,NULL,"WF0020","2026-03-13 00:00:00","20260317","0800","QC4-9154-000","000","C060","100.00","M/C","2","00"
"HT",NULL,"20260317","1400","60.00","4100",NULL,NULL,NULL,NULL,"WF0020","2026-03-13 00:00:00","20260317","0900","QD1-2318-000","000","M718","100.00","M/C","2","00"
"HT",NULL,"20260317","1400","120.00","4100",NULL,NULL,NULL,NULL,"WF0020","2026-03-13 00:00:00","20260317","0800","QD1-2318-000","000","M718","100.00","M/C","2","00"
"HT",NULL,"20260317","1400","140.00","4100",NULL,NULL,NULL,NULL,"WF0020","2026-03-13 00:00:00","20260317","0900","QC4-9117-000","000","M718","100.00","M/C","2","00"
"HT",NULL,"20260317","1400","140.00","4100",NULL,NULL,NULL,NULL,"WF0020","2026-03-13 00:00:00","20260317","1400","QC4-9117-000","000","M718","100.00","M/C","2","00"
"HT",NULL,"20260317","1400","140.00","4100",NULL,NULL,NULL,NULL,"WF0020","2026-03-13 00:00:00","20260317","2200","QC4-9117-000","000","M718","100.00","M/C","2","00"
"HT",NULL,"20260317","1400","140.00","4100",NULL,NULL,NULL,NULL,"WF0020","2026-03-13 00:00:00","20260318","0900","QC4-9117-000","000","M718","100.00","M/C","2","00"
"HT",NULL,"20260317","1400","280.00","4100",NULL,NULL,NULL,NULL,"WF0020","2026-03-13 00:00:00","20260317","0800","QC4-9117-000","000","M718","100.00","M/C","2","00"
"HT",NULL,"20260317","1400","1740.00","4100",NULL,NULL,NULL,NULL,"WF0020","2026-03-13 00:00:00","20260317","0800","QD1-1680-000","000","M718","100.00","M/C","2","00"
"HT",NULL,"20260317","1500","10.00","4100",NULL,NULL,NULL,NULL,"WF0020","2026-03-13 00:00:00","20260317","2200","QC6-3431-000","000","S811","100.00","M/C","2","00"
"HT",NULL,"20260317","1500","25.00","4100",NULL,NULL,NULL,NULL,"WF0020","2026-03-13 00:00:00","20260317","2100","QC6-3431-000","000","S811","100.00","M/C","2","00"
"HT",NULL,"20260317","1500","30.00","4100",NULL,NULL,NULL,NULL,"WF0020","2026-03-13 00:00:00","20260317","2100","QC6-3405-000","000","S811","100.00","M/C","2","00"
"HT",NULL,"20260317","1500","40.00","4100",NULL,NULL,NULL,NULL,"WF0020","2026-03-13 00:00:00","20260317","1600","QC5-9289-000","000","S811","100.00","M/C","2","00"
"HT",NULL,"20260317","1500","40.00","4100",NULL,NULL,NULL,NULL,"WF0020","2026-03-13 00:00:00","20260317","2100","QD1-1227-000","000","S811","100.00","M/C","2","00"
"HT",NULL,"20260317","1500","60.00","4100",NULL,NULL,NULL,NULL,"WF0020","2026-03-13 00:00:00","20260317","2100","QC5-9289-000","000","S811","100.00","M/C","2","00"
"HT",NULL,"20260317","2300","3.00","2100",NULL,NULL,NULL,NULL,"WF0020","2026-03-13 00:00:00","20260318","0400","QX2-7787-000","000","SACP","100.00","M/C","2","00"
"HT",NULL,"20260317","2300","5.00","4100",NULL,NULL,NULL,NULL,"WF0020","2026-03-13 00:00:00","20260318","0800","QC6-3431-000","000","S811","100.00","M/C","2","00"
"HT",NULL,"20260317","2300","7.00","2100",NULL,NULL,NULL,NULL,"WF0020","2026-03-13 00:00:00","20260318","0800","QX2-7787-000","000","SACP","100.00","M/C","2","00"
"HT",NULL,"20260317","2300","10.00","4100",NULL,NULL,NULL,NULL,"WF0020","2026-03-13 00:00:00","20260317","2300","QC6-3405-000","000","S811","100.00","M/C","2","00"
"HT",NULL,"20260317","2300","10.00","4100",NULL,NULL,NULL,NULL,"WF0020","2026-03-13 00:00:00","20260317","2300","QC6-3431-000","000","S811","100.00","M/C","2","00"
"HT",NULL,"20260317","2300","10.00","4100",NULL,NULL,NULL,NULL,"WF0020","2026-03-13 00:00:00","20260318","0100","QC6-3405-000","000","S811","100.00","M/C","2","00"
"HT",NULL,"20260317","2300","10.00","4100",NULL,NULL,NULL,NULL,"WF0020","2026-03-13 00:00:00","20260318","0100","QC6-3431-000","000","S811","100.00","M/C","2","00"
"HT",NULL,"20260317","2300","10.00","4100",NULL,NULL,NULL,NULL,"WF0020","2026-03-13 00:00:00","20260318","0300","QC6-3405-000","000","S811","100.00","M/C","2","00"
"HT",NULL,"20260317","2300","10.00","4100",NULL,NULL,NULL,NULL,"WF0020","2026-03-13 00:00:00","20260318","0400","QC6-3405-000","000","S811","100.00","M/C","2","00"
"HT",NULL,"20260317","2300","10.00","4100",NULL,NULL,NULL,NULL,"WF0020","2026-03-13 00:00:00","20260318","0400","QC6-3431-000","000","S811","100.00","M/C","2","00"
"HT",NULL,"20260317","2300","10.00","4100",NULL,NULL,NULL,NULL,"WF0020","2026-03-13 00:00:00","20260318","0800","QC6-3405-000","000","S811","100.00","M/C","2","00"
"HT",NULL,"20260317","2300","15.00","4100",NULL,NULL,NULL,NULL,"WF0020","2026-03-13 00:00:00","20260318","0200","QC6-3431-000","000","S811","100.00","M/C","2","00"
"HT",NULL,"20260317","2300","15.00","4100",NULL,NULL,NULL,NULL,"WF0020","2026-03-13 00:00:00","20260318","0300","QC6-3431-000","000","S811","100.00","M/C","2","00"
"HT",NULL,"20260317","2300","20.00","4100",NULL,NULL,NULL,NULL,"WF0020","2026-03-13 00:00:00","20260317","2300","QD1-1227-000","000","S811","100.00","M/C","2","00"
"HT",NULL,"20260317","2300","20.00","4100",NULL,NULL,NULL,NULL,"WF0020","2026-03-13 00:00:00","20260318","0100","QC5-9289-000","000","S811","100.00","M/C","2","00"
"HT",NULL,"20260317","2300","20.00","4100",NULL,NULL,NULL,NULL,"WF0020","2026-03-13 00:00:00","20260318","0100","QC6-5441-000","000","S811","100.00","M/C","2","00"
"HT",NULL,"20260317","2300","20.00","4100",NULL,NULL,NULL,NULL,"WF0020","2026-03-13 00:00:00","20260318","0200","QC4-9355-000","000","S811","100.00","M/C","2","00"
"HT",NULL,"20260317","2300","20.00","4100",NULL,NULL,NULL,NULL,"WF0020","2026-03-13 00:00:00","20260318","0200","QC6-3405-000","000","S811","100.00","M/C","2","00"
"HT",NULL,"20260317","2300","20.00","4100",NULL,NULL,NULL,NULL,"WF0020","2026-03-13 00:00:00","20260318","0200","QC6-5441-000","000","S811","100.00","M/C","2","00"
"HT",NULL,"20260317","2300","20.00","4100",NULL,NULL,NULL,NULL,"WF0020","2026-03-13 00:00:00","20260318","0200","QD1-1227-000","000","S811","100.00","M/C","2","00"
"HT",NULL,"20260317","2300","20.00","4100",NULL,NULL,NULL,NULL,"WF0020","2026-03-13 00:00:00","20260318","0300","QC4-9355-000","000","S811","100.00","M/C","2","00"
"HT",NULL,"20260317","2300","20.00","4100",NULL,NULL,NULL,NULL,"WF0020","2026-03-13 00:00:00","20260318","0300","QD1-1227-000","000","S811","100.00","M/C","2","00"
"HT",NULL,"20260317","2300","20.00","4100",NULL,NULL,NULL,NULL,"WF0020","2026-03-13 00:00:00","20260318","0400","QC6-5441-000","000","S811","100.00","M/C","2","00"
"HT",NULL,"20260317","2300","20.00","4100",NULL,NULL,NULL,NULL,"WF0020","2026-03-13 00:00:00","20260318","0400","QD1-1227-000","000","S811","100.00","M/C","2","00"
"HT",NULL,"20260317","2300","20.00","4100",NULL,NULL,NULL,NULL,"WF0020","2026-03-13 00:00:00","20260318","0800","QC4-9355-000","000","S811","100.00","M/C","2","00"
"HT",NULL,"20260317","2300","20.00","4100",NULL,NULL,NULL,NULL,"WF0020","2026-03-13 00:00:00","20260318","0800","QC5-9289-000","000","S811","100.00","M/C","2","00"
"HT",NULL,"20260317","2300","20.00","4100",NULL,NULL,NULL,NULL,"WF0020","2026-03-13 00:00:00","20260318","0800","QC6-5441-000","000","S811","100.00","M/C","2","00"
"HT",NULL,"20260317","2300","20.00","4100",NULL,NULL,NULL,NULL,"WF0020","2026-03-13 00:00:00","20260318","0800","QD1-1227-000","000","S811","100.00","M/C","2","00"
"HT",NULL,"20260317","2300","40.00","4100",NULL,NULL,NULL,NULL,"WF0020","2026-03-13 00:00:00","20260318","0100","QD1-1227-000","000","S811","100.00","M/C","2","00"
"HT",NULL,"20260317","2300","40.00","4100",NULL,NULL,NULL,NULL,"WF0020","2026-03-13 00:00:00","20260318","0200","QC4-9109-000","000","S811","100.00","M/C","2","00"
"HT",NULL,"20260317","2300","40.00","4100",NULL,NULL,NULL,NULL,"WF0020","2026-03-13 00:00:00","20260318","0200","QC5-9289-000","000","S811","100.00","M/C","2","00"
"HT",NULL,"20260317","2300","40.00","4100",NULL,NULL,NULL,NULL,"WF0020","2026-03-13 00:00:00","20260318","0300","QC5-9289-000","000","S811","100.00","M/C","2","00"
"HT",NULL,"20260317","2300","40.00","4100",NULL,NULL,NULL,NULL,"WF0020","2026-03-13 00:00:00","20260318","0300","QC6-5441-000","000","S811","100.00","M/C","2","00"
"HT",NULL,"20260317","2300","40.00","4100",NULL,NULL,NULL,NULL,"WF0020","2026-03-13 00:00:00","20260318","0400","QC5-9289-000","000","S811","100.00","M/C","2","00"
"HT",NULL,"20260318","0800","6.00","2300",NULL,NULL,NULL,NULL,"WF0018","2026-03-13 00:00:00","20260318","0800","FX2-3628-000","000","T423","100.00","M/C","3","00"
"HT",NULL,"20260318","0800","6.00","2300",NULL,NULL,NULL,NULL,"WF0018","2026-03-13 00:00:00","20260318","0800","FX2-3630-000","000","T423","100.00","M/C","3","00"
"HT",NULL,"20260318","0800","6.00","2300",NULL,NULL,NULL,NULL,"WF0018","2026-03-13 00:00:00","20260318","0800","FX2-3631-000","000","T423","100.00","M/C","3","00"
"HT",NULL,"20260318","0800","6.00","2300",NULL,NULL,NULL,NULL,"WF0018","2026-03-13 00:00:00","20260318","0800","FX2-4739-000","000","T423","100.00","M/C","3","00"
"HT",NULL,"20260318","0800","6.00","4100",NULL,NULL,NULL,NULL,"WF0018","2026-03-13 00:00:00","20260318","0800","QX2-5858-000","000","P377","100.00","M/C","3","00"
"HT",NULL,"20260318","0800","8.00","2300",NULL,NULL,NULL,NULL,"WF0018","2026-03-13 00:00:00","20260318","0800","FX2-4741-000","000","T423","100.00","M/C","3","00"
"HT",NULL,"20260318","0800","8.00","2300",NULL,NULL,NULL,NULL,"WF0018","2026-03-13 00:00:00","20260318","0800","FX2-4742-000","000","T423","100.00","M/C","3","00"
"HT",NULL,"20260318","0800","8.00","4100",NULL,NULL,NULL,NULL,"WF0018","2026-03-13 00:00:00","20260318","0800","QX2-6220-000","000","P377","100.00","M/C","3","00"
"HT",NULL,"20260318","0800","10.00","2300",NULL,NULL,NULL,NULL,"WF0020","2026-03-13 00:00:00","20260318","0800","FE3-6869-000","000","T731","100.00","M/C","3","01"
"HT",NULL,"20260318","0800","10.00","2300",NULL,NULL,NULL,NULL,"WF0020","2026-03-13 00:00:00","20260318","0800","FE3-6870-000","000","T731","100.00","M/C","3","01"
"HT",NULL,"20260318","0800","10.00","2300",NULL,NULL,NULL,NULL,"WF0020","2026-03-13 00:00:00","20260318","0800","FE3-9638-000","000","SAPN","100.00","M/C","3","00"
"HT",NULL,"20260318","0800","10.00","2300",NULL,NULL,NULL,NULL,"WF0020","2026-03-13 00:00:00","20260318","0900","FC5-4759-000","000","T731","100.00","M/C","3","01"
"HT",NULL,"20260318","0800","10.00","2300",NULL,NULL,NULL,NULL,"WF0020","2026-03-13 00:00:00","20260318","0900","FE3-9635-000","000","SAPN","100.00","M/C","3","00"
"HT",NULL,"20260318","0800","10.00","2300",NULL,NULL,NULL,NULL,"WF0020","2026-03-13 00:00:00","20260318","0900","FE3-9638-000","000","SAPN","100.00","M/C","3","00"
"HT",NULL,"20260318","0800","10.00","2300",NULL,NULL,NULL,NULL,"WF0020","2026-03-13 00:00:00","20260318","0900","FL0-3086-000","000","SAPN","100.00","M/C","3","00"
"HT",NULL,"20260318","0800","10.00","2300",NULL,NULL,NULL,NULL,"WF0020","2026-03-13 00:00:00","20260318","1000","FC5-4759-000","000","T731","100.00","M/C","3","01"
"HT",NULL,"20260318","0800","10.00","2300",NULL,NULL,NULL,NULL,"WF0020","2026-03-13 00:00:00","20260318","1100","FC5-4759-000","000","T731","100.00","M/C","3","01"
"HT",NULL,"20260318","0800","10.00","4100",NULL,NULL,NULL,NULL,"WF0018","2026-03-13 00:00:00","20260318","0800","QD1-2920-000","000","M411","100.00","M/C","3","00"
"HT",NULL,"20260318","0800","12.00","2300",NULL,NULL,NULL,NULL,"WF0018","2026-03-13 00:00:00","20260318","0800","FX2-4743-000","000","T423","100.00","M/C","3","00"
"HT",NULL,"20260318","0800","15.00","2300",NULL,NULL,NULL,NULL,"WF0018","2026-03-13 00:00:00","20260318","0800","4C5-0163-000","000","P181","100.00","M/C","3","00"
"HT",NULL,"20260318","0800","15.00","2300",NULL,NULL,NULL,NULL,"WF0020","2026-03-13 00:00:00","20260318","0800","4Z5-4161-000","000","L204","100.00","M/C","3","00"
"HT",NULL,"20260318","0800","20.00","2300",NULL,NULL,NULL,NULL,"WF0018","2026-03-13 00:00:00","20260318","0800","4F5-5079-000","000","P181","100.00","M/C","3","00"
"HT",NULL,"20260318","0800","20.00","2300",NULL,NULL,NULL,NULL,"WF0018","2026-03-13 00:00:00","20260318","0800","4F5-5083-000","000","P181","100.00","M/C","3","00"
"HT",NULL,"20260318","0800","20.00","2300",NULL,NULL,NULL,NULL,"WF0018","2026-03-13 00:00:00","20260318","0800","FE4-0988-000","000","P181","100.00","M/C","3","00"
"HT",NULL,"20260318","0800","20.00","2300",NULL,NULL,NULL,NULL,"WF0018","2026-03-13 00:00:00","20260318","0800","FL0-3088-000","000","M699","100.00","M/C","3","00"
"HT",NULL,"20260318","0800","20.00","2300",NULL,NULL,NULL,NULL,"WF0020","2026-03-13 00:00:00","20260318","0800","FL0-2078-000","000","SAPN","100.00","M/C","3","00"
"HT",NULL,"20260318","0800","20.00","4100",NULL,NULL,NULL,NULL,"WF0018","2026-03-13 00:00:00","20260318","0800","QC4-9124-000","000","M411","100.00","M/C","3","00"
"HT",NULL,"20260318","0800","20.00","4100",NULL,NULL,NULL,NULL,"WF0018","2026-03-13 00:00:00","20260318","0800","QC4-9474-000","000","M411","100.00","M/C","3","00"
"HT",NULL,"20260318","0800","20.00","4100",NULL,NULL,NULL,NULL,"WF0018","2026-03-13 00:00:00","20260318","0800","QC5-6080-000","000","X411","100.00","M/C","3","00"
"HT",NULL,"20260318","0800","30.00","2300",NULL,NULL,NULL,NULL,"WF0020","2026-03-13 00:00:00","20260318","0900","FE8-8150-000","000","SAPN","100.00","M/C","3","00"
"HT",NULL,"20260318","0800","40.00","2300",NULL,NULL,NULL,NULL,"WF0018","2026-03-13 00:00:00","20260318","0800","FE3-9619-000","000","P181","100.00","M/C","3","00"
"HT",NULL,"20260318","0800","40.00","2300",NULL,NULL,NULL,NULL,"WF0018","2026-03-13 00:00:00","20260318","0800","FE3-9641-000","000","P181","100.00","M/C","3","00"
"HT",NULL,"20260318","0800","40.00","2300",NULL,NULL,NULL,NULL,"WF0018","2026-03-13 00:00:00","20260318","0800","FE3-9642-000","000","P181","100.00","M/C","3","00"
"HT",NULL,"20260318","0800","40.00","2300",NULL,NULL,NULL,NULL,"WF0018","2026-03-13 00:00:00","20260318","0800","FE3-9647-000","000","M699","100.00","M/C","3","00"
"HT",NULL,"20260318","0800","40.00","2300",NULL,NULL,NULL,NULL,"WF0018","2026-03-13 00:00:00","20260318","0800","FE3-9648-000","000","P181","100.00","M/C","3","00"
"HT",NULL,"20260318","0800","40.00","2300",NULL,NULL,NULL,NULL,"WF0018","2026-03-13 00:00:00","20260318","0800","FE4-9884-000","000","P181","100.00","M/C","3","00"
"HT",NULL,"20260318","0800","40.00","2300",NULL,NULL,NULL,NULL,"WF0018","2026-03-13 00:00:00","20260318","0800","FL0-3100-000","000","P181","100.00","M/C","3","00"
"HT",NULL,"20260318","0800","40.00","2300",NULL,NULL,NULL,NULL,"WF0018","2026-03-13 00:00:00","20260318","0800","FL0-3101-000","000","K624","100.00","M/C","3","00"
"HT",NULL,"20260318","0800","40.00","2300",NULL,NULL,NULL,NULL,"WF0018","2026-03-13 00:00:00","20260318","0800","FL0-6960-000","000","P181","100.00","M/C","3","00"
"HT",NULL,"20260318","0800","40.00","2300",NULL,NULL,NULL,NULL,"WF0020","2026-03-13 00:00:00","20260318","0800","FC5-4759-000","000","T731","100.00","M/C","3","01"
"HT",NULL,"20260318","0800","40.00","2300",NULL,NULL,NULL,NULL,"WF0020","2026-03-13 00:00:00","20260318","0800","FE3-9635-000","000","SAPN","100.00","M/C","3","00"
"HT",NULL,"20260318","0800","40.00","2300",NULL,NULL,NULL,NULL,"WF0020","2026-03-13 00:00:00","20260318","0800","FL0-2151-000","000","SAPN","100.00","M/C","3","00"
"HT",NULL,"20260318","0800","40.00","2300",NULL,NULL,NULL,NULL,"WF0020","2026-03-13 00:00:00","20260318","0800","FL0-3086-000","000","SAPN","100.00","M/C","3","00"
"HT",NULL,"20260318","0800","40.00","2300",NULL,NULL,NULL,NULL,"WF0020","2026-03-13 00:00:00","20260318","0900","FL1-4756-000","000","SAPN","100.00","M/C","3","00"
"HT",NULL,"20260318","0800","40.00","4100",NULL,NULL,NULL,NULL,"WF0018","2026-03-13 00:00:00","20260318","0800","QC7-8191-000","000","SBAA","100.00","M/C","3","00"
"HT",NULL,"20260318","0800","45.00","2300",NULL,NULL,NULL,NULL,"WF0018","2026-03-13 00:00:00","20260318","0800","4F5-5082-000","000","P181","100.00","M/C","3","00"
"HT",NULL,"20260318","0800","50.00","2300",NULL,NULL,NULL,NULL,"WF0018","2026-03-13 00:00:00","20260318","0800","FE3-6581-000","000","M699","100.00","M/C","3","00"
"HT",NULL,"20260318","0800","60.00","2300",NULL,NULL,NULL,NULL,"WF0018","2026-03-13 00:00:00","20260318","0800","FX2-1717-000","000","T423","100.00","M/C","3","00"
"HT",NULL,"20260318","0800","60.00","2300",NULL,NULL,NULL,NULL,"WF0020","2026-03-13 00:00:00","20260318","0800","4C5-0158-000","000","SAPN","100.00","M/C","3","00"
"HT",NULL,"20260318","0800","60.00","2300",NULL,NULL,NULL,NULL,"WF0020","2026-03-13 00:00:00","20260318","0800","FL0-2079-000","000","SAPN","100.00","M/C","3","00"
"HT",NULL,"20260318","0800","78.00","4100",NULL,NULL,NULL,NULL,"WF0020","2026-03-13 00:00:00","20260318","0800","QX2-1851-000","000","L204","100.00","M/C","3","00"
"HT",NULL,"20260318","0800","80.00","2300",NULL,NULL,NULL,NULL,"WF0018","2026-03-13 00:00:00","20260318","0800","4C5-0222-000","000","K624","100.00","M/C","3","00"
"HT",NULL,"20260318","0800","80.00","2300",NULL,NULL,NULL,NULL,"WF0018","2026-03-13 00:00:00","20260318","0800","4C5-0236-000","000","K624","100.00","M/C","3","00"
"HT",NULL,"20260318","0800","80.00","2300",NULL,NULL,NULL,NULL,"WF0018","2026-03-13 00:00:00","20260318","0800","FE2-B140-000","000","X411","100.00","M/C","3","01"
"HT",NULL,"20260318","0800","80.00","2300",NULL,NULL,NULL,NULL,"WF0018","2026-03-13 00:00:00","20260318","0800","FE3-9623-000","000","P181","100.00","M/C","3","00"
"HT",NULL,"20260318","0800","80.00","2300",NULL,NULL,NULL,NULL,"WF0018","2026-03-13 00:00:00","20260318","0800","FE3-9675-000","000","M699","100.00","M/C","3","00"
"HT",NULL,"20260318","0800","80.00","2300",NULL,NULL,NULL,NULL,"WF0020","2026-03-13 00:00:00","20260318","0800","FE2-E300-000","000","SAPN","100.00","M/C","3","00"
"HT",NULL,"20260318","0800","80.00","2300",NULL,NULL,NULL,NULL,"WF0020","2026-03-13 00:00:00","20260318","0800","FE4-0571-000","000","T731","100.00","M/C","3","01"
"HT",NULL,"20260318","0800","80.00","4100",NULL,NULL,NULL,NULL,"WF0018","2026-03-13 00:00:00","20260318","0800","QD1-2210-000","000","M411","100.00","M/C","3","00"
"HT",NULL,"20260318","0800","80.00","4100",NULL,NULL,NULL,NULL,"WF0018","2026-03-13 00:00:00","20260318","0800","QT6-6076-000","000","F016","100.00","M/C","3","00"
"HT",NULL,"20260318","0800","90.00","2300",NULL,NULL,NULL,NULL,"WF0018","2026-03-13 00:00:00","20260318","0800","4F5-5081-000","000","M699","100.00","M/C","3","00"
"HT",NULL,"20260318","0800","100.00","2300",NULL,NULL,NULL,NULL,"WF0018","2026-03-13 00:00:00","20260318","0800","4Z5-4162-000","000","SACP","100.00","M/C","3","00"
"HT",NULL,"20260318","0800","100.00","2300",NULL,NULL,NULL,NULL,"WF0018","2026-03-13 00:00:00","20260318","0800","FE3-9646-000","000","K624","100.00","M/C","3","00"
"HT",NULL,"20260318","0800","140.00","2300",NULL,NULL,NULL,NULL,"WF0020","2026-03-13 00:00:00","20260318","0800","4F5-5086-000","000","SAPN","100.00","M/C","3","00"
"HT",NULL,"20260318","0800","160.00","2300",NULL,NULL,NULL,NULL,"WF0018","2026-03-13 00:00:00","20260318","0800","FE2-P475-000","000","P181","100.00","M/C","3","00"
"HT",NULL,"20260318","0800","200.00","2300",NULL,NULL,NULL,NULL,"WF0018","2026-03-13 00:00:00","20260318","0800","FE3-6229-000","000","M411","100.00","M/C","3","00"
"HT",NULL,"20260318","0800","200.00","4100",NULL,NULL,NULL,NULL,"WF0018","2026-03-13 00:00:00","20260318","0800","QC4-9346-000","000","SBAA","100.00","M/C","3","00"
"HT",NULL,"20260318","0800","200.00","4100",NULL,NULL,NULL,NULL,"WF0018","2026-03-13 00:00:00","20260318","0800","QC4-9347-000","000","SBAA","100.00","M/C","3","00"
"HT",NULL,"20260318","0800","220.00","4100",NULL,NULL,NULL,NULL,"WF0018","2026-03-13 00:00:00","20260318","0800","QC5-6159-000","000","X411","100.00","M/C","3","00"
"HT",NULL,"20260318","0800","270.00","4100",NULL,NULL,NULL,NULL,"WF0018","2026-03-13 00:00:00","20260318","0800","QD1-2261-000","000","M411","100.00","M/C","3","00"
"HT",NULL,"20260318","0800","300.00","2300",NULL,NULL,NULL,NULL,"WF0018","2026-03-13 00:00:00","20260318","0800","FE3-6228-000","000","X411","100.00","M/C","3","01"
"HT",NULL,"20260318","0800","340.00","4100",NULL,NULL,NULL,NULL,"WF0018","2026-03-13 00:00:00","20260318","0800","QC5-8119-000","000","X411","100.00","M/C","3","00"
"HT",NULL,"20260318","0800","380.00","4100",NULL,NULL,NULL,NULL,"WF0018","2026-03-13 00:00:00","20260318","0800","QD1-2784-000","000","R200","100.00","M/C","3","00"
"HT",NULL,"20260318","0800","400.00","4100",NULL,NULL,NULL,NULL,"WF0018","2026-03-13 00:00:00","20260318","0800","QD1-1684-000","000","SBAA","100.00","M/C","3","00"
"HT",NULL,"20260318","0800","440.00","2300",NULL,NULL,NULL,NULL,"WF0018","2026-03-13 00:00:00","20260318","0800","FE8-1723-000","000","M699","100.00","M/C","3","00"
"HT",NULL,"20260318","0800","440.00","4100",NULL,NULL,NULL,NULL,"WF0018","2026-03-13 00:00:00","20260318","0800","QC5-6147-000","000","X411","100.00","M/C","3","00"
"HT",NULL,"20260318","0800","460.00","4100",NULL,NULL,NULL,NULL,"WF0018","2026-03-13 00:00:00","20260318","0800","QC5-6149-000","000","X411","100.00","M/C","3","00"
"HT",NULL,"20260318","0800","460.00","4100",NULL,NULL,NULL,NULL,"WF0018","2026-03-13 00:00:00","20260318","0800","QC5-8759-000","000","R200","100.00","M/C","3","00"
"HT",NULL,"20260318","0800","460.00","4100",NULL,NULL,NULL,NULL,"WF0018","2026-03-13 00:00:00","20260318","0800","QD1-1811-000","000","M411","100.00","M/C","3","00"
"HT",NULL,"20260318","0800","600.00","2300",NULL,NULL,NULL,NULL,"WF0018","2026-03-13 00:00:00","20260318","0800","FE8-9559-000","000","K624","100.00","M/C","3","00"
"HT",NULL,"20260318","0800","800.00","2300",NULL,NULL,NULL,NULL,"WF0020","2026-03-13 00:00:00","20260318","0800","FL1-4756-000","000","SAPN","100.00","M/C","3","00"
"HT",NULL,"20260318","0800","800.00","4100",NULL,NULL,NULL,NULL,"WF0018","2026-03-13 00:00:00","20260318","0800","QC7-4188-000","000","SBAA","100.00","M/C","3","00"
"HT",NULL,"20260318","0800","860.00","4100",NULL,NULL,NULL,NULL,"WF0018","2026-03-13 00:00:00","20260318","0800","QC4-9470-000","000","M411","100.00","M/C","3","00"
"HT",NULL,"20260318","0800","900.00","4100",NULL,NULL,NULL,NULL,"WF0018","2026-03-13 00:00:00","20260318","0800","QC5-8743-000","000","X411","100.00","M/C","3","00"
"HT",NULL,"20260318","0800","4000.00","4100",NULL,NULL,NULL,NULL,"WF0018","2026-03-13 00:00:00","20260318","0800","QD1-1705-000","000","M411","100.00","M/C","3","00"
"HT",NULL,"20260318","0900","5.00","2300",NULL,NULL,NULL,NULL,"WF0020","2026-03-13 00:00:00","20260318","0900","FL0-3088-000","000","M699","100.00","M/C","3","00"
"HT",NULL,"20260318","0900","5.00","2300",NULL,NULL,NULL,NULL,"WF0020","2026-03-13 00:00:00","20260318","2300","FE3-6602-000","000","M699","100.00","M/C","3","00"
"HT",NULL,"20260318","0900","5.00","2300",NULL,NULL,NULL,NULL,"WF0020","2026-03-13 00:00:00","20260319","0100","FL0-3088-000","000","M699","100.00","M/C","3","00"
"HT",NULL,"20260318","0900","5.00","4100",NULL,NULL,NULL,NULL,"WF0018","2026-03-13 00:00:00","20260318","0900","QC8-9356-000","000","R200","100.00","M/C","3","00"
"HT",NULL,"20260318","0900","6.00","2300",NULL,NULL,NULL,NULL,"WF0020","2026-03-13 00:00:00","20260318","0800","FX2-4739-000","000","T423","100.00","M/C","3","00"
"HT",NULL,"20260318","0900","6.00","2300",NULL,NULL,NULL,NULL,"WF0020","2026-03-13 00:00:00","20260318","1100","FX2-4739-000","000","T423","100.00","M/C","3","00"
"HT",NULL,"20260318","0900","8.00","2300",NULL,NULL,NULL,NULL,"WF0020","2026-03-13 00:00:00","20260318","0800","FX2-4741-000","000","T423","100.00","M/C","3","00"
"HT",NULL,"20260318","0900","8.00","2300",NULL,NULL,NULL,NULL,"WF0020","2026-03-13 00:00:00","20260318","0800","FX2-4742-000","000","T423","100.00","M/C","3","00"
"HT",NULL,"20260318","0900","8.00","2300",NULL,NULL,NULL,NULL,"WF0020","2026-03-13 00:00:00","20260318","1100","FX2-4740-000","000","T423","100.00","M/C","3","00"
"HT",NULL,"20260318","0900","8.00","2300",NULL,NULL,NULL,NULL,"WF0020","2026-03-13 00:00:00","20260318","1100","FX2-4741-000","000","T423","100.00","M/C","3","00"
"HT",NULL,"20260318","0900","8.00","2300",NULL,NULL,NULL,NULL,"WF0020","2026-03-13 00:00:00","20260318","1100","FX2-4742-000","000","T423","100.00","M/C","3","00"
"HT",NULL,"20260318","0900","8.00","4100",NULL,NULL,NULL,NULL,"WF0018","2026-03-13 00:00:00","20260318","0900","QC9-1190-000","000","R200","100.00","M/C","3","00"
"HT",NULL,"20260318","0900","9.00","4100",NULL,NULL,NULL,NULL,"WF0018","2026-03-13 00:00:00","20260318","0900","QC9-1191-000","000","R200","100.00","M/C","3","00"
"HT",NULL,"20260318","0900","10.00","2300",NULL,NULL,NULL,NULL,"WF0018","2026-03-13 00:00:00","20260318","0900","FE2-B140-000","000","X411","100.00","M/C","3","01"
"HT",NULL,"20260318","0900","10.00","2300",NULL,NULL,NULL,NULL,"WF0018","2026-03-13 00:00:00","20260318","0900","FE3-9619-000","000","P181","100.00","M/C","3","00"
"HT",NULL,"20260318","0900","10.00","2300",NULL,NULL,NULL,NULL,"WF0018","2026-03-13 00:00:00","20260318","0900","FE3-9641-000","000","P181","100.00","M/C","3","00"
"HT",NULL,"20260318","0900","10.00","2300",NULL,NULL,NULL,NULL,"WF0018","2026-03-13 00:00:00","20260318","0900","FE3-9642-000","000","P181","100.00","M/C","3","00"
"HT",NULL,"20260318","0900","10.00","2300",NULL,NULL,NULL,NULL,"WF0018","2026-03-13 00:00:00","20260318","0900","FL0-3100-000","000","P181","100.00","M/C","3","00"
"HT",NULL,"20260318","0900","10.00","2300",NULL,NULL,NULL,NULL,"WF0018","2026-03-13 00:00:00","20260318","0900","FL0-6960-000","000","P181","100.00","M/C","3","00"
"HT",NULL,"20260318","0900","10.00","2300",NULL,NULL,NULL,NULL,"WF0020","2026-03-13 00:00:00","20260318","1000","FE3-6581-000","000","M699","100.00","M/C","3","00"
"HT",NULL,"20260318","0900","10.00","2300",NULL,NULL,NULL,NULL,"WF0020","2026-03-13 00:00:00","20260318","1000","FL0-3088-000","000","M699","100.00","M/C","3","00"
"HT",NULL,"20260318","0900","10.00","2300",NULL,NULL,NULL,NULL,"WF0020","2026-03-13 00:00:00","20260318","1300","FE3-6581-000","000","M699","100.00","M/C","3","00"
"HT",NULL,"20260318","0900","10.00","2300",NULL,NULL,NULL,NULL,"WF0020","2026-03-13 00:00:00","20260318","1500","FE3-6612-000","000","M699","100.00","M/C","3","00"
"HT",NULL,"20260318","0900","10.00","2300",NULL,NULL,NULL,NULL,"WF0020","2026-03-13 00:00:00","20260318","1600","FE3-6581-000","000","M699","100.00","M/C","3","00"
"HT",NULL,"20260318","0900","10.00","2300",NULL,NULL,NULL,NULL,"WF0020","2026-03-13 00:00:00","20260318","1600","FL0-3088-000","000","M699","100.00","M/C","3","00"
"HT",NULL,"20260318","0900","10.00","2300",NULL,NULL,NULL,NULL,"WF0020","2026-03-13 00:00:00","20260318","2000","FE3-6581-000","000","M699","100.00","M/C","3","00"
"HT",NULL,"20260318","0900","10.00","2300",NULL,NULL,NULL,NULL,"WF0020","2026-03-13 00:00:00","20260318","2000","FL0-3088-000","000","M699","100.00","M/C","3","00"
"HT",NULL,"20260318","0900","10.00","2300",NULL,NULL,NULL,NULL,"WF0020","2026-03-13 00:00:00","20260318","2100","FL0-3088-000","000","M699","100.00","M/C","3","00"
"HT",NULL,"20260318","0900","10.00","2300",NULL,NULL,NULL,NULL,"WF0020","2026-03-13 00:00:00","20260318","2200","FE3-6612-000","000","M699","100.00","M/C","3","00"
"HT",NULL,"20260318","0900","10.00","2300",NULL,NULL,NULL,NULL,"WF0020","2026-03-13 00:00:00","20260318","2300","FE3-6612-000","000","M699","100.00","M/C","3","00"
"HT",NULL,"20260318","0900","10.00","2300",NULL,NULL,NULL,NULL,"WF0020","2026-03-13 00:00:00","20260318","2300","FL0-3088-000","000","M699","100.00","M/C","3","00"
"HT",NULL,"20260318","0900","10.00","2300",NULL,NULL,NULL,NULL,"WF0020","2026-03-13 00:00:00","20260319","0100","FE3-6581-000","000","M699","100.00","M/C","3","00"
"HT",NULL,"20260318","0900","10.00","4100",NULL,NULL,NULL,NULL,"WF0018","2026-03-13 00:00:00","20260318","0900","QC7-8155-000","000","SBAA","100.00","M/C","3","00"
"HT",NULL,"20260318","0900","10.00","4100",NULL,NULL,NULL,NULL,"WF0018","2026-03-13 00:00:00","20260318","0900","QC8-9358-000","000","R200","100.00","M/C","3","00"
"HT",NULL,"20260318","0900","10.00","4100",NULL,NULL,NULL,NULL,"WF0020","2026-03-13 00:00:00","20260319","0200","QC5-6159-000","000","X411","100.00","M/C","3","00"
"HT",NULL,"20260318","0900","10.00","4100",NULL,NULL,NULL,NULL,"WF0020","2026-03-13 00:00:00","20260319","0200","QC7-9069-000","000","X411","100.00","M/C","3","00"
"HT",NULL,"20260318","0900","10.00","4100",NULL,NULL,NULL,NULL,"WF0020","2026-03-13 00:00:00","20260319","0300","QC7-9069-000","000","X411","100.00","M/C","3","00"
"HT",NULL,"20260318","0900","10.00","4100",NULL,NULL,NULL,NULL,"WF0020","2026-03-13 00:00:00","20260319","0800","QC7-9069-000","000","X411","100.00","M/C","3","00"
"HT",NULL,"20260318","0900","12.00","2300",NULL,NULL,NULL,NULL,"WF0020","2026-03-13 00:00:00","20260318","0800","FX2-4743-000","000","T423","100.00","M/C","3","00"
"HT",NULL,"20260318","0900","12.00","2300",NULL,NULL,NULL,NULL,"WF0020","2026-03-13 00:00:00","20260318","0900","FX2-4741-000","000","T423","100.00","M/C","3","00"
"HT",NULL,"20260318","0900","12.00","2300",NULL,NULL,NULL,NULL,"WF0020","2026-03-13 00:00:00","20260318","0900","FX2-4742-000","000","T423","100.00","M/C","3","00"
"HT",NULL,"20260318","0900","12.00","2300",NULL,NULL,NULL,NULL,"WF0020","2026-03-13 00:00:00","20260318","0900","FX2-4743-000","000","T423","100.00","M/C","3","00"
"HT",NULL,"20260318","0900","12.00","2300",NULL,NULL,NULL,NULL,"WF0020","2026-03-13 00:00:00","20260318","1000","FX2-4739-000","000","T423","100.00","M/C","3","00"
"HT",NULL,"20260318","0900","12.00","2300",NULL,NULL,NULL,NULL,"WF0020","2026-03-13 00:00:00","20260318","1000","FX2-4741-000","000","T423","100.00","M/C","3","00"
"HT",NULL,"20260318","0900","12.00","2300",NULL,NULL,NULL,NULL,"WF0020","2026-03-13 00:00:00","20260318","1000","FX2-4742-000","000","T423","100.00","M/C","3","00"
"HT",NULL,"20260318","0900","12.00","2300",NULL,NULL,NULL,NULL,"WF0020","2026-03-13 00:00:00","20260318","1000","FX2-4743-000","000","T423","100.00","M/C","3","00"
"HT",NULL,"20260318","0900","15.00","2300",NULL,NULL,NULL,NULL,"WF0020","2026-03-13 00:00:00","20260318","1100","FL0-3088-000","000","M699","100.00","M/C","3","00"
"HT",NULL,"20260318","0900","15.00","2300",NULL,NULL,NULL,NULL,"WF0020","2026-03-13 00:00:00","20260318","1300","FL0-3088-000","000","M699","100.00","M/C","3","00"
"HT",NULL,"20260318","0900","15.00","2300",NULL,NULL,NULL,NULL,"WF0020","2026-03-13 00:00:00","20260318","1400","FL0-3088-000","000","M699","100.00","M/C","3","00"
"HT",NULL,"20260318","0900","15.00","2300",NULL,NULL,NULL,NULL,"WF0020","2026-03-13 00:00:00","20260318","1500","FE8-4351-000","000","M699","100.00","M/C","3","00"
"HT",NULL,"20260318","0900","15.00","2300",NULL,NULL,NULL,NULL,"WF0020","2026-03-13 00:00:00","20260318","1500","FL0-3088-000","000","M699","100.00","M/C","3","00"
"HT",NULL,"20260318","0900","15.00","2300",NULL,NULL,NULL,NULL,"WF0020","2026-03-13 00:00:00","20260318","2100","FE3-6612-000","000","M699","100.00","M/C","3","00"
"HT",NULL,"20260318","0900","15.00","2300",NULL,NULL,NULL,NULL,"WF0020","2026-03-13 00:00:00","20260318","2200","FL0-3088-000","000","M699","100.00","M/C","3","00"
"HT",NULL,"20260318","0900","15.00","2300",NULL,NULL,NULL,NULL,"WF0020","2026-03-13 00:00:00","20260318","2300","FE8-4351-000","000","M699","100.00","M/C","3","00"
"HT",NULL,"20260318","0900","15.00","2300",NULL,NULL,NULL,NULL,"WF0020","2026-03-13 00:00:00","20260319","0100","FE3-6612-000","000","M699","100.00","M/C","3","00"
"HT",NULL,"20260318","0900","15.00","2300",NULL,NULL,NULL,NULL,"WF0020","2026-03-13 00:00:00","20260319","0400","FE3-6612-000","000","M699","100.00","M/C","3","00"
"HT",NULL,"20260318","0900","16.00","2300",NULL,NULL,NULL,NULL,"WF0020","2026-03-13 00:00:00","20260318","0900","FX2-4740-000","000","T423","100.00","M/C","3","00"
"HT",NULL,"20260318","0900","16.00","2300",NULL,NULL,NULL,NULL,"WF0020","2026-03-13 00:00:00","20260318","1000","FX2-4740-000","000","T423","100.00","M/C","3","00"
"HT",NULL,"20260318","0900","18.00","2300",NULL,NULL,NULL,NULL,"WF0020","2026-03-13 00:00:00","20260318","0900","FX2-4739-000","000","T423","100.00","M/C","3","00"
"HT",NULL,"20260318","0900","20.00","2300",NULL,NULL,NULL,NULL,"WF0018","2026-03-13 00:00:00","20260318","0900","FE3-9623-000","000","P181","100.00","M/C","3","00"
"HT",NULL,"20260318","0900","20.00","2300",NULL,NULL,NULL,NULL,"WF0020","2026-03-13 00:00:00","20260318","0800","FL0-3088-000","000","M699","100.00","M/C","3","00"
"HT",NULL,"20260318","0900","20.00","2300",NULL,NULL,NULL,NULL,"WF0020","2026-03-13 00:00:00","20260318","0900","FE3-6581-000","000","M699","100.00","M/C","3","00"
"HT",NULL,"20260318","0900","20.00","2300",NULL,NULL,NULL,NULL,"WF0020","2026-03-13 00:00:00","20260318","0900","FE8-1723-000","000","M699","100.00","M/C","3","00"
"HT",NULL,"20260318","0900","20.00","2300",NULL,NULL,NULL,NULL,"WF0020","2026-03-13 00:00:00","20260318","0900","FX2-4744-000","000","T423","100.00","M/C","3","00"
"HT",NULL,"20260318","0900","20.00","2300",NULL,NULL,NULL,NULL,"WF0020","2026-03-13 00:00:00","20260318","1000","FE3-9647-000","000","M699","100.00","M/C","3","00"
"HT",NULL,"20260318","0900","20.00","2300",NULL,NULL,NULL,NULL,"WF0020","2026-03-13 00:00:00","20260318","1000","FE8-1723-000","000","M699","100.00","M/C","3","00"
"HT",NULL,"20260318","0900","20.00","2300",NULL,NULL,NULL,NULL,"WF0020","2026-03-13 00:00:00","20260318","1000","FL0-3101-000","000","K624","100.00","M/C","3","00"
"HT",NULL,"20260318","0900","20.00","2300",NULL,NULL,NULL,NULL,"WF0020","2026-03-13 00:00:00","20260318","1100","FE3-6581-000","000","M699","100.00","M/C","3","00"
"HT",NULL,"20260318","0900","20.00","2300",NULL,NULL,NULL,NULL,"WF0020","2026-03-13 00:00:00","20260318","1100","FE8-1723-000","000","M699","100.00","M/C","3","00"
"HT",NULL,"20260318","0900","20.00","2300",NULL,NULL,NULL,NULL,"WF0020","2026-03-13 00:00:00","20260318","1100","FX2-4744-000","000","T423","100.00","M/C","3","00"
"HT",NULL,"20260318","0900","20.00","2300",NULL,NULL,NULL,NULL,"WF0020","2026-03-13 00:00:00","20260318","1300","FE3-9647-000","000","M699","100.00","M/C","3","00"
"HT",NULL,"20260318","0900","20.00","2300",NULL,NULL,NULL,NULL,"WF0020","2026-03-13 00:00:00","20260318","1300","FL0-3101-000","000","K624","100.00","M/C","3","00"
"HT",NULL,"20260318","0900","20.00","2300",NULL,NULL,NULL,NULL,"WF0020","2026-03-13 00:00:00","20260318","1400","FE3-6581-000","000","M699","100.00","M/C","3","00"
"HT",NULL,"20260318","0900","20.00","2300",NULL,NULL,NULL,NULL,"WF0020","2026-03-13 00:00:00","20260318","1400","FE3-6602-000","000","M699","100.00","M/C","3","00"
"HT",NULL,"20260318","0900","20.00","2300",NULL,NULL,NULL,NULL,"WF0020","2026-03-13 00:00:00","20260318","1400","FE3-9647-000","000","M699","100.00","M/C","3","00"
"HT",NULL,"20260318","0900","20.00","2300",NULL,NULL,NULL,NULL,"WF0020","2026-03-13 00:00:00","20260318","1400","FE3-9722-000","000","M699","100.00","M/C","3","00"
"HT",NULL,"20260318","0900","20.00","2300",NULL,NULL,NULL,NULL,"WF0020","2026-03-13 00:00:00","20260318","1400","FE8-1723-000","000","M699","100.00","M/C","3","00"
"HT",NULL,"20260318","0900","20.00","2300",NULL,NULL,NULL,NULL,"WF0020","2026-03-13 00:00:00","20260318","1500","FE3-6581-000","000","M699","100.00","M/C","3","00"
"HT",NULL,"20260318","0900","20.00","2300",NULL,NULL,NULL,NULL,"WF0020","2026-03-13 00:00:00","20260318","1500","FE3-6613-000","000","M699","100.00","M/C","3","00"
"HT",NULL,"20260318","0900","20.00","2300",NULL,NULL,NULL,NULL,"WF0020","2026-03-13 00:00:00","20260318","1500","FE3-9647-000","000","M699","100.00","M/C","3","00"
"HT",NULL,"20260318","0900","20.00","2300",NULL,NULL,NULL,NULL,"WF0020","2026-03-13 00:00:00","20260318","2000","FE3-9647-000","000","M699","100.00","M/C","3","00"
"HT",NULL,"20260318","0900","20.00","2300",NULL,NULL,NULL,NULL,"WF0020","2026-03-13 00:00:00","20260318","2000","FE8-1723-000","000","M699","100.00","M/C","3","00"
"HT",NULL,"20260318","0900","20.00","2300",NULL,NULL,NULL,NULL,"WF0020","2026-03-13 00:00:00","20260318","2100","FE3-6602-000","000","M699","100.00","M/C","3","00"
"HT",NULL,"20260318","0900","20.00","2300",NULL,NULL,NULL,NULL,"WF0020","2026-03-13 00:00:00","20260318","2100","FE3-9722-000","000","M699","100.00","M/C","3","00"
"HT",NULL,"20260318","0900","20.00","2300",NULL,NULL,NULL,NULL,"WF0020","2026-03-13 00:00:00","20260318","2100","FE8-4351-000","000","M699","100.00","M/C","3","00"
"HT",NULL,"20260318","0900","20.00","2300",NULL,NULL,NULL,NULL,"WF0020","2026-03-13 00:00:00","20260318","2200","FE3-6581-000","000","M699","100.00","M/C","3","00"
"HT",NULL,"20260318","0900","20.00","2300",NULL,NULL,NULL,NULL,"WF0020","2026-03-13 00:00:00","20260318","2200","FE3-6602-000","000","M699","100.00","M/C","3","00"
"HT",NULL,"20260318","0900","20.00","2300",NULL,NULL,NULL,NULL,"WF0020","2026-03-13 00:00:00","20260318","2200","FE3-6613-000","000","M699","100.00","M/C","3","00"
"HT",NULL,"20260318","0900","20.00","2300",NULL,NULL,NULL,NULL,"WF0020","2026-03-13 00:00:00","20260318","2200","FE3-9647-000","000","M699","100.00","M/C","3","00"
"HT",NULL,"20260318","0900","20.00","2300",NULL,NULL,NULL,NULL,"WF0020","2026-03-13 00:00:00","20260318","2200","FE3-9722-000","000","M699","100.00","M/C","3","00"
"HT",NULL,"20260318","0900","20.00","2300",NULL,NULL,NULL,NULL,"WF0020","2026-03-13 00:00:00","20260318","2200","FE8-1723-000","000","M699","100.00","M/C","3","00"
"HT",NULL,"20260318","0900","20.00","2300",NULL,NULL,NULL,NULL,"WF0020","2026-03-13 00:00:00","20260318","2200","FE8-4351-000","000","M699","100.00","M/C","3","00"
"HT",NULL,"20260318","0900","20.00","2300",NULL,NULL,NULL,NULL,"WF0020","2026-03-13 00:00:00","20260318","2300","FE3-6581-000","000","M699","100.00","M/C","3","00"
"HT",NULL,"20260318","0900","20.00","2300",NULL,NULL,NULL,NULL,"WF0020","2026-03-13 00:00:00","20260318","2300","FE3-6613-000","000","M699","100.00","M/C","3","00"
"HT",NULL,"20260318","0900","20.00","2300",NULL,NULL,NULL,NULL,"WF0020","2026-03-13 00:00:00","20260318","2300","FE3-9647-000","000","M699","100.00","M/C","3","00"
"HT",NULL,"20260318","0900","20.00","2300",NULL,NULL,NULL,NULL,"WF0020","2026-03-13 00:00:00","20260319","0100","FE3-9722-000","000","M699","100.00","M/C","3","00"
"HT",NULL,"20260318","0900","20.00","2300",NULL,NULL,NULL,NULL,"WF0020","2026-03-13 00:00:00","20260319","0100","FE8-1723-000","000","M699","100.00","M/C","3","00"
"HT",NULL,"20260318","0900","20.00","2300",NULL,NULL,NULL,NULL,"WF0020","2026-03-13 00:00:00","20260319","0200","FE3-6612-000","000","M699","100.00","M/C","3","00"
"HT",NULL,"20260318","0900","20.00","2300",NULL,NULL,NULL,NULL,"WF0020","2026-03-13 00:00:00","20260319","0300","FE3-6612-000","000","M699","100.00","M/C","3","00"
"HT",NULL,"20260318","0900","20.00","2300",NULL,NULL,NULL,NULL,"WF0020","2026-03-13 00:00:00","20260319","0400","FE8-1723-000","000","M699","100.00","M/C","3","00"
"HT",NULL,"20260318","0900","20.00","2300",NULL,NULL,NULL,NULL,"WF0020","2026-03-13 00:00:00","20260319","0800","FE3-6612-000","000","M699","100.00","M/C","3","00"
"HT",NULL,"20260318","0900","20.00","4100",NULL,NULL,NULL,NULL,"WF0018","2026-03-13 00:00:00","20260318","0900","QC7-9055-000","000","R200","100.00","M/C","3","00"
"HT",NULL,"20260318","0900","20.00","4100",NULL,NULL,NULL,NULL,"WF0020","2026-03-13 00:00:00","20260318","1300","QC4-9474-000","000","M411","100.00","M/C","3","00"
"HT",NULL,"20260318","0900","20.00","4100",NULL,NULL,NULL,NULL,"WF0020","2026-03-13 00:00:00","20260318","1400","QC4-9474-000","000","M411","100.00","M/C","3","00"
"HT",NULL,"20260318","0900","20.00","4100",NULL,NULL,NULL,NULL,"WF0020","2026-03-13 00:00:00","20260319","0200","QC9-1195-000","000","X411","100.00","M/C","3","00"
"HT",NULL,"20260318","0900","20.00","4100",NULL,NULL,NULL,NULL,"WF0020","2026-03-13 00:00:00","20260319","0800","QC9-1195-000","000","X411","100.00","M/C","3","00"
"HT",NULL,"20260318","0900","30.00","2300",NULL,NULL,NULL,NULL,"WF0020","2026-03-13 00:00:00","20260318","2100","FE3-6581-000","000","M699","100.00","M/C","3","00"
"HT",NULL,"20260318","0900","30.00","2300",NULL,NULL,NULL,NULL,"WF0020","2026-03-13 00:00:00","20260318","2100","FE3-6613-000","000","M699","100.00","M/C","3","00"
"HT",NULL,"20260318","0900","30.00","2300",NULL,NULL,NULL,NULL,"WF0020","2026-03-13 00:00:00","20260319","0100","FE3-6613-000","000","M699","100.00","M/C","3","00"
"HT",NULL,"20260318","0900","30.00","2300",NULL,NULL,NULL,NULL,"WF0020","2026-03-13 00:00:00","20260319","0400","FE3-6613-000","000","M699","100.00","M/C","3","00"
"HT",NULL,"20260318","0900","40.00","2300",NULL,NULL,NULL,NULL,"WF0020","2026-03-13 00:00:00","20260318","0800","FE3-9647-000","000","M699","100.00","M/C","3","00"
"HT",NULL,"20260318","0900","40.00","2300",NULL,NULL,NULL,NULL,"WF0020","2026-03-13 00:00:00","20260318","0800","FL0-3101-000","000","K624","100.00","M/C","3","00"
"HT",NULL,"20260318","0900","40.00","2300",NULL,NULL,NULL,NULL,"WF0020","2026-03-13 00:00:00","20260318","0900","FE3-6229-000","000","M411","100.00","M/C","3","00"
"HT",NULL,"20260318","0900","40.00","2300",NULL,NULL,NULL,NULL,"WF0020","2026-03-13 00:00:00","20260318","0900","FE8-9559-000","000","K624","100.00","M/C","3","00"
"HT",NULL,"20260318","0900","40.00","2300",NULL,NULL,NULL,NULL,"WF0020","2026-03-13 00:00:00","20260318","1000","FE3-6229-000","000","M411","100.00","M/C","3","00"
"HT",NULL,"20260318","0900","40.00","2300",NULL,NULL,NULL,NULL,"WF0020","2026-03-13 00:00:00","20260318","1000","FE8-9559-000","000","K624","100.00","M/C","3","00"
"HT",NULL,"20260318","0900","40.00","2300",NULL,NULL,NULL,NULL,"WF0020","2026-03-13 00:00:00","20260318","1300","FE3-6229-000","000","M411","100.00","M/C","3","00"
"HT",NULL,"20260318","0900","40.00","2300",NULL,NULL,NULL,NULL,"WF0020","2026-03-13 00:00:00","20260318","1300","FE8-9559-000","000","K624","100.00","M/C","3","00"
"HT",NULL,"20260318","0900","40.00","2300",NULL,NULL,NULL,NULL,"WF0020","2026-03-13 00:00:00","20260318","1400","FE3-6229-000","000","M411","100.00","M/C","3","00"
"HT",NULL,"20260318","0900","40.00","2300",NULL,NULL,NULL,NULL,"WF0020","2026-03-13 00:00:00","20260319","0200","FE3-6613-000","000","M699","100.00","M/C","3","00"
"HT",NULL,"20260318","0900","40.00","2300",NULL,NULL,NULL,NULL,"WF0020","2026-03-13 00:00:00","20260319","0300","FE3-6613-000","000","M699","100.00","M/C","3","00"
"HT",NULL,"20260318","0900","40.00","2300",NULL,NULL,NULL,NULL,"WF0020","2026-03-13 00:00:00","20260319","0400","FE3-9666-000","000","M699","100.00","M/C","3","00"
"HT",NULL,"20260318","0900","40.00","2300",NULL,NULL,NULL,NULL,"WF0020","2026-03-13 00:00:00","20260319","0800","FE3-6597-000","000","M699","100.00","M/C","3","00"
"HT",NULL,"20260318","0900","40.00","2300",NULL,NULL,NULL,NULL,"WF0020","2026-03-13 00:00:00","20260319","0800","FE3-6613-000","000","M699","100.00","M/C","3","00"
"HT",NULL,"20260318","0900","40.00","4100",NULL,NULL,NULL,NULL,"WF0018","2026-03-13 00:00:00","20260318","0900","QC4-9346-000","000","SBAA","100.00","M/C","3","00"
"HT",NULL,"20260318","0900","50.00","2300",NULL,NULL,NULL,NULL,"WF0020","2026-03-13 00:00:00","20260318","0800","FE3-6581-000","000","M699","100.00","M/C","3","00"
"HT",NULL,"20260318","0900","60.00","2300",NULL,NULL,NULL,NULL,"WF0020","2026-03-13 00:00:00","20260318","0800","FX2-1717-000","000","T423","100.00","M/C","3","00"
"HT",NULL,"20260318","0900","80.00","2300",NULL,NULL,NULL,NULL,"WF0020","2026-03-13 00:00:00","20260318","0800","4C5-0222-000","000","K624","100.00","M/C","3","00"
"HT",NULL,"20260318","0900","80.00","2300",NULL,NULL,NULL,NULL,"WF0020","2026-03-13 00:00:00","20260318","0800","4C5-0236-000","000","K624","100.00","M/C","3","00"
"HT",NULL,"20260318","0900","80.00","2300",NULL,NULL,NULL,NULL,"WF0020","2026-03-13 00:00:00","20260318","0800","FE3-9675-000","000","M699","100.00","M/C","3","00"
"HT",NULL,"20260318","0900","80.00","2300",NULL,NULL,NULL,NULL,"WF0020","2026-03-13 00:00:00","20260318","1500","FE3-9675-000","000","M699","100.00","M/C","3","00"
"HT",NULL,"20260318","0900","80.00","4100",NULL,NULL,NULL,NULL,"WF0020","2026-03-13 00:00:00","20260318","0800","QT6-6076-000","000","F016","100.00","M/C","3","00"
"HT",NULL,"20260318","0900","80.00","4100",NULL,NULL,NULL,NULL,"WF0020","2026-03-13 00:00:00","20260319","0300","QC7-8031-000","000","X411","100.00","M/C","3","00"
"HT",NULL,"20260318","0900","80.00","4100",NULL,NULL,NULL,NULL,"WF0020","2026-03-13 00:00:00","20260319","0800","QC7-8031-000","000","X411","100.00","M/C","3","00"
"HT",NULL,"20260318","0900","90.00","2300",NULL,NULL,NULL,NULL,"WF0020","2026-03-13 00:00:00","20260318","0800","4F5-5081-000","000","M699","100.00","M/C","3","00"
"HT",NULL,"20260318","0900","100.00","2300",NULL,NULL,NULL,NULL,"WF0020","2026-03-13 00:00:00","20260318","0800","4Z5-4162-000","000","SACP","100.00","M/C","3","00"
"HT",NULL,"20260318","0900","100.00","2300",NULL,NULL,NULL,NULL,"WF0020","2026-03-13 00:00:00","20260318","0800","FE3-9646-000","000","K624","100.00","M/C","3","00"
"HT",NULL,"20260318","0900","100.00","2300",NULL,NULL,NULL,NULL,"WF0020","2026-03-13 00:00:00","20260318","1300","FE3-9646-000","000","K624","100.00","M/C","3","00"
"HT",NULL,"20260318","0900","100.00","2300",NULL,NULL,NULL,NULL,"WF0020","2026-03-13 00:00:00","20260318","1400","FE3-6598-000","000","M699","100.00","M/C","3","00"
"HT",NULL,"20260318","0900","100.00","2300",NULL,NULL,NULL,NULL,"WF0020","2026-03-13 00:00:00","20260318","2100","FE3-6598-000","000","M699","100.00","M/C","3","00"
"HT",NULL,"20260318","0900","100.00","2300",NULL,NULL,NULL,NULL,"WF0020","2026-03-13 00:00:00","20260318","2300","FE3-6598-000","000","M699","100.00","M/C","3","00"
"HT",NULL,"20260318","0900","100.00","2300",NULL,NULL,NULL,NULL,"WF0020","2026-03-13 00:00:00","20260319","0300","FE3-6598-000","000","M699","100.00","M/C","3","00"
"HT",NULL,"20260318","0900","100.00","2300",NULL,NULL,NULL,NULL,"WF0020","2026-03-13 00:00:00","20260319","0800","FE3-6598-000","000","M699","100.00","M/C","3","00"
"HT",NULL,"20260318","0900","200.00","2300",NULL,NULL,NULL,NULL,"WF0020","2026-03-13 00:00:00","20260318","0800","FE3-6229-000","000","M411","100.00","M/C","3","00"
"HT",NULL,"20260318","0900","200.00","2300",NULL,NULL,NULL,NULL,"WF0020","2026-03-13 00:00:00","20260318","0900","FE3-9671-000","000","M699","100.00","M/C","3","00"
"HT",NULL,"20260318","0900","200.00","2300",NULL,NULL,NULL,NULL,"WF0020","2026-03-13 00:00:00","20260318","1600","FE3-9672-000","000","M699","100.00","M/C","3","00"
"HT",NULL,"20260318","0900","200.00","4100",NULL,NULL,NULL,NULL,"WF0018","2026-03-13 00:00:00","20260318","0900","QC7-8074-000","000","SBAA","100.00","M/C","3","00"
"HT",NULL,"20260318","0900","220.00","4100",NULL,NULL,NULL,NULL,"WF0020","2026-03-13 00:00:00","20260318","0800","QC5-6159-000","000","X411","100.00","M/C","3","00"
"HT",NULL,"20260318","0900","230.00","4100",NULL,NULL,NULL,NULL,"WF0020","2026-03-13 00:00:00","20260318","0800","QD1-2261-000","000","M411","100.00","M/C","3","00"
"HT",NULL,"20260318","0900","340.00","4100",NULL,NULL,NULL,NULL,"WF0020","2026-03-13 00:00:00","20260318","0800","QC5-8119-000","000","X411","100.00","M/C","3","00"
"HT",NULL,"20260318","0900","390.00","4100",NULL,NULL,NULL,NULL,"WF0020","2026-03-13 00:00:00","20260318","0800","QD1-1811-000","000","M411","100.00","M/C","3","00"
"HT",NULL,"20260318","0900","440.00","2300",NULL,NULL,NULL,NULL,"WF0020","2026-03-13 00:00:00","20260318","0800","FE8-1723-000","000","M699","100.00","M/C","3","00"
"HT",NULL,"20260318","0900","440.00","4100",NULL,NULL,NULL,NULL,"WF0020","2026-03-13 00:00:00","20260318","0800","QC5-6147-000","000","X411","100.00","M/C","3","00"
"HT",NULL,"20260318","0900","460.00","4100",NULL,NULL,NULL,NULL,"WF0020","2026-03-13 00:00:00","20260318","0800","QC5-6149-000","000","X411","100.00","M/C","3","00"
"HT",NULL,"20260318","0900","540.00","4100",NULL,NULL,NULL,NULL,"WF0020","2026-03-13 00:00:00","20260318","0800","QC4-9470-000","000","M411","100.00","M/C","3","00"
"HT",NULL,"20260318","0900","600.00","2300",NULL,NULL,NULL,NULL,"WF0020","2026-03-13 00:00:00","20260318","0800","FE8-9559-000","000","K624","100.00","M/C","3","00"
"HT",NULL,"20260318","0900","800.00","4100",NULL,NULL,NULL,NULL,"WF0020","2026-03-13 00:00:00","20260318","0800","QD1-1705-000","000","M411","100.00","M/C","3","00"
"HT",NULL,"20260318","0900","900.00","4100",NULL,NULL,NULL,NULL,"WF0020","2026-03-13 00:00:00","20260318","0800","QC5-8743-000","000","X411","100.00","M/C","3","00"
"HT",NULL,"20260318","1000","5.00","2300",NULL,NULL,NULL,NULL,"WF0020","2026-03-13 00:00:00","20260318","1000","FE3-6880-000","000","SAPN","100.00","M/C","3","00"
"HT",NULL,"20260318","1000","6.00","4100",NULL,NULL,NULL,NULL,"WF0018","2026-03-13 00:00:00","20260318","1000","QC9-1190-000","000","R200","100.00","M/C","3","00"
"HT",NULL,"20260318","1000","6.00","4100",NULL,NULL,NULL,NULL,"WF0018","2026-03-13 00:00:00","20260318","1000","QC9-1191-000","000","R200","100.00","M/C","3","00"
"HT",NULL,"20260318","1000","10.00","2300",NULL,NULL,NULL,NULL,"WF0018","2026-03-13 00:00:00","20260318","1000","FE2-B140-000","000","X411","100.00","M/C","3","01"
"HT",NULL,"20260318","1000","10.00","2300",NULL,NULL,NULL,NULL,"WF0018","2026-03-13 00:00:00","20260318","1000","FE3-9619-000","000","P181","100.00","M/C","3","00"
"HT",NULL,"20260318","1000","10.00","2300",NULL,NULL,NULL,NULL,"WF0018","2026-03-13 00:00:00","20260318","1000","FE3-9641-000","000","P181","100.00","M/C","3","00"
"HT",NULL,"20260318","1000","10.00","2300",NULL,NULL,NULL,NULL,"WF0018","2026-03-13 00:00:00","20260318","1000","FE3-9642-000","000","P181","100.00","M/C","3","00"
"HT",NULL,"20260318","1000","10.00","2300",NULL,NULL,NULL,NULL,"WF0018","2026-03-13 00:00:00","20260318","1000","FL0-3100-000","000","P181","100.00","M/C","3","00"
"HT",NULL,"20260318","1000","10.00","2300",NULL,NULL,NULL,NULL,"WF0018","2026-03-13 00:00:00","20260318","1000","FL0-6960-000","000","P181","100.00","M/C","3","00"
"HT",NULL,"20260318","1000","10.00","2300",NULL,NULL,NULL,NULL,"WF0020","2026-03-13 00:00:00","20260318","1000","FE3-7329-000","000","SAPN","100.00","M/C","3","00"
"HT",NULL,"20260318","1000","10.00","2300",NULL,NULL,NULL,NULL,"WF0020","2026-03-13 00:00:00","20260318","1000","FE3-9635-000","000","SAPN","100.00","M/C","3","00"
"HT",NULL,"20260318","1000","10.00","2300",NULL,NULL,NULL,NULL,"WF0020","2026-03-13 00:00:00","20260318","1000","FE3-9638-000","000","SAPN","100.00","M/C","3","00"
"HT",NULL,"20260318","1000","10.00","2300",NULL,NULL,NULL,NULL,"WF0020","2026-03-13 00:00:00","20260318","1000","FL0-3086-000","000","SAPN","100.00","M/C","3","00"
"HT",NULL,"20260318","1000","10.00","2300",NULL,NULL,NULL,NULL,"WF0020","2026-03-13 00:00:00","20260318","1100","FE3-7329-000","000","SAPN","100.00","M/C","3","00"
"HT",NULL,"20260318","1000","10.00","2300",NULL,NULL,NULL,NULL,"WF0020","2026-03-13 00:00:00","20260318","1100","FE3-9635-000","000","SAPN","100.00","M/C","3","00"
"HT",NULL,"20260318","1000","10.00","2300",NULL,NULL,NULL,NULL,"WF0020","2026-03-13 00:00:00","20260318","1100","FE3-9638-000","000","SAPN","100.00","M/C","3","00"
"HT",NULL,"20260318","1000","10.00","2300",NULL,NULL,NULL,NULL,"WF0020","2026-03-13 00:00:00","20260318","1100","FL0-3086-000","000","SAPN","100.00","M/C","3","00"
"HT",NULL,"20260318","1000","10.00","4100",NULL,NULL,NULL,NULL,"WF0018","2026-03-13 00:00:00","20260318","1000","QC8-9356-000","000","R200","100.00","M/C","3","00"
"HT",NULL,"20260318","1000","12.00","2300",NULL,NULL,NULL,NULL,"WF0018","2026-03-13 00:00:00","20260318","1000","FE3-6578-000","000","P181","100.00","M/C","3","00"
"HT",NULL,"20260318","1000","20.00","2300",NULL,NULL,NULL,NULL,"WF0018","2026-03-13 00:00:00","20260318","1000","FE3-9623-000","000","P181","100.00","M/C","3","00"
"HT",NULL,"20260318","1000","20.00","2300",NULL,NULL,NULL,NULL,"WF0018","2026-03-13 00:00:00","20260318","1000","FE3-9648-000","000","P181","100.00","M/C","3","00"
"HT",NULL,"20260318","1000","20.00","2300",NULL,NULL,NULL,NULL,"WF0020","2026-03-13 00:00:00","20260318","1000","FL0-2151-000","000","SAPN","100.00","M/C","3","00"
"HT",NULL,"20260318","1000","20.00","2300",NULL,NULL,NULL,NULL,"WF0020","2026-03-13 00:00:00","20260318","1100","FL0-2078-000","000","SAPN","100.00","M/C","3","00"
"HT",NULL,"20260318","1000","30.00","2300",NULL,NULL,NULL,NULL,"WF0020","2026-03-13 00:00:00","20260318","1100","FE2-B907-000","000","SAPN","100.00","M/C","3","00"
"HT",NULL,"20260318","1000","40.00","2300",NULL,NULL,NULL,NULL,"WF0018","2026-03-13 00:00:00","20260318","1000","FE2-P475-000","000","P181","100.00","M/C","3","00"
"HT",NULL,"20260318","1000","40.00","2300",NULL,NULL,NULL,NULL,"WF0018","2026-03-13 00:00:00","20260318","1000","FE4-9884-000","000","P181","100.00","M/C","3","00"
"HT",NULL,"20260318","1000","40.00","2300",NULL,NULL,NULL,NULL,"WF0020","2026-03-13 00:00:00","20260318","1100","FL1-4756-000","000","SAPN","100.00","M/C","3","00"
"HT",NULL,"20260318","1000","40.00","4100",NULL,NULL,NULL,NULL,"WF0018","2026-03-13 00:00:00","20260318","1000","QC4-9347-000","000","SBAA","100.00","M/C","3","00"
"HT",NULL,"20260318","1000","50.00","2300",NULL,NULL,NULL,NULL,"WF0018","2026-03-13 00:00:00","20260318","1000","FX2-5785-000","000","TAWY","100.00","M/C","3","00"
"HT",NULL,"20260318","1000","80.00","2300",NULL,NULL,NULL,NULL,"WF0018","2026-03-13 00:00:00","20260318","1000","FE8-9557-000","000","P181","100.00","M/C","3","00"
"HT",NULL,"20260318","1100","2.00","4100",NULL,NULL,NULL,NULL,"WF0020","2026-03-13 00:00:00","20260318","1300","QX2-1851-000","000","L204","100.00","M/C","3","00"
"HT",NULL,"20260318","1100","4.00","2300",NULL,NULL,NULL,NULL,"WF0020","2026-03-13 00:00:00","20260318","1500","FE3-9694-000","000","P181","100.00","M/C","3","00"
"HT",NULL,"20260318","1100","4.00","2300",NULL,NULL,NULL,NULL,"WF0020","2026-03-13 00:00:00","20260318","1600","FE3-9694-000","000","P181","100.00","M/C","3","00"
"HT",NULL,"20260318","1100","4.00","2300",NULL,NULL,NULL,NULL,"WF0020","2026-03-13 00:00:00","20260318","2000","FE3-9694-000","000","P181","100.00","M/C","3","00"
"HT",NULL,"20260318","1100","4.00","2300",NULL,NULL,NULL,NULL,"WF0020","2026-03-13 00:00:00","20260318","2300","FE3-9694-000","000","P181","100.00","M/C","3","00"
"HT",NULL,"20260318","1100","4.00","4100",NULL,NULL,NULL,NULL,"WF0020","2026-03-13 00:00:00","20260318","1500","QX2-5860-000","000","P377","100.00","M/C","3","00"
"HT",NULL,"20260318","1100","5.00","2300",NULL,NULL,NULL,NULL,"WF0020","2026-03-13 00:00:00","20260318","2000","FE3-9619-000","000","P181","100.00","M/C","3","00"
"HT",NULL,"20260318","1100","5.00","4100",NULL,NULL,NULL,NULL,"WF0018","2026-03-13 00:00:00","20260318","1100","QC8-9356-000","000","R200","100.00","M/C","3","00"
"HT",NULL,"20260318","1100","6.00","4100",NULL,NULL,NULL,NULL,"WF0018","2026-03-13 00:00:00","20260318","1100","QC9-1190-000","000","R200","100.00","M/C","3","00"
"HT",NULL,"20260318","1100","6.00","4100",NULL,NULL,NULL,NULL,"WF0018","2026-03-13 00:00:00","20260318","1100","QC9-1191-000","000","R200","100.00","M/C","3","00"
"HT",NULL,"20260318","1100","8.00","2300",NULL,NULL,NULL,NULL,"WF0020","2026-03-13 00:00:00","20260318","1300","FE3-9694-000","000","P181","100.00","M/C","3","00"
"HT",NULL,"20260318","1100","8.00","2300",NULL,NULL,NULL,NULL,"WF0020","2026-03-13 00:00:00","20260318","1400","FE3-9694-000","000","P181","100.00","M/C","3","00"
"HT",NULL,"20260318","1100","8.00","2300",NULL,NULL,NULL,NULL,"WF0020","2026-03-13 00:00:00","20260318","2100","FE3-9694-000","000","P181","100.00","M/C","3","00"
"HT",NULL,"20260318","1100","8.00","2300",NULL,NULL,NULL,NULL,"WF0020","2026-03-13 00:00:00","20260318","2200","FE3-9694-000","000","P181","100.00","M/C","3","00"
"HT",NULL,"20260318","1100","8.00","2300",NULL,NULL,NULL,NULL,"WF0020","2026-03-13 00:00:00","20260319","0100","FE3-9694-000","000","P181","100.00","M/C","3","00"
"HT",NULL,"20260318","1100","8.00","2300",NULL,NULL,NULL,NULL,"WF0020","2026-03-13 00:00:00","20260319","0200","FE3-9694-000","000","P181","100.00","M/C","3","00"
"HT",NULL,"20260318","1100","8.00","4100",NULL,NULL,NULL,NULL,"WF0020","2026-03-13 00:00:00","20260318","0800","QX2-6220-000","000","P377","100.00","M/C","3","00"
"HT",NULL,"20260318","1100","10.00","2300",NULL,NULL,NULL,NULL,"WF0018","2026-03-13 00:00:00","20260318","1100","FE2-B140-000","000","X411","100.00","M/C","3","01"
"HT",NULL,"20260318","1100","10.00","2300",NULL,NULL,NULL,NULL,"WF0020","2026-03-13 00:00:00","20260318","0900","FE3-9619-000","000","P181","100.00","M/C","3","00"
"HT",NULL,"20260318","1100","10.00","2300",NULL,NULL,NULL,NULL,"WF0020","2026-03-13 00:00:00","20260318","0900","FE3-9641-000","000","P181","100.00","M/C","3","00"
"HT",NULL,"20260318","1100","10.00","2300",NULL,NULL,NULL,NULL,"WF0020","2026-03-13 00:00:00","20260318","0900","FE3-9642-000","000","P181","100.00","M/C","3","00"
"HT",NULL,"20260318","1100","10.00","2300",NULL,NULL,NULL,NULL,"WF0020","2026-03-13 00:00:00","20260318","0900","FL0-3100-000","000","P181","100.00","M/C","3","00"
"HT",NULL,"20260318","1100","10.00","2300",NULL,NULL,NULL,NULL,"WF0020","2026-03-13 00:00:00","20260318","0900","FL0-6960-000","000","P181","100.00","M/C","3","00"
"HT",NULL,"20260318","1100","10.00","2300",NULL,NULL,NULL,NULL,"WF0020","2026-03-13 00:00:00","20260318","1000","FE3-9619-000","000","P181","100.00","M/C","3","00"
"HT",NULL,"20260318","1100","10.00","2300",NULL,NULL,NULL,NULL,"WF0020","2026-03-13 00:00:00","20260318","1000","FE3-9641-000","000","P181","100.00","M/C","3","00"
"HT",NULL,"20260318","1100","10.00","2300",NULL,NULL,NULL,NULL,"WF0020","2026-03-13 00:00:00","20260318","1000","FE3-9642-000","000","P181","100.00","M/C","3","00"
"HT",NULL,"20260318","1100","10.00","2300",NULL,NULL,NULL,NULL,"WF0020","2026-03-13 00:00:00","20260318","1000","FL0-3100-000","000","P181","100.00","M/C","3","00"
"HT",NULL,"20260318","1100","10.00","2300",NULL,NULL,NULL,NULL,"WF0020","2026-03-13 00:00:00","20260318","1000","FL0-6960-000","000","P181","100.00","M/C","3","00"
"HT",NULL,"20260318","1100","10.00","2300",NULL,NULL,NULL,NULL,"WF0020","2026-03-13 00:00:00","20260318","1100","FE3-9619-000","000","P181","100.00","M/C","3","00"
"HT",NULL,"20260318","1100","10.00","2300",NULL,NULL,NULL,NULL,"WF0020","2026-03-13 00:00:00","20260318","1100","FE3-9641-000","000","P181","100.00","M/C","3","00"
"HT",NULL,"20260318","1100","10.00","2300",NULL,NULL,NULL,NULL,"WF0020","2026-03-13 00:00:00","20260318","1100","FE3-9642-000","000","P181","100.00","M/C","3","00"
"HT",NULL,"20260318","1100","10.00","2300",NULL,NULL,NULL,NULL,"WF0020","2026-03-13 00:00:00","20260318","1100","FL0-3100-000","000","P181","100.00","M/C","3","00"
"HT",NULL,"20260318","1100","10.00","2300",NULL,NULL,NULL,NULL,"WF0020","2026-03-13 00:00:00","20260318","1100","FL0-6960-000","000","P181","100.00","M/C","3","00"
"HT",NULL,"20260318","1100","10.00","2300",NULL,NULL,NULL,NULL,"WF0020","2026-03-13 00:00:00","20260318","1300","FE3-9641-000","000","P181","100.00","M/C","3","00"
"HT",NULL,"20260318","1100","10.00","2300",NULL,NULL,NULL,NULL,"WF0020","2026-03-13 00:00:00","20260318","1300","FE3-9642-000","000","P181","100.00","M/C","3","00"
"HT",NULL,"20260318","1100","10.00","2300",NULL,NULL,NULL,NULL,"WF0020","2026-03-13 00:00:00","20260318","1300","FL0-3100-000","000","P181","100.00","M/C","3","00"
"HT",NULL,"20260318","1100","10.00","2300",NULL,NULL,NULL,NULL,"WF0020","2026-03-13 00:00:00","20260318","1300","FL0-6960-000","000","P181","100.00","M/C","3","00"
"HT",NULL,"20260318","1100","10.00","2300",NULL,NULL,NULL,NULL,"WF0020","2026-03-13 00:00:00","20260318","1500","FE3-9619-000","000","P181","100.00","M/C","3","00"
"HT",NULL,"20260318","1100","10.00","2300",NULL,NULL,NULL,NULL,"WF0020","2026-03-13 00:00:00","20260318","1500","FL0-6960-000","000","P181","100.00","M/C","3","00"
"HT",NULL,"20260318","1100","10.00","2300",NULL,NULL,NULL,NULL,"WF0020","2026-03-13 00:00:00","20260318","1600","FE3-9641-000","000","P181","100.00","M/C","3","00"
"HT",NULL,"20260318","1100","10.00","2300",NULL,NULL,NULL,NULL,"WF0020","2026-03-13 00:00:00","20260318","1600","FE3-9642-000","000","P181","100.00","M/C","3","00"
"HT",NULL,"20260318","1100","10.00","2300",NULL,NULL,NULL,NULL,"WF0020","2026-03-13 00:00:00","20260318","1600","FL0-3100-000","000","P181","100.00","M/C","3","00"
"HT",NULL,"20260318","1100","10.00","2300",NULL,NULL,NULL,NULL,"WF0020","2026-03-13 00:00:00","20260318","2000","FE3-9623-000","000","P181","100.00","M/C","3","00"
"HT",NULL,"20260318","1100","10.00","2300",NULL,NULL,NULL,NULL,"WF0020","2026-03-13 00:00:00","20260318","2200","FE3-9619-000","000","P181","100.00","M/C","3","00"
"HT",NULL,"20260318","1100","10.00","2300",NULL,NULL,NULL,NULL,"WF0020","2026-03-13 00:00:00","20260318","2200","FE3-9641-000","000","P181","100.00","M/C","3","00"
"HT",NULL,"20260318","1100","10.00","2300",NULL,NULL,NULL,NULL,"WF0020","2026-03-13 00:00:00","20260318","2200","FE3-9642-000","000","P181","100.00","M/C","3","00"
"HT",NULL,"20260318","1100","10.00","2300",NULL,NULL,NULL,NULL,"WF0020","2026-03-13 00:00:00","20260318","2200","FL0-3100-000","000","P181","100.00","M/C","3","00"
"HT",NULL,"20260318","1100","10.00","2300",NULL,NULL,NULL,NULL,"WF0020","2026-03-13 00:00:00","20260318","2200","FL0-6960-000","000","P181","100.00","M/C","3","00"
"HT",NULL,"20260318","1100","10.00","2300",NULL,NULL,NULL,NULL,"WF0020","2026-03-13 00:00:00","20260318","2300","FE3-9641-000","000","P181","100.00","M/C","3","00"
"HT",NULL,"20260318","1100","10.00","2300",NULL,NULL,NULL,NULL,"WF0020","2026-03-13 00:00:00","20260318","2300","FE3-9642-000","000","P181","100.00","M/C","3","00"
"HT",NULL,"20260318","1100","10.00","2300",NULL,NULL,NULL,NULL,"WF0020","2026-03-13 00:00:00","20260318","2300","FL0-3100-000","000","P181","100.00","M/C","3","00"
"HT",NULL,"20260318","1100","10.00","2300",NULL,NULL,NULL,NULL,"WF0020","2026-03-13 00:00:00","20260318","2300","FL0-6960-000","000","P181","100.00","M/C","3","00"
"HT",NULL,"20260318","1100","10.00","2300",NULL,NULL,NULL,NULL,"WF0020","2026-03-13 00:00:00","20260319","0100","FL0-6919-000","000","P181","100.00","M/C","3","00"
"HT",NULL,"20260318","1100","10.00","4100",NULL,NULL,NULL,NULL,"WF0018","2026-03-13 00:00:00","20260318","1100","QC5-9382-000","000","SBAA","100.00","M/C","3","00"
"HT",NULL,"20260318","1100","10.00","4100",NULL,NULL,NULL,NULL,"WF0018","2026-03-13 00:00:00","20260318","1100","QC7-8155-000","000","SBAA","100.00","M/C","3","00"
"HT",NULL,"20260318","1100","10.00","4100",NULL,NULL,NULL,NULL,"WF0018","2026-03-13 00:00:00","20260318","1100","QC8-9358-000","000","R200","100.00","M/C","3","00"
"HT",NULL,"20260318","1100","12.00","2300",NULL,NULL,NULL,NULL,"WF0020","2026-03-13 00:00:00","20260319","0200","FE3-6578-000","000","P181","100.00","M/C","3","00"
"HT",NULL,"20260318","1100","12.00","4100",NULL,NULL,NULL,NULL,"WF0020","2026-03-13 00:00:00","20260318","1300","QX2-5860-000","000","P377","100.00","M/C","3","00"
"HT",NULL,"20260318","1100","12.00","4100",NULL,NULL,NULL,NULL,"WF0020","2026-03-13 00:00:00","20260318","1400","QX2-5860-000","000","P377","100.00","M/C","3","00"
"HT",NULL,"20260318","1100","15.00","2300",NULL,NULL,NULL,NULL,"WF0020","2026-03-13 00:00:00","20260318","0800","4C5-0163-000","000","P181","100.00","M/C","3","00"
"HT",NULL,"20260318","1100","15.00","2300",NULL,NULL,NULL,NULL,"WF0020","2026-03-13 00:00:00","20260318","1300","FE3-9619-000","000","P181","100.00","M/C","3","00"
"HT",NULL,"20260318","1100","15.00","2300",NULL,NULL,NULL,NULL,"WF0020","2026-03-13 00:00:00","20260318","1600","FE3-9619-000","000","P181","100.00","M/C","3","00"
"HT",NULL,"20260318","1100","15.00","2300",NULL,NULL,NULL,NULL,"WF0020","2026-03-13 00:00:00","20260318","2100","FE3-9619-000","000","P181","100.00","M/C","3","00"
"HT",NULL,"20260318","1100","15.00","2300",NULL,NULL,NULL,NULL,"WF0020","2026-03-13 00:00:00","20260318","2300","FE3-9619-000","000","P181","100.00","M/C","3","00"
"HT",NULL,"20260318","1100","20.00","2300",NULL,NULL,NULL,NULL,"WF0020","2026-03-13 00:00:00","20260318","0800","4F5-5079-000","000","P181","100.00","M/C","3","00"
"HT",NULL,"20260318","1100","20.00","2300",NULL,NULL,NULL,NULL,"WF0020","2026-03-13 00:00:00","20260318","0800","4F5-5083-000","000","P181","100.00","M/C","3","00"
"HT",NULL,"20260318","1100","20.00","2300",NULL,NULL,NULL,NULL,"WF0020","2026-03-13 00:00:00","20260318","0800","FE4-0988-000","000","P181","100.00","M/C","3","00"
"HT",NULL,"20260318","1100","20.00","2300",NULL,NULL,NULL,NULL,"WF0020","2026-03-13 00:00:00","20260318","0900","FE3-9623-000","000","P181","100.00","M/C","3","00"
"HT",NULL,"20260318","1100","20.00","2300",NULL,NULL,NULL,NULL,"WF0020","2026-03-13 00:00:00","20260318","1000","FE3-9623-000","000","P181","100.00","M/C","3","00"
"HT",NULL,"20260318","1100","20.00","2300",NULL,NULL,NULL,NULL,"WF0020","2026-03-13 00:00:00","20260318","1000","FE3-9648-000","000","P181","100.00","M/C","3","00"
"HT",NULL,"20260318","1100","20.00","2300",NULL,NULL,NULL,NULL,"WF0020","2026-03-13 00:00:00","20260318","1100","FE3-9623-000","000","P181","100.00","M/C","3","00"
"HT",NULL,"20260318","1100","20.00","2300",NULL,NULL,NULL,NULL,"WF0020","2026-03-13 00:00:00","20260318","1300","FE3-9648-000","000","P181","100.00","M/C","3","00"
"HT",NULL,"20260318","1100","20.00","2300",NULL,NULL,NULL,NULL,"WF0020","2026-03-13 00:00:00","20260318","1400","FE3-9619-000","000","P181","100.00","M/C","3","00"
"HT",NULL,"20260318","1100","20.00","2300",NULL,NULL,NULL,NULL,"WF0020","2026-03-13 00:00:00","20260318","1400","FE3-9641-000","000","P181","100.00","M/C","3","00"
"HT",NULL,"20260318","1100","20.00","2300",NULL,NULL,NULL,NULL,"WF0020","2026-03-13 00:00:00","20260318","1400","FE3-9642-000","000","P181","100.00","M/C","3","00"
"HT",NULL,"20260318","1100","20.00","2300",NULL,NULL,NULL,NULL,"WF0020","2026-03-13 00:00:00","20260318","1400","FE3-9648-000","000","P181","100.00","M/C","3","00"
"HT",NULL,"20260318","1100","20.00","2300",NULL,NULL,NULL,NULL,"WF0020","2026-03-13 00:00:00","20260318","1400","FL0-2100-000","000","P181","100.00","M/C","3","00"
"HT",NULL,"20260318","1100","20.00","2300",NULL,NULL,NULL,NULL,"WF0020","2026-03-13 00:00:00","20260318","1400","FL0-3100-000","000","P181","100.00","M/C","3","00"
"HT",NULL,"20260318","1100","20.00","2300",NULL,NULL,NULL,NULL,"WF0020","2026-03-13 00:00:00","20260318","1400","FL0-6960-000","000","P181","100.00","M/C","3","00"
"HT",NULL,"20260318","1100","20.00","2300",NULL,NULL,NULL,NULL,"WF0020","2026-03-13 00:00:00","20260318","1500","FE3-9641-000","000","P181","100.00","M/C","3","00"
"HT",NULL,"20260318","1100","20.00","2300",NULL,NULL,NULL,NULL,"WF0020","2026-03-13 00:00:00","20260318","1500","FE3-9642-000","000","P181","100.00","M/C","3","00"
"HT",NULL,"20260318","1100","20.00","2300",NULL,NULL,NULL,NULL,"WF0020","2026-03-13 00:00:00","20260318","1500","FE3-9648-000","000","P181","100.00","M/C","3","00"
"HT",NULL,"20260318","1100","20.00","2300",NULL,NULL,NULL,NULL,"WF0020","2026-03-13 00:00:00","20260318","1500","FL0-2101-000","000","P181","100.00","M/C","3","00"
"HT",NULL,"20260318","1100","20.00","2300",NULL,NULL,NULL,NULL,"WF0020","2026-03-13 00:00:00","20260318","1500","FL0-3100-000","000","P181","100.00","M/C","3","00"
"HT",NULL,"20260318","1100","20.00","2300",NULL,NULL,NULL,NULL,"WF0020","2026-03-13 00:00:00","20260318","1600","FE3-9623-000","000","P181","100.00","M/C","3","00"
"HT",NULL,"20260318","1100","20.00","2300",NULL,NULL,NULL,NULL,"WF0020","2026-03-13 00:00:00","20260318","1600","FL0-2075-000","000","P181","100.00","M/C","3","00"
"HT",NULL,"20260318","1100","20.00","2300",NULL,NULL,NULL,NULL,"WF0020","2026-03-13 00:00:00","20260318","1600","FL0-6960-000","000","P181","100.00","M/C","3","00"
"HT",NULL,"20260318","1100","20.00","2300",NULL,NULL,NULL,NULL,"WF0020","2026-03-13 00:00:00","20260318","1600","FL4-0476-000","000","P181","100.00","M/C","3","00"
"HT",NULL,"20260318","1100","20.00","2300",NULL,NULL,NULL,NULL,"WF0020","2026-03-13 00:00:00","20260318","2000","FE3-9648-000","000","P181","100.00","M/C","3","00"
"HT",NULL,"20260318","1100","20.00","2300",NULL,NULL,NULL,NULL,"WF0020","2026-03-13 00:00:00","20260318","2100","FE3-7458-000","000","P181","100.00","M/C","3","00"
"HT",NULL,"20260318","1100","20.00","2300",NULL,NULL,NULL,NULL,"WF0020","2026-03-13 00:00:00","20260318","2100","FE3-9641-000","000","P181","100.00","M/C","3","00"
"HT",NULL,"20260318","1100","20.00","2300",NULL,NULL,NULL,NULL,"WF0020","2026-03-13 00:00:00","20260318","2100","FE3-9642-000","000","P181","100.00","M/C","3","00"
"HT",NULL,"20260318","1100","20.00","2300",NULL,NULL,NULL,NULL,"WF0020","2026-03-13 00:00:00","20260318","2100","FL0-2075-000","000","P181","100.00","M/C","3","00"
"HT",NULL,"20260318","1100","20.00","2300",NULL,NULL,NULL,NULL,"WF0020","2026-03-13 00:00:00","20260318","2100","FL0-2100-000","000","P181","100.00","M/C","3","00"
"HT",NULL,"20260318","1100","20.00","2300",NULL,NULL,NULL,NULL,"WF0020","2026-03-13 00:00:00","20260318","2100","FL0-2101-000","000","P181","100.00","M/C","3","00"
"HT",NULL,"20260318","1100","20.00","2300",NULL,NULL,NULL,NULL,"WF0020","2026-03-13 00:00:00","20260318","2100","FL0-3100-000","000","P181","100.00","M/C","3","00"
"HT",NULL,"20260318","1100","20.00","2300",NULL,NULL,NULL,NULL,"WF0020","2026-03-13 00:00:00","20260318","2100","FL0-6960-000","000","P181","100.00","M/C","3","00"
"HT",NULL,"20260318","1100","20.00","2300",NULL,NULL,NULL,NULL,"WF0020","2026-03-13 00:00:00","20260318","2100","FL4-0476-000","000","P181","100.00","M/C","3","00"
"HT",NULL,"20260318","1100","20.00","2300",NULL,NULL,NULL,NULL,"WF0020","2026-03-13 00:00:00","20260318","2100","FL4-0477-000","000","P181","100.00","M/C","3","00"
"HT",NULL,"20260318","1100","20.00","2300",NULL,NULL,NULL,NULL,"WF0020","2026-03-13 00:00:00","20260318","2200","FE3-7458-000","000","P181","100.00","M/C","3","00"
"HT",NULL,"20260318","1100","20.00","2300",NULL,NULL,NULL,NULL,"WF0020","2026-03-13 00:00:00","20260318","2200","FE3-9648-000","000","P181","100.00","M/C","3","00"
"HT",NULL,"20260318","1100","20.00","2300",NULL,NULL,NULL,NULL,"WF0020","2026-03-13 00:00:00","20260318","2200","FL0-2075-000","000","P181","100.00","M/C","3","00"
"HT",NULL,"20260318","1100","20.00","2300",NULL,NULL,NULL,NULL,"WF0020","2026-03-13 00:00:00","20260318","2200","FL0-2100-000","000","P181","100.00","M/C","3","00"
"HT",NULL,"20260318","1100","20.00","2300",NULL,NULL,NULL,NULL,"WF0020","2026-03-13 00:00:00","20260318","2200","FL0-2101-000","000","P181","100.00","M/C","3","00"
"HT",NULL,"20260318","1100","20.00","2300",NULL,NULL,NULL,NULL,"WF0020","2026-03-13 00:00:00","20260318","2200","FL4-0476-000","000","P181","100.00","M/C","3","00"
"HT",NULL,"20260318","1100","20.00","2300",NULL,NULL,NULL,NULL,"WF0020","2026-03-13 00:00:00","20260318","2200","FL4-0477-000","000","P181","100.00","M/C","3","00"
"HT",NULL,"20260318","1100","20.00","2300",NULL,NULL,NULL,NULL,"WF0020","2026-03-13 00:00:00","20260318","2300","FE3-7458-000","000","P181","100.00","M/C","3","00"
"HT",NULL,"20260318","1100","20.00","2300",NULL,NULL,NULL,NULL,"WF0020","2026-03-13 00:00:00","20260318","2300","FE3-9623-000","000","P181","100.00","M/C","3","00"
"HT",NULL,"20260318","1100","20.00","2300",NULL,NULL,NULL,NULL,"WF0020","2026-03-13 00:00:00","20260318","2300","FL0-2075-000","000","P181","100.00","M/C","3","00"
"HT",NULL,"20260318","1100","20.00","2300",NULL,NULL,NULL,NULL,"WF0020","2026-03-13 00:00:00","20260318","2300","FL0-2100-000","000","P181","100.00","M/C","3","00"
"HT",NULL,"20260318","1100","20.00","2300",NULL,NULL,NULL,NULL,"WF0020","2026-03-13 00:00:00","20260318","2300","FL0-2101-000","000","P181","100.00","M/C","3","00"
"HT",NULL,"20260318","1100","20.00","2300",NULL,NULL,NULL,NULL,"WF0020","2026-03-13 00:00:00","20260318","2300","FL4-0476-000","000","P181","100.00","M/C","3","00"
"HT",NULL,"20260318","1100","20.00","2300",NULL,NULL,NULL,NULL,"WF0020","2026-03-13 00:00:00","20260318","2300","FL4-0477-000","000","P181","100.00","M/C","3","00"
"HT",NULL,"20260318","1100","20.00","2300",NULL,NULL,NULL,NULL,"WF0020","2026-03-13 00:00:00","20260319","0100","FE3-7458-000","000","P181","100.00","M/C","3","00"
"HT",NULL,"20260318","1100","20.00","2300",NULL,NULL,NULL,NULL,"WF0020","2026-03-13 00:00:00","20260319","0100","FE3-9648-000","000","P181","100.00","M/C","3","00"
"HT",NULL,"20260318","1100","20.00","2300",NULL,NULL,NULL,NULL,"WF0020","2026-03-13 00:00:00","20260319","0100","FL0-2075-000","000","P181","100.00","M/C","3","00"
"HT",NULL,"20260318","1100","20.00","2300",NULL,NULL,NULL,NULL,"WF0020","2026-03-13 00:00:00","20260319","0100","FL0-2100-000","000","P181","100.00","M/C","3","00"
"HT",NULL,"20260318","1100","20.00","2300",NULL,NULL,NULL,NULL,"WF0020","2026-03-13 00:00:00","20260319","0100","FL4-0476-000","000","P181","100.00","M/C","3","00"
"HT",NULL,"20260318","1100","20.00","2300",NULL,NULL,NULL,NULL,"WF0020","2026-03-13 00:00:00","20260319","0100","FL4-0477-000","000","P181","100.00","M/C","3","00"
"HT",NULL,"20260318","1100","20.00","2300",NULL,NULL,NULL,NULL,"WF0020","2026-03-13 00:00:00","20260319","0200","FE3-7458-000","000","P181","100.00","M/C","3","00"
"HT",NULL,"20260318","1100","20.00","2300",NULL,NULL,NULL,NULL,"WF0020","2026-03-13 00:00:00","20260319","0200","FL0-2100-000","000","P181","100.00","M/C","3","00"
"HT",NULL,"20260318","1100","20.00","2300",NULL,NULL,NULL,NULL,"WF0020","2026-03-13 00:00:00","20260319","0200","FL4-0476-000","000","P181","100.00","M/C","3","00"
"HT",NULL,"20260318","1100","20.00","2300",NULL,NULL,NULL,NULL,"WF0020","2026-03-13 00:00:00","20260319","0300","FE3-7458-000","000","P181","100.00","M/C","3","00"
"HT",NULL,"20260318","1100","20.00","2300",NULL,NULL,NULL,NULL,"WF0020","2026-03-13 00:00:00","20260319","0300","FL0-2075-000","000","P181","100.00","M/C","3","00"
"HT",NULL,"20260318","1100","20.00","2300",NULL,NULL,NULL,NULL,"WF0020","2026-03-13 00:00:00","20260319","0300","FL0-2100-000","000","P181","100.00","M/C","3","00"
"HT",NULL,"20260318","1100","20.00","2300",NULL,NULL,NULL,NULL,"WF0020","2026-03-13 00:00:00","20260319","0300","FL0-6919-000","000","P181","100.00","M/C","3","00"
"HT",NULL,"20260318","1100","20.00","2300",NULL,NULL,NULL,NULL,"WF0020","2026-03-13 00:00:00","20260319","0300","FL4-0476-000","000","P181","100.00","M/C","3","00"
"HT",NULL,"20260318","1100","20.00","2300",NULL,NULL,NULL,NULL,"WF0020","2026-03-13 00:00:00","20260319","0300","FL4-0477-000","000","P181","100.00","M/C","3","00"
"HT",NULL,"20260318","1100","20.00","2300",NULL,NULL,NULL,NULL,"WF0020","2026-03-13 00:00:00","20260319","0400","FE3-7458-000","000","P181","100.00","M/C","3","00"
"HT",NULL,"20260318","1100","20.00","2300",NULL,NULL,NULL,NULL,"WF0020","2026-03-13 00:00:00","20260319","0400","FL0-2075-000","000","P181","100.00","M/C","3","00"
"HT",NULL,"20260318","1100","20.00","2300",NULL,NULL,NULL,NULL,"WF0020","2026-03-13 00:00:00","20260319","0400","FL0-2100-000","000","P181","100.00","M/C","3","00"
"HT",NULL,"20260318","1100","20.00","2300",NULL,NULL,NULL,NULL,"WF0020","2026-03-13 00:00:00","20260319","0400","FL0-6919-000","000","P181","100.00","M/C","3","00"
"HT",NULL,"20260318","1100","20.00","2300",NULL,NULL,NULL,NULL,"WF0020","2026-03-13 00:00:00","20260319","0400","FL4-0476-000","000","P181","100.00","M/C","3","00"
"HT",NULL,"20260318","1100","20.00","2300",NULL,NULL,NULL,NULL,"WF0020","2026-03-13 00:00:00","20260319","0400","FL4-0477-000","000","P181","100.00","M/C","3","00"
"HT",NULL,"20260318","1100","20.00","2300",NULL,NULL,NULL,NULL,"WF0020","2026-03-13 00:00:00","20260319","0800","FE3-7458-000","000","P181","100.00","M/C","3","00"
"HT",NULL,"20260318","1100","20.00","2300",NULL,NULL,NULL,NULL,"WF0020","2026-03-13 00:00:00","20260319","0800","FL0-2100-000","000","P181","100.00","M/C","3","00"
"HT",NULL,"20260318","1100","20.00","2300",NULL,NULL,NULL,NULL,"WF0020","2026-03-13 00:00:00","20260319","0800","FL0-6919-000","000","P181","100.00","M/C","3","00"
"HT",NULL,"20260318","1100","20.00","2300",NULL,NULL,NULL,NULL,"WF0020","2026-03-13 00:00:00","20260319","0800","FL4-0476-000","000","P181","100.00","M/C","3","00"
"HT",NULL,"20260318","1100","20.00","2300",NULL,NULL,NULL,NULL,"WF0020","2026-03-13 00:00:00","20260319","1000","FE3-7458-000","000","P181","100.00","M/C","3","00"
"HT",NULL,"20260318","1100","20.00","2300",NULL,NULL,NULL,NULL,"WF0020","2026-03-13 00:00:00","20260319","1000","FL0-2075-000","000","P181","100.00","M/C","3","00"
"HT",NULL,"20260318","1100","20.00","2300",NULL,NULL,NULL,NULL,"WF0020","2026-03-13 00:00:00","20260319","1000","FL0-6919-000","000","P181","100.00","M/C","3","00"
"HT",NULL,"20260318","1100","20.00","2300",NULL,NULL,NULL,NULL,"WF0020","2026-03-13 00:00:00","20260319","1000","FL4-0476-000","000","P181","100.00","M/C","3","00"
"HT",NULL,"20260318","1100","20.00","2300",NULL,NULL,NULL,NULL,"WF0020","2026-03-13 00:00:00","20260319","1000","FL4-0477-000","000","P181","100.00","M/C","3","00"
"HT",NULL,"20260318","1100","20.00","4100",NULL,NULL,NULL,NULL,"WF0018","2026-03-13 00:00:00","20260318","1100","QC5-8759-000","000","R200","100.00","M/C","3","00"
"HT",NULL,"20260318","1100","24.00","2300",NULL,NULL,NULL,NULL,"WF0020","2026-03-13 00:00:00","20260318","2100","FE3-6578-000","000","P181","100.00","M/C","3","00"
"HT",NULL,"20260318","1100","30.00","2300",NULL,NULL,NULL,NULL,"WF0020","2026-03-13 00:00:00","20260318","1300","FE3-9623-000","000","P181","100.00","M/C","3","00"
"HT",NULL,"20260318","1100","30.00","2300",NULL,NULL,NULL,NULL,"WF0020","2026-03-13 00:00:00","20260318","1500","FE3-9623-000","000","P181","100.00","M/C","3","00"
"HT",NULL,"20260318","1100","30.00","2300",NULL,NULL,NULL,NULL,"WF0020","2026-03-13 00:00:00","20260318","2100","FE3-9623-000","000","P181","100.00","M/C","3","00"
"HT",NULL,"20260318","1100","30.00","2300",NULL,NULL,NULL,NULL,"WF0020","2026-03-13 00:00:00","20260318","2200","FE3-9623-000","000","P181","100.00","M/C","3","00"
"HT",NULL,"20260318","1100","30.00","2300",NULL,NULL,NULL,NULL,"WF0020","2026-03-13 00:00:00","20260319","0200","FL0-2075-000","000","P181","100.00","M/C","3","00"
"HT",NULL,"20260318","1100","30.00","2300",NULL,NULL,NULL,NULL,"WF0020","2026-03-13 00:00:00","20260319","0200","FL0-6919-000","000","P181","100.00","M/C","3","00"
"HT",NULL,"20260318","1100","30.00","2300",NULL,NULL,NULL,NULL,"WF0020","2026-03-13 00:00:00","20260319","0900","FL0-6919-000","000","P181","100.00","M/C","3","00"
"HT",NULL,"20260318","1100","40.00","2300",NULL,NULL,NULL,NULL,"WF0020","2026-03-13 00:00:00","20260318","0800","FE3-9619-000","000","P181","100.00","M/C","3","00"
"HT",NULL,"20260318","1100","40.00","2300",NULL,NULL,NULL,NULL,"WF0020","2026-03-13 00:00:00","20260318","0800","FE3-9641-000","000","P181","100.00","M/C","3","00"
"HT",NULL,"20260318","1100","40.00","2300",NULL,NULL,NULL,NULL,"WF0020","2026-03-13 00:00:00","20260318","0800","FE3-9642-000","000","P181","100.00","M/C","3","00"
"HT",NULL,"20260318","1100","40.00","2300",NULL,NULL,NULL,NULL,"WF0020","2026-03-13 00:00:00","20260318","0800","FE3-9648-000","000","P181","100.00","M/C","3","00"
"HT",NULL,"20260318","1100","40.00","2300",NULL,NULL,NULL,NULL,"WF0020","2026-03-13 00:00:00","20260318","0800","FE4-9884-000","000","P181","100.00","M/C","3","00"
"HT",NULL,"20260318","1100","40.00","2300",NULL,NULL,NULL,NULL,"WF0020","2026-03-13 00:00:00","20260318","0800","FL0-3100-000","000","P181","100.00","M/C","3","00"
"HT",NULL,"20260318","1100","40.00","2300",NULL,NULL,NULL,NULL,"WF0020","2026-03-13 00:00:00","20260318","0800","FL0-6960-000","000","P181","100.00","M/C","3","00"
"HT",NULL,"20260318","1100","40.00","2300",NULL,NULL,NULL,NULL,"WF0020","2026-03-13 00:00:00","20260318","1000","FE2-P475-000","000","P181","100.00","M/C","3","00"
"HT",NULL,"20260318","1100","40.00","2300",NULL,NULL,NULL,NULL,"WF0020","2026-03-13 00:00:00","20260318","1000","FE4-9884-000","000","P181","100.00","M/C","3","00"
"HT",NULL,"20260318","1100","40.00","2300",NULL,NULL,NULL,NULL,"WF0020","2026-03-13 00:00:00","20260318","1400","FE2-P475-000","000","P181","100.00","M/C","3","00"
"HT",NULL,"20260318","1100","40.00","2300",NULL,NULL,NULL,NULL,"WF0020","2026-03-13 00:00:00","20260318","1400","FE3-9623-000","000","P181","100.00","M/C","3","00"
"HT",NULL,"20260318","1100","40.00","2300",NULL,NULL,NULL,NULL,"WF0020","2026-03-13 00:00:00","20260318","1400","FE4-9884-000","000","P181","100.00","M/C","3","00"
"HT",NULL,"20260318","1100","40.00","2300",NULL,NULL,NULL,NULL,"WF0020","2026-03-13 00:00:00","20260318","1600","FE2-P475-000","000","P181","100.00","M/C","3","00"
"HT",NULL,"20260318","1100","40.00","2300",NULL,NULL,NULL,NULL,"WF0020","2026-03-13 00:00:00","20260318","2000","FE4-9884-000","000","P181","100.00","M/C","3","00"
"HT",NULL,"20260318","1100","40.00","2300",NULL,NULL,NULL,NULL,"WF0020","2026-03-13 00:00:00","20260318","2100","FL1-1800-000","000","P181","100.00","M/C","3","00"
"HT",NULL,"20260318","1100","40.00","2300",NULL,NULL,NULL,NULL,"WF0020","2026-03-13 00:00:00","20260318","2200","FE2-P475-000","000","P181","100.00","M/C","3","00"
"HT",NULL,"20260318","1100","40.00","2300",NULL,NULL,NULL,NULL,"WF0020","2026-03-13 00:00:00","20260318","2300","FE4-9884-000","000","P181","100.00","M/C","3","00"
"HT",NULL,"20260318","1100","40.00","2300",NULL,NULL,NULL,NULL,"WF0020","2026-03-13 00:00:00","20260318","2300","FL1-1800-000","000","P181","100.00","M/C","3","00"
"HT",NULL,"20260318","1100","40.00","2300",NULL,NULL,NULL,NULL,"WF0020","2026-03-13 00:00:00","20260319","0200","FE2-P475-000","000","P181","100.00","M/C","3","00"
"HT",NULL,"20260318","1100","40.00","2300",NULL,NULL,NULL,NULL,"WF0020","2026-03-13 00:00:00","20260319","0200","FL1-1800-000","000","P181","100.00","M/C","3","00"
"HT",NULL,"20260318","1100","40.00","2300",NULL,NULL,NULL,NULL,"WF0020","2026-03-13 00:00:00","20260319","0200","FL4-0477-000","000","P181","100.00","M/C","3","00"
"HT",NULL,"20260318","1100","40.00","2300",NULL,NULL,NULL,NULL,"WF0020","2026-03-13 00:00:00","20260319","0400","FL1-1800-000","000","P181","100.00","M/C","3","00"
"HT",NULL,"20260318","1100","40.00","2300",NULL,NULL,NULL,NULL,"WF0020","2026-03-13 00:00:00","20260319","0900","FE3-7458-000","000","P181","100.00","M/C","3","00"
"HT",NULL,"20260318","1100","40.00","2300",NULL,NULL,NULL,NULL,"WF0020","2026-03-13 00:00:00","20260319","0900","FL0-2075-000","000","P181","100.00","M/C","3","00"
"HT",NULL,"20260318","1100","40.00","2300",NULL,NULL,NULL,NULL,"WF0020","2026-03-13 00:00:00","20260319","0900","FL0-2100-000","000","P181","100.00","M/C","3","00"
"HT",NULL,"20260318","1100","40.00","2300",NULL,NULL,NULL,NULL,"WF0020","2026-03-13 00:00:00","20260319","0900","FL1-1800-000","000","P181","100.00","M/C","3","00"
"HT",NULL,"20260318","1100","40.00","2300",NULL,NULL,NULL,NULL,"WF0020","2026-03-13 00:00:00","20260319","0900","FL4-0476-000","000","P181","100.00","M/C","3","00"
"HT",NULL,"20260318","1100","40.00","2300",NULL,NULL,NULL,NULL,"WF0020","2026-03-13 00:00:00","20260319","0900","FL4-0477-000","000","P181","100.00","M/C","3","00"
"HT",NULL,"20260318","1100","40.00","2300",NULL,NULL,NULL,NULL,"WF0020","2026-03-13 00:00:00","20260319","1000","FE2-P475-000","000","P181","100.00","M/C","3","00"
"HT",NULL,"20260318","1100","40.00","4100",NULL,NULL,NULL,NULL,"WF0018","2026-03-13 00:00:00","20260318","1100","QC4-9346-000","000","SBAA","100.00","M/C","3","00"
"HT",NULL,"20260318","1100","45.00","2300",NULL,NULL,NULL,NULL,"WF0020","2026-03-13 00:00:00","20260318","0800","4F5-5082-000","000","P181","100.00","M/C","3","00"
"HT",NULL,"20260318","1100","60.00","2300",NULL,NULL,NULL,NULL,"WF0020","2026-03-13 00:00:00","20260319","0900","FL0-3103-000","000","P181","100.00","M/C","3","00"
"HT",NULL,"20260318","1100","80.00","2300",NULL,NULL,NULL,NULL,"WF0020","2026-03-13 00:00:00","20260318","0800","FE3-9623-000","000","P181","100.00","M/C","3","00"
"HT",NULL,"20260318","1100","80.00","2300",NULL,NULL,NULL,NULL,"WF0020","2026-03-13 00:00:00","20260318","1000","FE8-9557-000","000","P181","100.00","M/C","3","00"
"HT",NULL,"20260318","1100","80.00","2300",NULL,NULL,NULL,NULL,"WF0020","2026-03-13 00:00:00","20260318","1400","FE8-9557-000","000","P181","100.00","M/C","3","00"
"HT",NULL,"20260318","1100","80.00","2300",NULL,NULL,NULL,NULL,"WF0020","2026-03-13 00:00:00","20260318","1600","FE8-9557-000","000","P181","100.00","M/C","3","00"
"HT",NULL,"20260318","1100","80.00","2300",NULL,NULL,NULL,NULL,"WF0020","2026-03-13 00:00:00","20260318","2000","FL0-2097-000","000","P181","100.00","M/C","3","00"
"HT",NULL,"20260318","1100","80.00","2300",NULL,NULL,NULL,NULL,"WF0020","2026-03-13 00:00:00","20260318","2200","FE8-9557-000","000","P181","100.00","M/C","3","00"
"HT",NULL,"20260318","1100","80.00","2300",NULL,NULL,NULL,NULL,"WF0020","2026-03-13 00:00:00","20260318","2300","FE3-7002-000","000","P181","100.00","M/C","3","00"
"HT",NULL,"20260318","1100","80.00","2300",NULL,NULL,NULL,NULL,"WF0020","2026-03-13 00:00:00","20260319","0100","FE8-9557-000","000","P181","100.00","M/C","3","00"
"HT",NULL,"20260318","1100","80.00","2300",NULL,NULL,NULL,NULL,"WF0020","2026-03-13 00:00:00","20260319","0100","FL0-2097-000","000","P181","100.00","M/C","3","00"
"HT",NULL,"20260318","1100","80.00","2300",NULL,NULL,NULL,NULL,"WF0020","2026-03-13 00:00:00","20260319","0300","FE8-9557-000","000","P181","100.00","M/C","3","00"
"HT",NULL,"20260318","1100","80.00","2300",NULL,NULL,NULL,NULL,"WF0020","2026-03-13 00:00:00","20260319","0400","FE3-7002-000","000","P181","100.00","M/C","3","00"
"HT",NULL,"20260318","1100","80.00","2300",NULL,NULL,NULL,NULL,"WF0020","2026-03-13 00:00:00","20260319","0400","FL0-2097-000","000","P181","100.00","M/C","3","00"
"HT",NULL,"20260318","1100","80.00","2300",NULL,NULL,NULL,NULL,"WF0020","2026-03-13 00:00:00","20260319","0900","FL0-0111-000","000","P181","100.00","M/C","3","00"
"HT",NULL,"20260318","1100","80.00","2300",NULL,NULL,NULL,NULL,"WF0020","2026-03-13 00:00:00","20260319","1000","FE3-7002-000","000","P181","100.00","M/C","3","00"
"HT",NULL,"20260318","1100","80.00","2300",NULL,NULL,NULL,NULL,"WF0020","2026-03-13 00:00:00","20260319","1000","FE8-9557-000","000","P181","100.00","M/C","3","00"
"HT",NULL,"20260318","1100","100.00","2300",NULL,NULL,NULL,NULL,"WF0018","2026-03-13 00:00:00","20260318","1100","FE3-6228-000","000","X411","100.00","M/C","3","01"
"HT",NULL,"20260318","1100","100.00","2300",NULL,NULL,NULL,NULL,"WF0020","2026-03-13 00:00:00","20260318","2100","FE2-A019-000","000","P181","100.00","M/C","3","00"
"HT",NULL,"20260318","1100","100.00","2300",NULL,NULL,NULL,NULL,"WF0020","2026-03-13 00:00:00","20260319","0100","FE2-A019-000","000","P181","100.00","M/C","3","00"
"HT",NULL,"20260318","1100","100.00","2300",NULL,NULL,NULL,NULL,"WF0020","2026-03-13 00:00:00","20260319","0300","FE2-A019-000","000","P181","100.00","M/C","3","00"
"HT",NULL,"20260318","1100","100.00","2300",NULL,NULL,NULL,NULL,"WF0020","2026-03-13 00:00:00","20260319","0900","FE2-A019-000","000","P181","100.00","M/C","3","00"
"HT",NULL,"20260318","1100","100.00","4100",NULL,NULL,NULL,NULL,"WF0018","2026-03-13 00:00:00","20260318","1100","QC7-8633-000","000","R200","100.00","M/C","3","00"
"HT",NULL,"20260318","1100","160.00","2300",NULL,NULL,NULL,NULL,"WF0020","2026-03-13 00:00:00","20260318","0800","FE2-P475-000","000","P181","100.00","M/C","3","00"
"HT",NULL,"20260318","1100","200.00","2300",NULL,NULL,NULL,NULL,"WF0020","2026-03-13 00:00:00","20260319","0900","FE3-6714-000","000","P181","100.00","M/C","3","00"
"HT",NULL,"20260318","1200","50.00","2300",NULL,NULL,NULL,NULL,"WF0020","2026-03-13 00:00:00","20260318","1000","FX2-5785-000","000","TAWY","100.00","M/C","3","00"
"HT",NULL,"20260318","1200","50.00","2300",NULL,NULL,NULL,NULL,"WF0020","2026-03-13 00:00:00","20260318","2100","FX2-5785-000","000","TAWY","100.00","M/C","3","00"
"HT",NULL,"20260318","1200","50.00","2300",NULL,NULL,NULL,NULL,"WF0020","2026-03-13 00:00:00","20260319","0300","FX2-5785-000","000","TAWY","100.00","M/C","3","00"
"HT",NULL,"20260318","1300","4.00","2300",NULL,NULL,NULL,NULL,"WF0020","2026-03-13 00:00:00","20260318","1600","FX2-4748-000","000","T423","100.00","M/C","3","00"
"HT",NULL,"20260318","1300","4.00","2300",NULL,NULL,NULL,NULL,"WF0020","2026-03-13 00:00:00","20260318","2200","FX2-4748-000","000","T423","100.00","M/C","3","00"
"HT",NULL,"20260318","1300","4.00","2300",NULL,NULL,NULL,NULL,"WF0020","2026-03-13 00:00:00","20260318","2300","FX2-4741-000","000","T423","100.00","M/C","3","00"
"HT",NULL,"20260318","1300","4.00","2300",NULL,NULL,NULL,NULL,"WF0020","2026-03-13 00:00:00","20260318","2300","FX2-4742-000","000","T423","100.00","M/C","3","00"
"HT",NULL,"20260318","1300","4.00","2300",NULL,NULL,NULL,NULL,"WF0020","2026-03-13 00:00:00","20260318","2300","FX2-4748-000","000","T423","100.00","M/C","3","00"
"HT",NULL,"20260318","1300","4.00","2300",NULL,NULL,NULL,NULL,"WF0020","2026-03-13 00:00:00","20260319","0400","FX2-4741-000","000","T423","100.00","M/C","3","00"
"HT",NULL,"20260318","1300","4.00","2300",NULL,NULL,NULL,NULL,"WF0020","2026-03-13 00:00:00","20260319","0400","FX2-4742-000","000","T423","100.00","M/C","3","00"
"HT",NULL,"20260318","1300","6.00","2300",NULL,NULL,NULL,NULL,"WF0020","2026-03-13 00:00:00","20260318","1300","FX2-4739-000","000","T423","100.00","M/C","3","00"
"HT",NULL,"20260318","1300","6.00","2300",NULL,NULL,NULL,NULL,"WF0020","2026-03-13 00:00:00","20260318","1500","FX2-4739-000","000","T423","100.00","M/C","3","00"
"HT",NULL,"20260318","1300","6.00","2300",NULL,NULL,NULL,NULL,"WF0020","2026-03-13 00:00:00","20260318","1600","FX2-4739-000","000","T423","100.00","M/C","3","00"
"HT",NULL,"20260318","1300","6.00","2300",NULL,NULL,NULL,NULL,"WF0020","2026-03-13 00:00:00","20260318","2100","FX2-4739-000","000","T423","100.00","M/C","3","00"
"HT",NULL,"20260318","1300","6.00","2300",NULL,NULL,NULL,NULL,"WF0020","2026-03-13 00:00:00","20260318","2200","FX2-4739-000","000","T423","100.00","M/C","3","00"
"HT",NULL,"20260318","1300","6.00","2300",NULL,NULL,NULL,NULL,"WF0020","2026-03-13 00:00:00","20260318","2300","FX2-4739-000","000","T423","100.00","M/C","3","00"
"HT",NULL,"20260318","1300","6.00","2300",NULL,NULL,NULL,NULL,"WF0020","2026-03-13 00:00:00","20260319","0200","FX2-3628-000","000","T423","100.00","M/C","3","00"
"HT",NULL,"20260318","1300","6.00","2300",NULL,NULL,NULL,NULL,"WF0020","2026-03-13 00:00:00","20260319","0300","FX2-3628-000","000","T423","100.00","M/C","3","00"
"HT",NULL,"20260318","1300","6.00","2300",NULL,NULL,NULL,NULL,"WF0020","2026-03-13 00:00:00","20260319","0300","FX2-3629-000","000","T423","100.00","M/C","3","00"
"HT",NULL,"20260318","1300","6.00","2300",NULL,NULL,NULL,NULL,"WF0020","2026-03-13 00:00:00","20260319","0400","FX2-3628-000","000","T423","100.00","M/C","3","00"
"HT",NULL,"20260318","1300","6.00","2300",NULL,NULL,NULL,NULL,"WF0020","2026-03-13 00:00:00","20260319","0400","FX2-3629-000","000","T423","100.00","M/C","3","00"
"HT",NULL,"20260318","1300","6.00","2300",NULL,NULL,NULL,NULL,"WF0020","2026-03-13 00:00:00","20260319","0400","FX2-4739-000","000","T423","100.00","M/C","3","00"
"HT",NULL,"20260318","1300","6.00","2300",NULL,NULL,NULL,NULL,"WF0020","2026-03-13 00:00:00","20260319","0800","FX2-3629-000","000","T423","100.00","M/C","3","00"
"HT",NULL,"20260318","1300","6.00","2300",NULL,NULL,NULL,NULL,"WF0020","2026-03-13 00:00:00","20260319","0800","FX2-3630-000","000","T423","100.00","M/C","3","00"
"HT",NULL,"20260318","1300","6.00","2300",NULL,NULL,NULL,NULL,"WF0020","2026-03-13 00:00:00","20260319","0800","FX2-3631-000","000","T423","100.00","M/C","3","00"
"HT",NULL,"20260318","1300","8.00","2300",NULL,NULL,NULL,NULL,"WF0020","2026-03-13 00:00:00","20260318","1300","FX2-4740-000","000","T423","100.00","M/C","3","00"
"HT",NULL,"20260318","1300","8.00","2300",NULL,NULL,NULL,NULL,"WF0020","2026-03-13 00:00:00","20260318","1300","FX2-4741-000","000","T423","100.00","M/C","3","00"
"HT",NULL,"20260318","1300","8.00","2300",NULL,NULL,NULL,NULL,"WF0020","2026-03-13 00:00:00","20260318","1300","FX2-4742-000","000","T423","100.00","M/C","3","00"
"HT",NULL,"20260318","1300","8.00","2300",NULL,NULL,NULL,NULL,"WF0020","2026-03-13 00:00:00","20260318","1400","FX2-4740-000","000","T423","100.00","M/C","3","00"
"HT",NULL,"20260318","1300","8.00","2300",NULL,NULL,NULL,NULL,"WF0020","2026-03-13 00:00:00","20260318","1400","FX2-4741-000","000","T423","100.00","M/C","3","00"
"HT",NULL,"20260318","1300","8.00","2300",NULL,NULL,NULL,NULL,"WF0020","2026-03-13 00:00:00","20260318","1400","FX2-4742-000","000","T423","100.00","M/C","3","00"
"HT",NULL,"20260318","1300","8.00","2300",NULL,NULL,NULL,NULL,"WF0020","2026-03-13 00:00:00","20260318","1400","FX2-4747-000","000","T423","100.00","M/C","3","00"
"HT",NULL,"20260318","1300","8.00","2300",NULL,NULL,NULL,NULL,"WF0020","2026-03-13 00:00:00","20260318","1500","FX2-4741-000","000","T423","100.00","M/C","3","00"
"HT",NULL,"20260318","1300","8.00","2300",NULL,NULL,NULL,NULL,"WF0020","2026-03-13 00:00:00","20260318","1500","FX2-4742-000","000","T423","100.00","M/C","3","00"
"HT",NULL,"20260318","1300","8.00","2300",NULL,NULL,NULL,NULL,"WF0020","2026-03-13 00:00:00","20260318","1500","FX2-4745-000","000","T423","100.00","M/C","3","00"
"HT",NULL,"20260318","1300","8.00","2300",NULL,NULL,NULL,NULL,"WF0020","2026-03-13 00:00:00","20260318","1500","FX2-4746-000","000","T423","100.00","M/C","3","00"
"HT",NULL,"20260318","1300","8.00","2300",NULL,NULL,NULL,NULL,"WF0020","2026-03-13 00:00:00","20260318","1500","FX2-4748-000","000","T423","100.00","M/C","3","00"
"HT",NULL,"20260318","1300","8.00","2300",NULL,NULL,NULL,NULL,"WF0020","2026-03-13 00:00:00","20260318","1600","FX2-4740-000","000","T423","100.00","M/C","3","00"
"HT",NULL,"20260318","1300","8.00","2300",NULL,NULL,NULL,NULL,"WF0020","2026-03-13 00:00:00","20260318","1600","FX2-4741-000","000","T423","100.00","M/C","3","00"
"HT",NULL,"20260318","1300","8.00","2300",NULL,NULL,NULL,NULL,"WF0020","2026-03-13 00:00:00","20260318","1600","FX2-4742-000","000","T423","100.00","M/C","3","00"
"HT",NULL,"20260318","1300","8.00","2300",NULL,NULL,NULL,NULL,"WF0020","2026-03-13 00:00:00","20260318","1600","FX2-4745-000","000","T423","100.00","M/C","3","00"
"HT",NULL,"20260318","1300","8.00","2300",NULL,NULL,NULL,NULL,"WF0020","2026-03-13 00:00:00","20260318","1600","FX2-4746-000","000","T423","100.00","M/C","3","00"
"HT",NULL,"20260318","1300","8.00","2300",NULL,NULL,NULL,NULL,"WF0020","2026-03-13 00:00:00","20260318","1600","FX2-4747-000","000","T423","100.00","M/C","3","00"
"HT",NULL,"20260318","1300","8.00","2300",NULL,NULL,NULL,NULL,"WF0020","2026-03-13 00:00:00","20260318","2000","FX2-4741-000","000","T423","100.00","M/C","3","00"
"HT",NULL,"20260318","1300","8.00","2300",NULL,NULL,NULL,NULL,"WF0020","2026-03-13 00:00:00","20260318","2000","FX2-4742-000","000","T423","100.00","M/C","3","00"
"HT",NULL,"20260318","1300","8.00","2300",NULL,NULL,NULL,NULL,"WF0020","2026-03-13 00:00:00","20260318","2000","FX2-4745-000","000","T423","100.00","M/C","3","00"
"HT",NULL,"20260318","1300","8.00","2300",NULL,NULL,NULL,NULL,"WF0020","2026-03-13 00:00:00","20260318","2000","FX2-4746-000","000","T423","100.00","M/C","3","00"
"HT",NULL,"20260318","1300","8.00","2300",NULL,NULL,NULL,NULL,"WF0020","2026-03-13 00:00:00","20260318","2000","FX2-4747-000","000","T423","100.00","M/C","3","00"
"HT",NULL,"20260318","1300","8.00","2300",NULL,NULL,NULL,NULL,"WF0020","2026-03-13 00:00:00","20260318","2000","FX2-4748-000","000","T423","100.00","M/C","3","00"
"HT",NULL,"20260318","1300","8.00","2300",NULL,NULL,NULL,NULL,"WF0020","2026-03-13 00:00:00","20260318","2100","FX2-4740-000","000","T423","100.00","M/C","3","00"
"HT",NULL,"20260318","1300","8.00","2300",NULL,NULL,NULL,NULL,"WF0020","2026-03-13 00:00:00","20260318","2100","FX2-4741-000","000","T423","100.00","M/C","3","00"
"HT",NULL,"20260318","1300","8.00","2300",NULL,NULL,NULL,NULL,"WF0020","2026-03-13 00:00:00","20260318","2100","FX2-4742-000","000","T423","100.00","M/C","3","00"
"HT",NULL,"20260318","1300","8.00","2300",NULL,NULL,NULL,NULL,"WF0020","2026-03-13 00:00:00","20260318","2100","FX2-4747-000","000","T423","100.00","M/C","3","00"
"HT",NULL,"20260318","1300","8.00","2300",NULL,NULL,NULL,NULL,"WF0020","2026-03-13 00:00:00","20260318","2100","FX2-4748-000","000","T423","100.00","M/C","3","00"
"HT",NULL,"20260318","1300","8.00","2300",NULL,NULL,NULL,NULL,"WF0020","2026-03-13 00:00:00","20260318","2200","FX2-4740-000","000","T423","100.00","M/C","3","00"
"HT",NULL,"20260318","1300","8.00","2300",NULL,NULL,NULL,NULL,"WF0020","2026-03-13 00:00:00","20260318","2200","FX2-4741-000","000","T423","100.00","M/C","3","00"
"HT",NULL,"20260318","1300","8.00","2300",NULL,NULL,NULL,NULL,"WF0020","2026-03-13 00:00:00","20260318","2200","FX2-4742-000","000","T423","100.00","M/C","3","00"
"HT",NULL,"20260318","1300","8.00","2300",NULL,NULL,NULL,NULL,"WF0020","2026-03-13 00:00:00","20260318","2200","FX2-4745-000","000","T423","100.00","M/C","3","00"
"HT",NULL,"20260318","1300","8.00","2300",NULL,NULL,NULL,NULL,"WF0020","2026-03-13 00:00:00","20260318","2200","FX2-4746-000","000","T423","100.00","M/C","3","00"
"HT",NULL,"20260318","1300","8.00","2300",NULL,NULL,NULL,NULL,"WF0020","2026-03-13 00:00:00","20260318","2300","FX2-4747-000","000","T423","100.00","M/C","3","00"
"HT",NULL,"20260318","1300","8.00","2300",NULL,NULL,NULL,NULL,"WF0020","2026-03-13 00:00:00","20260319","0200","FX2-4740-000","000","T423","100.00","M/C","3","00"
"HT",NULL,"20260318","1300","8.00","2300",NULL,NULL,NULL,NULL,"WF0020","2026-03-13 00:00:00","20260319","0300","FX2-4741-000","000","T423","100.00","M/C","3","00"
"HT",NULL,"20260318","1300","8.00","2300",NULL,NULL,NULL,NULL,"WF0020","2026-03-13 00:00:00","20260319","0300","FX2-4742-000","000","T423","100.00","M/C","3","00"
"HT",NULL,"20260318","1300","10.00","2300",NULL,NULL,NULL,NULL,"WF0018","2026-03-13 00:00:00","20260318","1300","FE2-B140-000","000","X411","100.00","M/C","3","01"
"HT",NULL,"20260318","1300","10.00","2300",NULL,NULL,NULL,NULL,"WF0020","2026-03-13 00:00:00","20260318","1300","FC5-4759-000","000","T731","100.00","M/C","3","01"
"HT",NULL,"20260318","1300","10.00","2300",NULL,NULL,NULL,NULL,"WF0020","2026-03-13 00:00:00","20260318","1300","FE3-9635-000","000","SAPN","100.00","M/C","3","00"
"HT",NULL,"20260318","1300","10.00","2300",NULL,NULL,NULL,NULL,"WF0020","2026-03-13 00:00:00","20260318","1300","FL0-3086-000","000","SAPN","100.00","M/C","3","00"
"HT",NULL,"20260318","1300","10.00","2300",NULL,NULL,NULL,NULL,"WF0020","2026-03-13 00:00:00","20260318","1400","FE3-7329-000","000","SAPN","100.00","M/C","3","00"
"HT",NULL,"20260318","1300","10.00","2300",NULL,NULL,NULL,NULL,"WF0020","2026-03-13 00:00:00","20260318","1600","FC5-4759-000","000","T731","100.00","M/C","3","01"
"HT",NULL,"20260318","1300","10.00","4100",NULL,NULL,NULL,NULL,"WF0020","2026-03-13 00:00:00","20260318","1400","QC8-1017-000","000","SBAA","100.00","M/C","3","00"
"HT",NULL,"20260318","1300","10.00","4100",NULL,NULL,NULL,NULL,"WF0020","2026-03-13 00:00:00","20260318","2100","QC5-9382-000","000","SBAA","100.00","M/C","3","00"
"HT",NULL,"20260318","1300","10.00","4100",NULL,NULL,NULL,NULL,"WF0020","2026-03-13 00:00:00","20260318","2300","QC5-9382-000","000","SBAA","100.00","M/C","3","00"
"HT",NULL,"20260318","1300","10.00","4100",NULL,NULL,NULL,NULL,"WF0020","2026-03-13 00:00:00","20260319","0100","QC5-9382-000","000","SBAA","100.00","M/C","3","00"
"HT",NULL,"20260318","1300","10.00","4100",NULL,NULL,NULL,NULL,"WF0020","2026-03-13 00:00:00","20260319","0100","QC7-8155-000","000","SBAA","100.00","M/C","3","00"
"HT",NULL,"20260318","1300","10.00","4100",NULL,NULL,NULL,NULL,"WF0020","2026-03-13 00:00:00","20260319","0200","QC5-9382-000","000","SBAA","100.00","M/C","3","00"
"HT",NULL,"20260318","1300","10.00","4100",NULL,NULL,NULL,NULL,"WF0020","2026-03-13 00:00:00","20260319","0200","QC7-8155-000","000","SBAA","100.00","M/C","3","00"
"HT",NULL,"20260318","1300","10.00","4100",NULL,NULL,NULL,NULL,"WF0020","2026-03-13 00:00:00","20260319","0300","QC5-9382-000","000","SBAA","100.00","M/C","3","00"
"HT",NULL,"20260318","1300","10.00","4100",NULL,NULL,NULL,NULL,"WF0020","2026-03-13 00:00:00","20260319","0400","QC5-9382-000","000","SBAA","100.00","M/C","3","00"
"HT",NULL,"20260318","1300","10.00","4100",NULL,NULL,NULL,NULL,"WF0020","2026-03-13 00:00:00","20260319","0400","QC7-8155-000","000","SBAA","100.00","M/C","3","00"
"HT",NULL,"20260318","1300","10.00","4100",NULL,NULL,NULL,NULL,"WF0020","2026-03-13 00:00:00","20260319","0800","QC7-8155-000","000","SBAA","100.00","M/C","3","00"
"HT",NULL,"20260318","1300","10.00","4100",NULL,NULL,NULL,NULL,"WF0020","2026-03-13 00:00:00","20260319","1000","QC5-9382-000","000","SBAA","100.00","M/C","3","00"
"HT",NULL,"20260318","1300","10.00","4100",NULL,NULL,NULL,NULL,"WF0020","2026-03-13 00:00:00","20260319","1100","QC5-9382-000","000","SBAA","100.00","M/C","3","00"
"HT",NULL,"20260318","1300","12.00","2300",NULL,NULL,NULL,NULL,"WF0020","2026-03-13 00:00:00","20260318","1300","FX2-4743-000","000","T423","100.00","M/C","3","00"
"HT",NULL,"20260318","1300","12.00","2300",NULL,NULL,NULL,NULL,"WF0020","2026-03-13 00:00:00","20260318","1400","FX2-4739-000","000","T423","100.00","M/C","3","00"
"HT",NULL,"20260318","1300","12.00","2300",NULL,NULL,NULL,NULL,"WF0020","2026-03-13 00:00:00","20260318","1400","FX2-4743-000","000","T423","100.00","M/C","3","00"
"HT",NULL,"20260318","1300","12.00","2300",NULL,NULL,NULL,NULL,"WF0020","2026-03-13 00:00:00","20260318","1500","FX2-4743-000","000","T423","100.00","M/C","3","00"
"HT",NULL,"20260318","1300","12.00","2300",NULL,NULL,NULL,NULL,"WF0020","2026-03-13 00:00:00","20260318","1600","FX2-4743-000","000","T423","100.00","M/C","3","00"
"HT",NULL,"20260318","1300","12.00","2300",NULL,NULL,NULL,NULL,"WF0020","2026-03-13 00:00:00","20260318","2000","FX2-4739-000","000","T423","100.00","M/C","3","00"
"HT",NULL,"20260318","1300","12.00","2300",NULL,NULL,NULL,NULL,"WF0020","2026-03-13 00:00:00","20260318","2100","FX2-4743-000","000","T423","100.00","M/C","3","00"
"HT",NULL,"20260318","1300","12.00","2300",NULL,NULL,NULL,NULL,"WF0020","2026-03-13 00:00:00","20260318","2200","FX2-4743-000","000","T423","100.00","M/C","3","00"
"HT",NULL,"20260318","1300","12.00","2300",NULL,NULL,NULL,NULL,"WF0020","2026-03-13 00:00:00","20260319","0100","FX2-3629-000","000","T423","100.00","M/C","3","00"
"HT",NULL,"20260318","1300","12.00","2300",NULL,NULL,NULL,NULL,"WF0020","2026-03-13 00:00:00","20260319","0100","FX2-4739-000","000","T423","100.00","M/C","3","00"
"HT",NULL,"20260318","1300","12.00","2300",NULL,NULL,NULL,NULL,"WF0020","2026-03-13 00:00:00","20260319","0100","FX2-4741-000","000","T423","100.00","M/C","3","00"
"HT",NULL,"20260318","1300","12.00","2300",NULL,NULL,NULL,NULL,"WF0020","2026-03-13 00:00:00","20260319","0100","FX2-4742-000","000","T423","100.00","M/C","3","00"
"HT",NULL,"20260318","1300","12.00","2300",NULL,NULL,NULL,NULL,"WF0020","2026-03-13 00:00:00","20260319","0100","FX2-4743-000","000","T423","100.00","M/C","3","00"
"HT",NULL,"20260318","1300","12.00","2300",NULL,NULL,NULL,NULL,"WF0020","2026-03-13 00:00:00","20260319","0200","FX2-4739-000","000","T423","100.00","M/C","3","00"
"HT",NULL,"20260318","1300","12.00","2300",NULL,NULL,NULL,NULL,"WF0020","2026-03-13 00:00:00","20260319","0300","FX2-4739-000","000","T423","100.00","M/C","3","00"
"HT",NULL,"20260318","1300","12.00","2300",NULL,NULL,NULL,NULL,"WF0020","2026-03-13 00:00:00","20260319","0400","FX2-4743-000","000","T423","100.00","M/C","3","00"
"HT",NULL,"20260318","1300","12.00","2300",NULL,NULL,NULL,NULL,"WF0020","2026-03-13 00:00:00","20260319","0800","FX2-3628-000","000","T423","100.00","M/C","3","00"
"HT",NULL,"20260318","1300","15.00","2300",NULL,NULL,NULL,NULL,"WF0020","2026-03-13 00:00:00","20260318","1300","FE3-7051-000","000","SAPN","100.00","M/C","3","00"
"HT",NULL,"20260318","1300","16.00","2300",NULL,NULL,NULL,NULL,"WF0020","2026-03-13 00:00:00","20260318","2000","FX2-4740-000","000","T423","100.00","M/C","3","00"
"HT",NULL,"20260318","1300","16.00","2300",NULL,NULL,NULL,NULL,"WF0020","2026-03-13 00:00:00","20260319","0100","FX2-4740-000","000","T423","100.00","M/C","3","00"
"HT",NULL,"20260318","1300","16.00","2300",NULL,NULL,NULL,NULL,"WF0020","2026-03-13 00:00:00","20260319","0200","FX2-4741-000","000","T423","100.00","M/C","3","00"
"HT",NULL,"20260318","1300","16.00","2300",NULL,NULL,NULL,NULL,"WF0020","2026-03-13 00:00:00","20260319","0200","FX2-4742-000","000","T423","100.00","M/C","3","00"
"HT",NULL,"20260318","1300","16.00","2300",NULL,NULL,NULL,NULL,"WF0020","2026-03-13 00:00:00","20260319","0300","FX2-4740-000","000","T423","100.00","M/C","3","00"
"HT",NULL,"20260318","1300","16.00","2300",NULL,NULL,NULL,NULL,"WF0020","2026-03-13 00:00:00","20260319","0400","FX2-3632-000","000","T423","100.00","M/C","3","00"
"HT",NULL,"20260318","1300","16.00","2300",NULL,NULL,NULL,NULL,"WF0020","2026-03-13 00:00:00","20260319","0400","FX2-3633-000","000","T423","100.00","M/C","3","00"
"HT",NULL,"20260318","1300","20.00","2300",NULL,NULL,NULL,NULL,"WF0020","2026-03-13 00:00:00","20260318","1300","FE3-9638-000","000","SAPN","100.00","M/C","3","00"
"HT",NULL,"20260318","1300","20.00","2300",NULL,NULL,NULL,NULL,"WF0020","2026-03-13 00:00:00","20260318","1300","FL0-2078-000","000","SAPN","100.00","M/C","3","00"
"HT",NULL,"20260318","1300","20.00","2300",NULL,NULL,NULL,NULL,"WF0020","2026-03-13 00:00:00","20260318","1300","FL0-2151-000","000","SAPN","100.00","M/C","3","00"
"HT",NULL,"20260318","1300","20.00","2300",NULL,NULL,NULL,NULL,"WF0020","2026-03-13 00:00:00","20260318","1400","FC5-4759-000","000","T731","100.00","M/C","3","01"
"HT",NULL,"20260318","1300","20.00","2300",NULL,NULL,NULL,NULL,"WF0020","2026-03-13 00:00:00","20260318","1400","FE3-6708-000","000","SAPN","100.00","M/C","3","00"
"HT",NULL,"20260318","1300","20.00","2300",NULL,NULL,NULL,NULL,"WF0020","2026-03-13 00:00:00","20260318","1400","FE3-7051-000","000","SAPN","100.00","M/C","3","00"
"HT",NULL,"20260318","1300","20.00","2300",NULL,NULL,NULL,NULL,"WF0020","2026-03-13 00:00:00","20260318","1400","FE3-9635-000","000","SAPN","100.00","M/C","3","00"
"HT",NULL,"20260318","1300","20.00","2300",NULL,NULL,NULL,NULL,"WF0020","2026-03-13 00:00:00","20260318","1400","FE3-9638-000","000","SAPN","100.00","M/C","3","00"
"HT",NULL,"20260318","1300","20.00","2300",NULL,NULL,NULL,NULL,"WF0020","2026-03-13 00:00:00","20260318","1400","FL0-2110-000","000","SAPN","100.00","M/C","3","00"
"HT",NULL,"20260318","1300","20.00","2300",NULL,NULL,NULL,NULL,"WF0020","2026-03-13 00:00:00","20260318","1400","FL0-2151-000","000","SAPN","100.00","M/C","3","00"
"HT",NULL,"20260318","1300","20.00","2300",NULL,NULL,NULL,NULL,"WF0020","2026-03-13 00:00:00","20260318","1400","FL0-3086-000","000","SAPN","100.00","M/C","3","00"
"HT",NULL,"20260318","1300","20.00","2300",NULL,NULL,NULL,NULL,"WF0020","2026-03-13 00:00:00","20260318","1400","FX2-4744-000","000","T423","100.00","M/C","3","00"
"HT",NULL,"20260318","1300","20.00","2300",NULL,NULL,NULL,NULL,"WF0020","2026-03-13 00:00:00","20260318","1500","FC5-4759-000","000","T731","100.00","M/C","3","01"
"HT",NULL,"20260318","1300","20.00","2300",NULL,NULL,NULL,NULL,"WF0020","2026-03-13 00:00:00","20260318","1600","FX2-4744-000","000","T423","100.00","M/C","3","00"
"HT",NULL,"20260318","1300","20.00","2300",NULL,NULL,NULL,NULL,"WF0020","2026-03-13 00:00:00","20260318","2000","FX2-4744-000","000","T423","100.00","M/C","3","00"
"HT",NULL,"20260318","1300","20.00","2300",NULL,NULL,NULL,NULL,"WF0020","2026-03-13 00:00:00","20260318","2200","FX2-4744-000","000","T423","100.00","M/C","3","00"
"HT",NULL,"20260318","1300","20.00","2300",NULL,NULL,NULL,NULL,"WF0020","2026-03-13 00:00:00","20260319","0100","FX2-4744-000","000","T423","100.00","M/C","3","00"
"HT",NULL,"20260318","1300","20.00","2300",NULL,NULL,NULL,NULL,"WF0020","2026-03-13 00:00:00","20260319","0200","FX2-4744-000","000","T423","100.00","M/C","3","00"
"HT",NULL,"20260318","1300","20.00","4100",NULL,NULL,NULL,NULL,"WF0020","2026-03-13 00:00:00","20260318","2200","QC5-9382-000","000","SBAA","100.00","M/C","3","00"
"HT",NULL,"20260318","1300","20.00","4100",NULL,NULL,NULL,NULL,"WF0020","2026-03-13 00:00:00","20260319","0800","QC5-9382-000","000","SBAA","100.00","M/C","3","00"
"HT",NULL,"20260318","1300","20.00","4100",NULL,NULL,NULL,NULL,"WF0020","2026-03-13 00:00:00","20260319","0900","QC8-1017-000","000","SBAA","100.00","M/C","3","00"
"HT",NULL,"20260318","1300","24.00","2300",NULL,NULL,NULL,NULL,"WF0020","2026-03-13 00:00:00","20260318","2000","FX2-4743-000","000","T423","100.00","M/C","3","00"
"HT",NULL,"20260318","1300","24.00","2300",NULL,NULL,NULL,NULL,"WF0020","2026-03-13 00:00:00","20260319","0200","FX2-4743-000","000","T423","100.00","M/C","3","00"
"HT",NULL,"20260318","1300","30.00","2300",NULL,NULL,NULL,NULL,"WF0020","2026-03-13 00:00:00","20260318","1300","FE8-8150-000","000","SAPN","100.00","M/C","3","00"
"HT",NULL,"20260318","1300","30.00","2300",NULL,NULL,NULL,NULL,"WF0020","2026-03-13 00:00:00","20260318","1400","FE2-B907-000","000","SAPN","100.00","M/C","3","00"
"HT",NULL,"20260318","1300","30.00","2300",NULL,NULL,NULL,NULL,"WF0020","2026-03-13 00:00:00","20260318","1400","FE8-8150-000","000","SAPN","100.00","M/C","3","00"
"HT",NULL,"20260318","1300","30.00","4100",NULL,NULL,NULL,NULL,"WF0020","2026-03-13 00:00:00","20260319","0900","QC5-9382-000","000","SBAA","100.00","M/C","3","00"
"HT",NULL,"20260318","1300","40.00","2300",NULL,NULL,NULL,NULL,"WF0020","2026-03-13 00:00:00","20260318","1400","FL1-4756-000","000","SAPN","100.00","M/C","3","00"
"HT",NULL,"20260318","1300","40.00","4100",NULL,NULL,NULL,NULL,"WF0020","2026-03-13 00:00:00","20260318","0800","QC7-8191-000","000","SBAA","100.00","M/C","3","00"
"HT",NULL,"20260318","1300","60.00","2300",NULL,NULL,NULL,NULL,"WF0020","2026-03-13 00:00:00","20260318","1500","FX2-1717-000","000","T423","100.00","M/C","3","00"
"HT",NULL,"20260318","1300","60.00","2300",NULL,NULL,NULL,NULL,"WF0020","2026-03-13 00:00:00","20260319","0200","FX2-1717-000","000","T423","100.00","M/C","3","00"
"HT",NULL,"20260318","1300","100.00","2300",NULL,NULL,NULL,NULL,"WF0020","2026-03-13 00:00:00","20260318","1300","FE8-1736-000","000","SAPN","100.00","M/C","3","00"
"HT",NULL,"20260318","1300","160.00","4100",NULL,NULL,NULL,NULL,"WF0020","2026-03-13 00:00:00","20260318","0800","QC4-9346-000","000","SBAA","100.00","M/C","3","00"
"HT",NULL,"20260318","1300","160.00","4100",NULL,NULL,NULL,NULL,"WF0020","2026-03-13 00:00:00","20260318","0800","QC4-9347-000","000","SBAA","100.00","M/C","3","00"
"HT",NULL,"20260318","1300","200.00","2300",NULL,NULL,NULL,NULL,"WF0020","2026-03-13 00:00:00","20260318","1500","FL0-6941-000","000","C060","100.00","M/C","3","00"
"HT",NULL,"20260318","1300","200.00","4100",NULL,NULL,NULL,NULL,"WF0020","2026-03-13 00:00:00","20260318","0800","QD1-1684-000","000","SBAA","100.00","M/C","3","00"
"HT",NULL,"20260318","1400","1.00","4100",NULL,NULL,NULL,NULL,"WF0020","2026-03-13 00:00:00","20260318","1400","QX2-1851-000","000","L204","100.00","M/C","3","00"
"HT",NULL,"20260318","1400","1.00","4100",NULL,NULL,NULL,NULL,"WF0020","2026-03-13 00:00:00","20260318","1500","QX2-1851-000","000","L204","100.00","M/C","3","00"
"HT",NULL,"20260318","1400","10.00","2300",NULL,NULL,NULL,NULL,"WF0018","2026-03-13 00:00:00","20260318","1400","FE2-B140-000","000","X411","100.00","M/C","3","01"
"HT",NULL,"20260318","1400","20.00","2300",NULL,NULL,NULL,NULL,"WF0020","2026-03-13 00:00:00","20260318","1400","FL0-3101-000","000","K624","100.00","M/C","3","00"
"HT",NULL,"20260318","1400","20.00","2300",NULL,NULL,NULL,NULL,"WF0020","2026-03-13 00:00:00","20260318","1500","FE3-7369-000","000","K624","100.00","M/C","3","00"
"HT",NULL,"20260318","1400","20.00","2300",NULL,NULL,NULL,NULL,"WF0020","2026-03-13 00:00:00","20260318","1600","FL0-3101-000","000","K624","100.00","M/C","3","00"
"HT",NULL,"20260318","1400","20.00","2300",NULL,NULL,NULL,NULL,"WF0020","2026-03-13 00:00:00","20260318","2100","FL0-3101-000","000","K624","100.00","M/C","3","00"
"HT",NULL,"20260318","1400","20.00","2300",NULL,NULL,NULL,NULL,"WF0020","2026-03-13 00:00:00","20260318","2200","FL0-3101-000","000","K624","100.00","M/C","3","00"
"HT",NULL,"20260318","1400","20.00","2300",NULL,NULL,NULL,NULL,"WF0020","2026-03-13 00:00:00","20260319","0100","FE8-4352-000","000","K624","100.00","M/C","3","00"
"HT",NULL,"20260318","1400","20.00","2300",NULL,NULL,NULL,NULL,"WF0020","2026-03-13 00:00:00","20260319","0200","FE8-4352-000","000","K624","100.00","M/C","3","00"
"HT",NULL,"20260318","1400","40.00","2300",NULL,NULL,NULL,NULL,"WF0020","2026-03-13 00:00:00","20260318","1400","FE8-9559-000","000","K624","100.00","M/C","3","00"
"HT",NULL,"20260318","1400","40.00","2300",NULL,NULL,NULL,NULL,"WF0020","2026-03-13 00:00:00","20260318","1600","FE8-9559-000","000","K624","100.00","M/C","3","00"
"HT",NULL,"20260318","1400","40.00","2300",NULL,NULL,NULL,NULL,"WF0020","2026-03-13 00:00:00","20260318","2100","FE8-9559-000","000","K624","100.00","M/C","3","00"
"HT",NULL,"20260318","1400","40.00","2300",NULL,NULL,NULL,NULL,"WF0020","2026-03-13 00:00:00","20260318","2200","FE3-6679-000","000","K624","100.00","M/C","3","00"
"HT",NULL,"20260318","1400","40.00","2300",NULL,NULL,NULL,NULL,"WF0020","2026-03-13 00:00:00","20260318","2200","FE3-6738-000","000","K624","100.00","M/C","3","00"
"HT",NULL,"20260318","1400","40.00","2300",NULL,NULL,NULL,NULL,"WF0020","2026-03-13 00:00:00","20260318","2200","FE8-9559-000","000","K624","100.00","M/C","3","00"
"HT",NULL,"20260318","1400","40.00","2300",NULL,NULL,NULL,NULL,"WF0020","2026-03-13 00:00:00","20260318","2300","FE8-9559-000","000","K624","100.00","M/C","3","00"
"HT",NULL,"20260318","1400","40.00","2300",NULL,NULL,NULL,NULL,"WF0020","2026-03-13 00:00:00","20260319","0100","FE3-9695-000","000","K624","100.00","M/C","3","00"
"HT",NULL,"20260318","1400","40.00","2300",NULL,NULL,NULL,NULL,"WF0020","2026-03-13 00:00:00","20260319","0100","FE3-9721-000","000","K624","100.00","M/C","3","00"
"HT",NULL,"20260318","1400","40.00","2300",NULL,NULL,NULL,NULL,"WF0020","2026-03-13 00:00:00","20260319","0100","FE8-9559-000","000","K624","100.00","M/C","3","00"
"HT",NULL,"20260318","1400","40.00","2300",NULL,NULL,NULL,NULL,"WF0020","2026-03-13 00:00:00","20260319","0200","FE3-6679-000","000","K624","100.00","M/C","3","00"
"HT",NULL,"20260318","1400","40.00","2300",NULL,NULL,NULL,NULL,"WF0020","2026-03-13 00:00:00","20260319","0200","FE3-6738-000","000","K624","100.00","M/C","3","00"
"HT",NULL,"20260318","1400","40.00","2300",NULL,NULL,NULL,NULL,"WF0020","2026-03-13 00:00:00","20260319","0200","FE8-9559-000","000","K624","100.00","M/C","3","00"
"HT",NULL,"20260318","1400","40.00","2300",NULL,NULL,NULL,NULL,"WF0020","2026-03-13 00:00:00","20260319","0300","FE3-6679-000","000","K624","100.00","M/C","3","00"
"HT",NULL,"20260318","1400","40.00","2300",NULL,NULL,NULL,NULL,"WF0020","2026-03-13 00:00:00","20260319","0300","FE3-6738-000","000","K624","100.00","M/C","3","00"
"HT",NULL,"20260318","1400","40.00","2300",NULL,NULL,NULL,NULL,"WF0020","2026-03-13 00:00:00","20260319","0300","FE3-7327-000","000","K624","100.00","M/C","3","00"
"HT",NULL,"20260318","1400","40.00","2300",NULL,NULL,NULL,NULL,"WF0020","2026-03-13 00:00:00","20260319","0400","FE8-9559-000","000","K624","100.00","M/C","3","00"
"HT",NULL,"20260318","1400","40.00","2300",NULL,NULL,NULL,NULL,"WF0020","2026-03-13 00:00:00","20260319","0800","FE3-6679-000","000","K624","100.00","M/C","3","00"
"HT",NULL,"20260318","1400","40.00","2300",NULL,NULL,NULL,NULL,"WF0020","2026-03-13 00:00:00","20260319","0800","FE3-6738-000","000","K624","100.00","M/C","3","00"
"HT",NULL,"20260318","1400","40.00","2300",NULL,NULL,NULL,NULL,"WF0020","2026-03-13 00:00:00","20260319","0800","FE3-7327-000","000","K624","100.00","M/C","3","00"
"HT",NULL,"20260318","1400","40.00","2300",NULL,NULL,NULL,NULL,"WF0020","2026-03-13 00:00:00","20260319","0800","FE8-9559-000","000","K624","100.00","M/C","3","00"
"HT",NULL,"20260318","1400","100.00","2300",NULL,NULL,NULL,NULL,"WF0020","2026-03-13 00:00:00","20260318","1600","FE3-9646-000","000","K624","100.00","M/C","3","00"
"HT",NULL,"20260318","1400","100.00","2300",NULL,NULL,NULL,NULL,"WF0020","2026-03-13 00:00:00","20260318","2100","FE3-6608-000","000","K624","100.00","M/C","3","00"
"HT",NULL,"20260318","1400","100.00","2300",NULL,NULL,NULL,NULL,"WF0020","2026-03-13 00:00:00","20260318","2200","FE3-7040-000","000","K624","100.00","M/C","3","00"
"HT",NULL,"20260318","1400","100.00","2300",NULL,NULL,NULL,NULL,"WF0020","2026-03-13 00:00:00","20260319","0100","FE3-6608-000","000","K624","100.00","M/C","3","00"
"HT",NULL,"20260318","1400","100.00","2300",NULL,NULL,NULL,NULL,"WF0020","2026-03-13 00:00:00","20260319","0100","FE3-9646-000","000","K624","100.00","M/C","3","00"
"HT",NULL,"20260318","1400","100.00","2300",NULL,NULL,NULL,NULL,"WF0020","2026-03-13 00:00:00","20260319","0400","FE3-6608-000","000","K624","100.00","M/C","3","00"
"HT",NULL,"20260318","1400","100.00","2300",NULL,NULL,NULL,NULL,"WF0020","2026-03-13 00:00:00","20260319","0400","FE3-7040-000","000","K624","100.00","M/C","3","00"
"HT",NULL,"20260318","1400","200.00","2300",NULL,NULL,NULL,NULL,"WF0020","2026-03-13 00:00:00","20260319","0400","FE3-7039-000","000","K624","100.00","M/C","3","00"
"HT",NULL,"20260318","1500","2.00","4100",NULL,NULL,NULL,NULL,"WF0020","2026-03-13 00:00:00","20260319","0900","QC9-1190-000","000","R200","100.00","M/C","3","00"
"HT",NULL,"20260318","1500","3.00","4100",NULL,NULL,NULL,NULL,"WF0020","2026-03-13 00:00:00","20260318","0900","QC9-1191-000","000","R200","100.00","M/C","3","00"
"HT",NULL,"20260318","1500","4.00","4100",NULL,NULL,NULL,NULL,"WF0020","2026-03-13 00:00:00","20260319","0400","QC8-1165-000","000","R200","100.00","M/C","3","00"
"HT",NULL,"20260318","1500","5.00","4100",NULL,NULL,NULL,NULL,"WF0020","2026-03-13 00:00:00","20260319","0300","QC9-1189-000","000","R200","100.00","M/C","3","00"
"HT",NULL,"20260318","1500","5.00","4100",NULL,NULL,NULL,NULL,"WF0020","2026-03-13 00:00:00","20260319","0900","QC8-9356-000","000","R200","100.00","M/C","3","00"
"HT",NULL,"20260318","1500","8.00","4100",NULL,NULL,NULL,NULL,"WF0020","2026-03-13 00:00:00","20260318","0900","QC9-1190-000","000","R200","100.00","M/C","3","00"
"HT",NULL,"20260318","1500","8.00","4100",NULL,NULL,NULL,NULL,"WF0020","2026-03-13 00:00:00","20260319","0100","QC9-1190-000","000","R200","100.00","M/C","3","00"
"HT",NULL,"20260318","1500","8.00","4100",NULL,NULL,NULL,NULL,"WF0020","2026-03-13 00:00:00","20260319","0200","QC9-1190-000","000","R200","100.00","M/C","3","00"
"HT",NULL,"20260318","1500","8.00","4100",NULL,NULL,NULL,NULL,"WF0020","2026-03-13 00:00:00","20260319","0300","QC9-1190-000","000","R200","100.00","M/C","3","00"
"HT",NULL,"20260318","1500","8.00","4100",NULL,NULL,NULL,NULL,"WF0020","2026-03-13 00:00:00","20260319","0900","QC8-1169-000","000","R200","100.00","M/C","3","00"
"HT",NULL,"20260318","1500","8.00","4100",NULL,NULL,NULL,NULL,"WF0020","2026-03-13 00:00:00","20260319","1100","QC8-1169-000","000","R200","100.00","M/C","3","00"
"HT",NULL,"20260318","1500","9.00","4100",NULL,NULL,NULL,NULL,"WF0020","2026-03-13 00:00:00","20260319","0200","QC9-1191-000","000","R200","100.00","M/C","3","00"
"HT",NULL,"20260318","1500","9.00","4100",NULL,NULL,NULL,NULL,"WF0020","2026-03-13 00:00:00","20260319","0300","QC9-1191-000","000","R200","100.00","M/C","3","00"
"HT",NULL,"20260318","1500","10.00","2300",NULL,NULL,NULL,NULL,"WF0020","2026-03-13 00:00:00","20260318","1500","FE3-6708-000","000","SAPN","100.00","M/C","3","00"
"HT",NULL,"20260318","1500","10.00","2300",NULL,NULL,NULL,NULL,"WF0020","2026-03-13 00:00:00","20260318","1500","FE3-6833-000","000","SAPN","100.00","M/C","3","00"
"HT",NULL,"20260318","1500","10.00","2300",NULL,NULL,NULL,NULL,"WF0020","2026-03-13 00:00:00","20260318","1500","FE3-7051-000","000","SAPN","100.00","M/C","3","00"
"HT",NULL,"20260318","1500","10.00","2300",NULL,NULL,NULL,NULL,"WF0020","2026-03-13 00:00:00","20260318","1500","FE3-7329-000","000","SAPN","100.00","M/C","3","00"
"HT",NULL,"20260318","1500","10.00","2300",NULL,NULL,NULL,NULL,"WF0020","2026-03-13 00:00:00","20260318","1500","FE3-9635-000","000","SAPN","100.00","M/C","3","00"
"HT",NULL,"20260318","1500","10.00","2300",NULL,NULL,NULL,NULL,"WF0020","2026-03-13 00:00:00","20260318","1500","FE3-9638-000","000","SAPN","100.00","M/C","3","00"
"HT",NULL,"20260318","1500","10.00","2300",NULL,NULL,NULL,NULL,"WF0020","2026-03-13 00:00:00","20260318","1500","FL0-3086-000","000","SAPN","100.00","M/C","3","00"
"HT",NULL,"20260318","1500","10.00","2300",NULL,NULL,NULL,NULL,"WF0020","2026-03-13 00:00:00","20260318","1600","FE3-6833-000","000","SAPN","100.00","M/C","3","00"
"HT",NULL,"20260318","1500","10.00","2300",NULL,NULL,NULL,NULL,"WF0020","2026-03-13 00:00:00","20260318","1600","FE3-9638-000","000","SAPN","100.00","M/C","3","00"
"HT",NULL,"20260318","1500","10.00","4100",NULL,NULL,NULL,NULL,"WF0020","2026-03-13 00:00:00","20260318","1000","QC8-9356-000","000","R200","100.00","M/C","3","00"
"HT",NULL,"20260318","1500","10.00","4100",NULL,NULL,NULL,NULL,"WF0020","2026-03-13 00:00:00","20260319","0200","QC8-9356-000","000","R200","100.00","M/C","3","00"
"HT",NULL,"20260318","1500","10.00","4100",NULL,NULL,NULL,NULL,"WF0020","2026-03-13 00:00:00","20260319","0400","QC8-9356-000","000","R200","100.00","M/C","3","00"
"HT",NULL,"20260318","1500","10.00","4100",NULL,NULL,NULL,NULL,"WF0020","2026-03-13 00:00:00","20260319","0400","QC8-9358-000","000","R200","100.00","M/C","3","00"
"HT",NULL,"20260318","1500","10.00","4100",NULL,NULL,NULL,NULL,"WF0020","2026-03-13 00:00:00","20260319","0800","QC8-9358-000","000","R200","100.00","M/C","3","00"
"HT",NULL,"20260318","1500","10.00","4100",NULL,NULL,NULL,NULL,"WF0020","2026-03-13 00:00:00","20260319","1300","QD1-1733-000","000","R200","100.00","M/C","3","00"
"HT",NULL,"20260318","1500","12.00","4100",NULL,NULL,NULL,NULL,"WF0020","2026-03-13 00:00:00","20260318","2200","QC8-1165-000","000","R200","100.00","M/C","3","00"
"HT",NULL,"20260318","1500","12.00","4100",NULL,NULL,NULL,NULL,"WF0020","2026-03-13 00:00:00","20260318","2200","QC8-1169-000","000","R200","100.00","M/C","3","00"
"HT",NULL,"20260318","1500","12.00","4100",NULL,NULL,NULL,NULL,"WF0020","2026-03-13 00:00:00","20260319","0100","QC8-1165-000","000","R200","100.00","M/C","3","00"
"HT",NULL,"20260318","1500","12.00","4100",NULL,NULL,NULL,NULL,"WF0020","2026-03-13 00:00:00","20260319","0100","QC8-1169-000","000","R200","100.00","M/C","3","00"
"HT",NULL,"20260318","1500","12.00","4100",NULL,NULL,NULL,NULL,"WF0020","2026-03-13 00:00:00","20260319","0300","QC8-1165-000","000","R200","100.00","M/C","3","00"
"HT",NULL,"20260318","1500","12.00","4100",NULL,NULL,NULL,NULL,"WF0020","2026-03-13 00:00:00","20260319","0300","QC8-1169-000","000","R200","100.00","M/C","3","00"
"HT",NULL,"20260318","1500","12.00","4100",NULL,NULL,NULL,NULL,"WF0020","2026-03-13 00:00:00","20260319","0400","QC8-1169-000","000","R200","100.00","M/C","3","00"
"HT",NULL,"20260318","1500","12.00","4100",NULL,NULL,NULL,NULL,"WF0020","2026-03-13 00:00:00","20260319","0800","QC8-1165-000","000","R200","100.00","M/C","3","00"
"HT",NULL,"20260318","1500","12.00","4100",NULL,NULL,NULL,NULL,"WF0020","2026-03-13 00:00:00","20260319","1000","QC8-1165-000","000","R200","100.00","M/C","3","00"
"HT",NULL,"20260318","1500","12.00","4100",NULL,NULL,NULL,NULL,"WF0020","2026-03-13 00:00:00","20260319","1000","QC8-1169-000","000","R200","100.00","M/C","3","00"
"HT",NULL,"20260318","1500","12.00","4100",NULL,NULL,NULL,NULL,"WF0020","2026-03-13 00:00:00","20260319","1100","QC8-1165-000","000","R200","100.00","M/C","3","00"
"HT",NULL,"20260318","1500","12.00","4100",NULL,NULL,NULL,NULL,"WF0020","2026-03-13 00:00:00","20260319","1300","QC8-1165-000","000","R200","100.00","M/C","3","00"
"HT",NULL,"20260318","1500","12.00","4100",NULL,NULL,NULL,NULL,"WF0020","2026-03-13 00:00:00","20260319","1300","QC8-1169-000","000","R200","100.00","M/C","3","00"
"HT",NULL,"20260318","1500","15.00","2300",NULL,NULL,NULL,NULL,"WF0020","2026-03-13 00:00:00","20260318","1600","FE3-6708-000","000","SAPN","100.00","M/C","3","00"
"HT",NULL,"20260318","1500","15.00","2300",NULL,NULL,NULL,NULL,"WF0020","2026-03-13 00:00:00","20260318","1600","FE3-7051-000","000","SAPN","100.00","M/C","3","00"
"HT",NULL,"20260318","1500","16.00","4100",NULL,NULL,NULL,NULL,"WF0020","2026-03-13 00:00:00","20260319","0200","QC8-1165-000","000","R200","100.00","M/C","3","00"
"HT",NULL,"20260318","1500","16.00","4100",NULL,NULL,NULL,NULL,"WF0020","2026-03-13 00:00:00","20260319","0200","QC8-1169-000","000","R200","100.00","M/C","3","00"
"HT",NULL,"20260318","1500","16.00","4100",NULL,NULL,NULL,NULL,"WF0020","2026-03-13 00:00:00","20260319","1400","QC8-1165-000","000","R200","100.00","M/C","3","00"
"HT",NULL,"20260318","1500","16.00","4100",NULL,NULL,NULL,NULL,"WF0020","2026-03-13 00:00:00","20260319","1400","QC8-1169-000","000","R200","100.00","M/C","3","00"
"HT",NULL,"20260318","1500","20.00","2300",NULL,NULL,NULL,NULL,"WF0018","2026-03-13 00:00:00","20260318","1500","FE2-B140-000","000","X411","100.00","M/C","3","01"
"HT",NULL,"20260318","1500","20.00","2300",NULL,NULL,NULL,NULL,"WF0020","2026-03-13 00:00:00","20260318","1500","FL0-2078-000","000","SAPN","100.00","M/C","3","00"
"HT",NULL,"20260318","1500","20.00","2300",NULL,NULL,NULL,NULL,"WF0020","2026-03-13 00:00:00","20260318","1500","FL0-2110-000","000","SAPN","100.00","M/C","3","00"
"HT",NULL,"20260318","1500","20.00","2300",NULL,NULL,NULL,NULL,"WF0020","2026-03-13 00:00:00","20260318","1500","FL0-2151-000","000","SAPN","100.00","M/C","3","00"
"HT",NULL,"20260318","1500","20.00","2300",NULL,NULL,NULL,NULL,"WF0020","2026-03-13 00:00:00","20260318","1600","FE3-9635-000","000","SAPN","100.00","M/C","3","00"
"HT",NULL,"20260318","1500","20.00","2300",NULL,NULL,NULL,NULL,"WF0020","2026-03-13 00:00:00","20260318","1600","FL0-2078-000","000","SAPN","100.00","M/C","3","00"
"HT",NULL,"20260318","1500","20.00","2300",NULL,NULL,NULL,NULL,"WF0020","2026-03-13 00:00:00","20260318","1600","FL0-3086-000","000","SAPN","100.00","M/C","3","00"
"HT",NULL,"20260318","1500","20.00","4100",NULL,NULL,NULL,NULL,"WF0020","2026-03-13 00:00:00","20260318","1500","QC4-9470-000","000","M411","100.00","M/C","3","00"
"HT",NULL,"20260318","1500","20.00","4100",NULL,NULL,NULL,NULL,"WF0020","2026-03-13 00:00:00","20260318","1600","QC4-9474-000","000","M411","100.00","M/C","3","00"
"HT",NULL,"20260318","1500","20.00","4100",NULL,NULL,NULL,NULL,"WF0020","2026-03-13 00:00:00","20260318","2100","QC4-9122-000","000","M411","100.00","M/C","3","00"
"HT",NULL,"20260318","1500","20.00","4100",NULL,NULL,NULL,NULL,"WF0020","2026-03-13 00:00:00","20260318","2100","QC4-9123-000","000","M411","100.00","M/C","3","00"
"HT",NULL,"20260318","1500","20.00","4100",NULL,NULL,NULL,NULL,"WF0020","2026-03-13 00:00:00","20260318","2100","QC4-9470-000","000","M411","100.00","M/C","3","00"
"HT",NULL,"20260318","1500","20.00","4100",NULL,NULL,NULL,NULL,"WF0020","2026-03-13 00:00:00","20260318","2100","QC4-9474-000","000","M411","100.00","M/C","3","00"
"HT",NULL,"20260318","1500","20.00","4100",NULL,NULL,NULL,NULL,"WF0020","2026-03-13 00:00:00","20260318","2100","QC8-1070-000","000","R200","100.00","M/C","3","00"
"HT",NULL,"20260318","1500","20.00","4100",NULL,NULL,NULL,NULL,"WF0020","2026-03-13 00:00:00","20260318","2200","QC8-1071-000","000","R200","100.00","M/C","3","00"
"HT",NULL,"20260318","1500","20.00","4100",NULL,NULL,NULL,NULL,"WF0020","2026-03-13 00:00:00","20260318","2300","QC8-1070-000","000","R200","100.00","M/C","3","00"
"HT",NULL,"20260318","1500","20.00","4100",NULL,NULL,NULL,NULL,"WF0020","2026-03-13 00:00:00","20260318","2300","QC8-1071-000","000","R200","100.00","M/C","3","00"
"HT",NULL,"20260318","1500","20.00","4100",NULL,NULL,NULL,NULL,"WF0020","2026-03-13 00:00:00","20260319","0200","QC4-9470-000","000","M411","100.00","M/C","3","00"
"HT",NULL,"20260318","1500","20.00","4100",NULL,NULL,NULL,NULL,"WF0020","2026-03-13 00:00:00","20260319","0200","QC8-1070-000","000","R200","100.00","M/C","3","00"
"HT",NULL,"20260318","1500","20.00","4100",NULL,NULL,NULL,NULL,"WF0020","2026-03-13 00:00:00","20260319","0200","QC8-1071-000","000","R200","100.00","M/C","3","00"
"HT",NULL,"20260318","1500","20.00","4100",NULL,NULL,NULL,NULL,"WF0020","2026-03-13 00:00:00","20260319","0200","QD1-1731-000","000","R200","100.00","M/C","3","00"
"HT",NULL,"20260318","1500","20.00","4100",NULL,NULL,NULL,NULL,"WF0020","2026-03-13 00:00:00","20260319","0200","QD1-1732-000","000","R200","100.00","M/C","3","00"
"HT",NULL,"20260318","1500","20.00","4100",NULL,NULL,NULL,NULL,"WF0020","2026-03-13 00:00:00","20260319","0300","QC8-1070-000","000","R200","100.00","M/C","3","00"
"HT",NULL,"20260318","1500","20.00","4100",NULL,NULL,NULL,NULL,"WF0020","2026-03-13 00:00:00","20260319","0400","QC7-9055-000","000","R200","100.00","M/C","3","00"
"HT",NULL,"20260318","1500","20.00","4100",NULL,NULL,NULL,NULL,"WF0020","2026-03-13 00:00:00","20260319","0400","QC8-1071-000","000","R200","100.00","M/C","3","00"
"HT",NULL,"20260318","1500","20.00","4100",NULL,NULL,NULL,NULL,"WF0020","2026-03-13 00:00:00","20260319","0800","QC8-1070-000","000","R200","100.00","M/C","3","00"
"HT",NULL,"20260318","1500","20.00","4100",NULL,NULL,NULL,NULL,"WF0020","2026-03-13 00:00:00","20260319","0800","QC8-1071-000","000","R200","100.00","M/C","3","00"
"HT",NULL,"20260318","1500","20.00","4100",NULL,NULL,NULL,NULL,"WF0020","2026-03-13 00:00:00","20260319","0900","QC8-1070-000","000","R200","100.00","M/C","3","00"
"HT",NULL,"20260318","1500","20.00","4100",NULL,NULL,NULL,NULL,"WF0020","2026-03-13 00:00:00","20260319","0900","QC8-1071-000","000","R200","100.00","M/C","3","00"
"HT",NULL,"20260318","1500","20.00","4100",NULL,NULL,NULL,NULL,"WF0020","2026-03-13 00:00:00","20260319","1000","QC8-1070-000","000","R200","100.00","M/C","3","00"
"HT",NULL,"20260318","1500","20.00","4100",NULL,NULL,NULL,NULL,"WF0020","2026-03-13 00:00:00","20260319","1000","QC8-1071-000","000","R200","100.00","M/C","3","00"
"HT",NULL,"20260318","1500","20.00","4100",NULL,NULL,NULL,NULL,"WF0020","2026-03-13 00:00:00","20260319","1300","QC8-1070-000","000","R200","100.00","M/C","3","00"
"HT",NULL,"20260318","1500","20.00","4100",NULL,NULL,NULL,NULL,"WF0020","2026-03-13 00:00:00","20260319","1300","QC8-1071-000","000","R200","100.00","M/C","3","00"
"HT",NULL,"20260318","1500","20.00","4100",NULL,NULL,NULL,NULL,"WF0020","2026-03-13 00:00:00","20260319","1300","QD1-1731-000","000","R200","100.00","M/C","3","00"
"HT",NULL,"20260318","1500","20.00","4100",NULL,NULL,NULL,NULL,"WF0020","2026-03-13 00:00:00","20260319","1300","QD1-1732-000","000","R200","100.00","M/C","3","00"
"HT",NULL,"20260318","1500","20.00","4100",NULL,NULL,NULL,NULL,"WF0020","2026-03-13 00:00:00","20260319","1400","QC8-1070-000","000","R200","100.00","M/C","3","00"
"HT",NULL,"20260318","1500","30.00","2300",NULL,NULL,NULL,NULL,"WF0020","2026-03-13 00:00:00","20260318","1600","FE2-B907-000","000","SAPN","100.00","M/C","3","00"
"HT",NULL,"20260318","1500","30.00","4100",NULL,NULL,NULL,NULL,"WF0020","2026-03-13 00:00:00","20260318","1500","QC4-9122-000","000","M411","100.00","M/C","3","00"
"HT",NULL,"20260318","1500","30.00","4100",NULL,NULL,NULL,NULL,"WF0020","2026-03-13 00:00:00","20260318","1500","QC4-9123-000","000","M411","100.00","M/C","3","00"
"HT",NULL,"20260318","1500","30.00","4100",NULL,NULL,NULL,NULL,"WF0020","2026-03-13 00:00:00","20260319","0900","QD1-1731-000","000","R200","100.00","M/C","3","00"
"HT",NULL,"20260318","1500","30.00","4100",NULL,NULL,NULL,NULL,"WF0020","2026-03-13 00:00:00","20260319","0900","QD1-1732-000","000","R200","100.00","M/C","3","00"
"HT",NULL,"20260318","1500","30.00","4100",NULL,NULL,NULL,NULL,"WF0020","2026-03-13 00:00:00","20260319","0900","QD1-1733-000","000","R200","100.00","M/C","3","00"
"HT",NULL,"20260318","1500","40.00","2300",NULL,NULL,NULL,NULL,"WF0020","2026-03-13 00:00:00","20260318","1500","FL1-4756-000","000","SAPN","100.00","M/C","3","00"
"HT",NULL,"20260318","1500","40.00","2300",NULL,NULL,NULL,NULL,"WF0020","2026-03-13 00:00:00","20260318","1600","FE3-6229-000","000","M411","100.00","M/C","3","00"
"HT",NULL,"20260318","1500","40.00","2300",NULL,NULL,NULL,NULL,"WF0020","2026-03-13 00:00:00","20260318","1600","FL1-4756-000","000","SAPN","100.00","M/C","3","00"
"HT",NULL,"20260318","1500","40.00","2300",NULL,NULL,NULL,NULL,"WF0020","2026-03-13 00:00:00","20260318","2100","FE3-6229-000","000","M411","100.00","M/C","3","00"
"HT",NULL,"20260318","1500","40.00","2300",NULL,NULL,NULL,NULL,"WF0020","2026-03-13 00:00:00","20260318","2200","FE3-6229-000","000","M411","100.00","M/C","3","00"
"HT",NULL,"20260318","1500","40.00","2300",NULL,NULL,NULL,NULL,"WF0020","2026-03-13 00:00:00","20260318","2300","FE3-6229-000","000","M411","100.00","M/C","3","00"
"HT",NULL,"20260318","1500","40.00","2300",NULL,NULL,NULL,NULL,"WF0020","2026-03-13 00:00:00","20260319","0100","FE3-6229-000","000","M411","100.00","M/C","3","00"
"HT",NULL,"20260318","1500","40.00","2300",NULL,NULL,NULL,NULL,"WF0020","2026-03-13 00:00:00","20260319","0200","FE3-6229-000","000","M411","100.00","M/C","3","00"
"HT",NULL,"20260318","1500","40.00","2300",NULL,NULL,NULL,NULL,"WF0020","2026-03-13 00:00:00","20260319","0300","FE3-6229-000","000","M411","100.00","M/C","3","00"
"HT",NULL,"20260318","1500","40.00","2300",NULL,NULL,NULL,NULL,"WF0020","2026-03-13 00:00:00","20260319","0800","FE3-6229-000","000","M411","100.00","M/C","3","00"
"HT",NULL,"20260318","1500","40.00","4100",NULL,NULL,NULL,NULL,"WF0020","2026-03-13 00:00:00","20260318","1500","QC4-9124-000","000","M411","100.00","M/C","3","00"
"HT",NULL,"20260318","1500","60.00","4100",NULL,NULL,NULL,NULL,"WF0020","2026-03-13 00:00:00","20260318","2100","QC4-9124-000","000","M411","100.00","M/C","3","00"
"HT",NULL,"20260318","1500","380.00","4100",NULL,NULL,NULL,NULL,"WF0020","2026-03-13 00:00:00","20260318","0800","QD1-2784-000","000","R200","100.00","M/C","3","00"
"HT",NULL,"20260318","1500","460.00","4100",NULL,NULL,NULL,NULL,"WF0020","2026-03-13 00:00:00","20260318","0800","QC5-8759-000","000","R200","100.00","M/C","3","00"
"HT",NULL,"20260318","1500","800.00","4100",NULL,NULL,NULL,NULL,"WF0020","2026-03-13 00:00:00","20260318","2200","QD1-1705-000","000","M411","100.00","M/C","3","00"
"HT",NULL,"20260318","1600","10.00","2300",NULL,NULL,NULL,NULL,"WF0020","2026-03-13 00:00:00","20260318","0900","FE2-B140-000","000","X411","100.00","M/C","3","01"
"HT",NULL,"20260318","1600","10.00","2300",NULL,NULL,NULL,NULL,"WF0020","2026-03-13 00:00:00","20260318","1000","FE2-B140-000","000","X411","100.00","M/C","3","01"
"HT",NULL,"20260318","1600","10.00","2300",NULL,NULL,NULL,NULL,"WF0020","2026-03-13 00:00:00","20260318","1100","FE2-B140-000","000","X411","100.00","M/C","3","01"
"HT",NULL,"20260318","1600","10.00","2300",NULL,NULL,NULL,NULL,"WF0020","2026-03-13 00:00:00","20260318","1300","FE2-B140-000","000","X411","100.00","M/C","3","01"
"HT",NULL,"20260318","1600","10.00","2300",NULL,NULL,NULL,NULL,"WF0020","2026-03-13 00:00:00","20260318","1400","FE2-B140-000","000","X411","100.00","M/C","3","01"
"HT",NULL,"20260318","1600","10.00","2300",NULL,NULL,NULL,NULL,"WF0020","2026-03-13 00:00:00","20260318","1600","FE2-B140-000","000","X411","100.00","M/C","3","01"
"HT",NULL,"20260318","1600","10.00","2300",NULL,NULL,NULL,NULL,"WF0020","2026-03-13 00:00:00","20260318","2100","FE2-B140-000","000","X411","100.00","M/C","3","01"
"HT",NULL,"20260318","1600","10.00","2300",NULL,NULL,NULL,NULL,"WF0020","2026-03-13 00:00:00","20260318","2200","FE2-B140-000","000","X411","100.00","M/C","3","01"
"HT",NULL,"20260318","1600","10.00","2300",NULL,NULL,NULL,NULL,"WF0020","2026-03-13 00:00:00","20260318","2300","FE2-B140-000","000","X411","100.00","M/C","3","01"
"HT",NULL,"20260318","1600","10.00","2300",NULL,NULL,NULL,NULL,"WF0020","2026-03-13 00:00:00","20260319","0100","FE2-B140-000","000","X411","100.00","M/C","3","01"
"HT",NULL,"20260318","1600","10.00","2300",NULL,NULL,NULL,NULL,"WF0020","2026-03-13 00:00:00","20260319","0200","FE2-B140-000","000","X411","100.00","M/C","3","01"
"HT",NULL,"20260318","1600","10.00","2300",NULL,NULL,NULL,NULL,"WF0020","2026-03-13 00:00:00","20260319","0400","FE2-B140-000","000","X411","100.00","M/C","3","01"
"HT",NULL,"20260318","1600","10.00","2300",NULL,NULL,NULL,NULL,"WF0020","2026-03-13 00:00:00","20260319","1300","FE2-B140-000","000","X411","100.00","M/C","3","01"
"HT",NULL,"20260318","1600","10.00","4100",NULL,NULL,NULL,NULL,"WF0020","2026-03-13 00:00:00","20260318","2000","QC5-9375-000","000","T731","100.00","M/C","3","00"
"HT",NULL,"20260318","1600","10.00","4100",NULL,NULL,NULL,NULL,"WF0020","2026-03-13 00:00:00","20260318","2100","QC5-9375-000","000","T731","100.00","M/C","3","00"
"HT",NULL,"20260318","1600","10.00","4100",NULL,NULL,NULL,NULL,"WF0020","2026-03-13 00:00:00","20260318","2200","QC5-9375-000","000","T731","100.00","M/C","3","00"
"HT",NULL,"20260318","1600","10.00","4100",NULL,NULL,NULL,NULL,"WF0020","2026-03-13 00:00:00","20260318","2300","QC5-9375-000","000","T731","100.00","M/C","3","00"
"HT",NULL,"20260318","1600","10.00","4100",NULL,NULL,NULL,NULL,"WF0020","2026-03-13 00:00:00","20260319","0100","QC5-9375-000","000","T731","100.00","M/C","3","00"
"HT",NULL,"20260318","1600","10.00","4100",NULL,NULL,NULL,NULL,"WF0020","2026-03-13 00:00:00","20260319","0300","QC5-9375-000","000","T731","100.00","M/C","3","00"
"HT",NULL,"20260318","1600","10.00","4100",NULL,NULL,NULL,NULL,"WF0020","2026-03-13 00:00:00","20260319","0400","QC5-9375-000","000","T731","100.00","M/C","3","00"
"HT",NULL,"20260318","1600","10.00","4100",NULL,NULL,NULL,NULL,"WF0020","2026-03-13 00:00:00","20260319","0800","QC5-9375-000","000","T731","100.00","M/C","3","00"
"HT",NULL,"20260318","1600","20.00","2300",NULL,NULL,NULL,NULL,"WF0020","2026-03-13 00:00:00","20260318","1500","FE2-B140-000","000","X411","100.00","M/C","3","01"
"HT",NULL,"20260318","1600","20.00","2300",NULL,NULL,NULL,NULL,"WF0020","2026-03-13 00:00:00","20260318","2000","FE2-B140-000","000","X411","100.00","M/C","3","01"
"HT",NULL,"20260318","1600","20.00","2300",NULL,NULL,NULL,NULL,"WF0020","2026-03-13 00:00:00","20260319","0300","FE2-B140-000","000","X411","100.00","M/C","3","01"
"HT",NULL,"20260318","1600","20.00","2300",NULL,NULL,NULL,NULL,"WF0020","2026-03-13 00:00:00","20260319","0800","FE2-B140-000","000","X411","100.00","M/C","3","01"
"HT",NULL,"20260318","1600","20.00","2300",NULL,NULL,NULL,NULL,"WF0020","2026-03-13 00:00:00","20260319","0900","FE2-B140-000","000","X411","100.00","M/C","3","01"
"HT",NULL,"20260318","1600","20.00","2300",NULL,NULL,NULL,NULL,"WF0020","2026-03-13 00:00:00","20260319","1000","FE2-B140-000","000","X411","100.00","M/C","3","01"
"HT",NULL,"20260318","1600","20.00","2300",NULL,NULL,NULL,NULL,"WF0020","2026-03-13 00:00:00","20260319","1400","FE2-B140-000","000","X411","100.00","M/C","3","01"
"HT",NULL,"20260318","1600","20.00","2300",NULL,NULL,NULL,NULL,"WF0020","2026-03-13 00:00:00","20260319","1500","FE2-B140-000","000","X411","100.00","M/C","3","01"
"HT",NULL,"20260318","1600","20.00","4100",NULL,NULL,NULL,NULL,"WF0020","2026-03-13 00:00:00","20260318","2100","QC5-9933-000","000","T731","100.00","M/C","3","00"
"HT",NULL,"20260318","1600","20.00","4100",NULL,NULL,NULL,NULL,"WF0020","2026-03-13 00:00:00","20260319","0200","QC5-9375-000","000","T731","100.00","M/C","3","00"
"HT",NULL,"20260318","1600","20.00","4100",NULL,NULL,NULL,NULL,"WF0020","2026-03-13 00:00:00","20260319","0900","QC5-9933-000","000","T731","100.00","M/C","3","00"
"HT",NULL,"20260318","1600","30.00","4100",NULL,NULL,NULL,NULL,"WF0020","2026-03-13 00:00:00","20260319","0900","QC5-9375-000","000","T731","100.00","M/C","3","00"
"HT",NULL,"20260318","1600","40.00","2300",NULL,NULL,NULL,NULL,"WF0020","2026-03-13 00:00:00","20260319","1100","FE2-B140-000","000","X411","100.00","M/C","3","01"
"HT",NULL,"20260318","1600","80.00","2300",NULL,NULL,NULL,NULL,"WF0020","2026-03-13 00:00:00","20260318","0800","FE2-B140-000","000","X411","100.00","M/C","3","01"
"HT",NULL,"20260318","1600","100.00","2300",NULL,NULL,NULL,NULL,"WF0020","2026-03-13 00:00:00","20260318","1100","FE3-6228-000","000","X411","100.00","M/C","3","01"
"HT",NULL,"20260318","1600","100.00","2300",NULL,NULL,NULL,NULL,"WF0020","2026-03-13 00:00:00","20260318","1600","FE3-6228-000","000","X411","100.00","M/C","3","01"
"HT",NULL,"20260318","1600","100.00","2300",NULL,NULL,NULL,NULL,"WF0020","2026-03-13 00:00:00","20260318","2300","FE3-6228-000","000","X411","100.00","M/C","3","01"
"HT",NULL,"20260318","1600","100.00","2300",NULL,NULL,NULL,NULL,"WF0020","2026-03-13 00:00:00","20260319","0300","FE3-6228-000","000","X411","100.00","M/C","3","01"
"HT",NULL,"20260318","1600","100.00","2300",NULL,NULL,NULL,NULL,"WF0020","2026-03-13 00:00:00","20260319","0800","FE3-6228-000","000","X411","100.00","M/C","3","01"
"HT",NULL,"20260318","1600","100.00","2300",NULL,NULL,NULL,NULL,"WF0020","2026-03-13 00:00:00","20260319","1100","FE3-6228-000","000","X411","100.00","M/C","3","01"
"HT",NULL,"20260318","1600","300.00","2300",NULL,NULL,NULL,NULL,"WF0020","2026-03-13 00:00:00","20260318","0800","FE3-6228-000","000","X411","100.00","M/C","3","01"
"HT",NULL,"20260318","2000","1.00","4100",NULL,NULL,NULL,NULL,"WF0020","2026-03-13 00:00:00","20260318","2000","QC5-9237-000","000","SAPN","100.00","M/C","3","00"
"HT",NULL,"20260318","2000","3.00","2300",NULL,NULL,NULL,NULL,"WF0020","2026-03-13 00:00:00","20260318","2000","FE3-9699-000","000","SAPN","100.00","M/C","3","00"
"HT",NULL,"20260318","2000","5.00","2300",NULL,NULL,NULL,NULL,"WF0020","2026-03-13 00:00:00","20260318","2000","FE3-6708-000","000","SAPN","100.00","M/C","3","00"
"HT",NULL,"20260318","2000","5.00","2300",NULL,NULL,NULL,NULL,"WF0020","2026-03-13 00:00:00","20260318","2000","FE3-7051-000","000","SAPN","100.00","M/C","3","00"
"HT",NULL,"20260318","2000","5.00","2300",NULL,NULL,NULL,NULL,"WF0020","2026-03-13 00:00:00","20260318","2100","FE3-6880-000","000","SAPN","100.00","M/C","3","00"
"HT",NULL,"20260318","2000","9.00","2300",NULL,NULL,NULL,NULL,"WF0020","2026-03-13 00:00:00","20260318","2100","FE3-9699-000","000","SAPN","100.00","M/C","3","00"
"HT",NULL,"20260318","2000","10.00","2300",NULL,NULL,NULL,NULL,"WF0020","2026-03-13 00:00:00","20260318","2000","FE3-6833-000","000","SAPN","100.00","M/C","3","00"
"HT",NULL,"20260318","2000","10.00","2300",NULL,NULL,NULL,NULL,"WF0020","2026-03-13 00:00:00","20260318","2000","FE3-9638-000","000","SAPN","100.00","M/C","3","00"
"HT",NULL,"20260318","2000","10.00","2300",NULL,NULL,NULL,NULL,"WF0020","2026-03-13 00:00:00","20260318","2100","FE3-6869-000","000","T731","100.00","M/C","3","01"
"HT",NULL,"20260318","2000","10.00","2300",NULL,NULL,NULL,NULL,"WF0020","2026-03-13 00:00:00","20260318","2100","FE3-6870-000","000","T731","100.00","M/C","3","01"
"HT",NULL,"20260318","2000","10.00","2300",NULL,NULL,NULL,NULL,"WF0020","2026-03-13 00:00:00","20260318","2100","FE3-7329-000","000","SAPN","100.00","M/C","3","00"
"HT",NULL,"20260318","2000","10.00","2300",NULL,NULL,NULL,NULL,"WF0020","2026-03-13 00:00:00","20260318","2100","FE3-9638-000","000","SAPN","100.00","M/C","3","00"
"HT",NULL,"20260318","2000","10.00","2300",NULL,NULL,NULL,NULL,"WF0020","2026-03-13 00:00:00","20260318","2200","FC5-4759-000","000","T731","100.00","M/C","3","01"
"HT",NULL,"20260318","2000","10.00","2300",NULL,NULL,NULL,NULL,"WF0020","2026-03-13 00:00:00","20260318","2200","FE3-6869-000","000","T731","100.00","M/C","3","01"
"HT",NULL,"20260318","2000","10.00","2300",NULL,NULL,NULL,NULL,"WF0020","2026-03-13 00:00:00","20260318","2200","FE3-6870-000","000","T731","100.00","M/C","3","01"
"HT",NULL,"20260318","2000","10.00","2300",NULL,NULL,NULL,NULL,"WF0020","2026-03-13 00:00:00","20260318","2300","FC5-4759-000","000","T731","100.00","M/C","3","01"
"HT",NULL,"20260318","2000","20.00","2300",NULL,NULL,NULL,NULL,"WF0020","2026-03-13 00:00:00","20260318","2000","FL0-2110-000","000","SAPN","100.00","M/C","3","00"
"HT",NULL,"20260318","2000","20.00","2300",NULL,NULL,NULL,NULL,"WF0020","2026-03-13 00:00:00","20260318","2000","FL0-2151-000","000","SAPN","100.00","M/C","3","00"
"HT",NULL,"20260318","2000","20.00","2300",NULL,NULL,NULL,NULL,"WF0020","2026-03-13 00:00:00","20260318","2100","FC5-4759-000","000","T731","100.00","M/C","3","01"
"HT",NULL,"20260318","2000","20.00","2300",NULL,NULL,NULL,NULL,"WF0020","2026-03-13 00:00:00","20260318","2100","FE3-6708-000","000","SAPN","100.00","M/C","3","00"
"HT",NULL,"20260318","2000","20.00","2300",NULL,NULL,NULL,NULL,"WF0020","2026-03-13 00:00:00","20260318","2100","FE3-6833-000","000","SAPN","100.00","M/C","3","00"
"HT",NULL,"20260318","2000","20.00","2300",NULL,NULL,NULL,NULL,"WF0020","2026-03-13 00:00:00","20260318","2100","FE3-7051-000","000","SAPN","100.00","M/C","3","00"
"HT",NULL,"20260318","2000","20.00","2300",NULL,NULL,NULL,NULL,"WF0020","2026-03-13 00:00:00","20260318","2100","FE3-9635-000","000","SAPN","100.00","M/C","3","00"
"HT",NULL,"20260318","2000","20.00","2300",NULL,NULL,NULL,NULL,"WF0020","2026-03-13 00:00:00","20260318","2100","FL0-2078-000","000","SAPN","100.00","M/C","3","00"
"HT",NULL,"20260318","2000","20.00","2300",NULL,NULL,NULL,NULL,"WF0020","2026-03-13 00:00:00","20260318","2100","FL0-2110-000","000","SAPN","100.00","M/C","3","00"
"HT",NULL,"20260318","2000","20.00","2300",NULL,NULL,NULL,NULL,"WF0020","2026-03-13 00:00:00","20260318","2100","FL0-3086-000","000","SAPN","100.00","M/C","3","00"
"HT",NULL,"20260318","2000","30.00","2300",NULL,NULL,NULL,NULL,"WF0020","2026-03-13 00:00:00","20260318","2000","FE8-8150-000","000","SAPN","100.00","M/C","3","00"
"HT",NULL,"20260318","2000","30.00","2300",NULL,NULL,NULL,NULL,"WF0020","2026-03-13 00:00:00","20260318","2100","FE2-B907-000","000","SAPN","100.00","M/C","3","00"
"HT",NULL,"20260318","2000","40.00","2300",NULL,NULL,NULL,NULL,"WF0020","2026-03-13 00:00:00","20260318","2100","FL1-4756-000","000","SAPN","100.00","M/C","3","00"
"HT",NULL,"20260318","2000","80.00","2300",NULL,NULL,NULL,NULL,"WF0020","2026-03-13 00:00:00","20260318","2100","FE2-E300-000","000","SAPN","100.00","M/C","3","00"
"HT",NULL,"20260318","2200","5.00","2300",NULL,NULL,NULL,NULL,"WF0020","2026-03-13 00:00:00","20260318","2300","FE3-6880-000","000","SAPN","100.00","M/C","3","00"
"HT",NULL,"20260318","2200","5.00","2300",NULL,NULL,NULL,NULL,"WF0020","2026-03-13 00:00:00","20260319","0100","FE3-6880-000","000","SAPN","100.00","M/C","3","00"
"HT",NULL,"20260318","2200","6.00","2300",NULL,NULL,NULL,NULL,"WF0020","2026-03-13 00:00:00","20260318","2200","FE3-9699-000","000","SAPN","100.00","M/C","3","00"
"HT",NULL,"20260318","2200","6.00","2300",NULL,NULL,NULL,NULL,"WF0020","2026-03-13 00:00:00","20260318","2300","FE3-9699-000","000","SAPN","100.00","M/C","3","00"
"HT",NULL,"20260318","2200","6.00","2300",NULL,NULL,NULL,NULL,"WF0020","2026-03-13 00:00:00","20260319","0100","FE3-9699-000","000","SAPN","100.00","M/C","3","00"
"HT",NULL,"20260318","2200","9.00","2300",NULL,NULL,NULL,NULL,"WF0020","2026-03-13 00:00:00","20260319","0200","FE3-9699-000","000","SAPN","100.00","M/C","3","00"
"HT",NULL,"20260318","2200","10.00","2300",NULL,NULL,NULL,NULL,"WF0020","2026-03-13 00:00:00","20260318","2200","FE3-6880-000","000","SAPN","100.00","M/C","3","00"
"HT",NULL,"20260318","2200","10.00","2300",NULL,NULL,NULL,NULL,"WF0020","2026-03-13 00:00:00","20260318","2200","FE3-7329-000","000","SAPN","100.00","M/C","3","00"
"HT",NULL,"20260318","2200","10.00","2300",NULL,NULL,NULL,NULL,"WF0020","2026-03-13 00:00:00","20260318","2200","FE3-9635-000","000","SAPN","100.00","M/C","3","00"
"HT",NULL,"20260318","2200","10.00","2300",NULL,NULL,NULL,NULL,"WF0020","2026-03-13 00:00:00","20260318","2200","FL0-3086-000","000","SAPN","100.00","M/C","3","00"
"HT",NULL,"20260318","2200","10.00","2300",NULL,NULL,NULL,NULL,"WF0020","2026-03-13 00:00:00","20260318","2300","FE3-9635-000","000","SAPN","100.00","M/C","3","00"
"HT",NULL,"20260318","2200","10.00","2300",NULL,NULL,NULL,NULL,"WF0020","2026-03-13 00:00:00","20260318","2300","FE3-9638-000","000","SAPN","100.00","M/C","3","00"
"HT",NULL,"20260318","2200","10.00","2300",NULL,NULL,NULL,NULL,"WF0020","2026-03-13 00:00:00","20260318","2300","FL0-3086-000","000","SAPN","100.00","M/C","3","00"
"HT",NULL,"20260318","2200","10.00","2300",NULL,NULL,NULL,NULL,"WF0020","2026-03-13 00:00:00","20260319","0100","FE3-7329-000","000","SAPN","100.00","M/C","3","00"
"HT",NULL,"20260318","2200","10.00","2300",NULL,NULL,NULL,NULL,"WF0020","2026-03-13 00:00:00","20260319","0200","FE3-6880-000","000","SAPN","100.00","M/C","3","00"
"HT",NULL,"20260318","2200","10.00","2300",NULL,NULL,NULL,NULL,"WF0020","2026-03-13 00:00:00","20260319","0200","FE3-7329-000","000","SAPN","100.00","M/C","3","00"
"HT",NULL,"20260318","2200","10.00","2300",NULL,NULL,NULL,NULL,"WF0020","2026-03-13 00:00:00","20260319","0300","FE3-7329-000","000","SAPN","100.00","M/C","3","00"
"HT",NULL,"20260318","2200","10.00","4100",NULL,NULL,NULL,NULL,"WF0020","2026-03-13 00:00:00","20260319","0100","QC8-1156-000","000","SAPN","100.00","M/C","3","00"
"HT",NULL,"20260318","2200","20.00","2300",NULL,NULL,NULL,NULL,"WF0020","2026-03-13 00:00:00","20260318","2200","FE3-6708-000","000","SAPN","100.00","M/C","3","00"
"HT",NULL,"20260318","2200","20.00","2300",NULL,NULL,NULL,NULL,"WF0020","2026-03-13 00:00:00","20260318","2200","FE3-6833-000","000","SAPN","100.00","M/C","3","00"
"HT",NULL,"20260318","2200","20.00","2300",NULL,NULL,NULL,NULL,"WF0020","2026-03-13 00:00:00","20260318","2200","FE3-7051-000","000","SAPN","100.00","M/C","3","00"
"HT",NULL,"20260318","2200","20.00","2300",NULL,NULL,NULL,NULL,"WF0020","2026-03-13 00:00:00","20260318","2200","FE3-9638-000","000","SAPN","100.00","M/C","3","00"
"HT",NULL,"20260318","2200","20.00","2300",NULL,NULL,NULL,NULL,"WF0020","2026-03-13 00:00:00","20260318","2200","FL0-2078-000","000","SAPN","100.00","M/C","3","00"
"HT",NULL,"20260318","2200","20.00","2300",NULL,NULL,NULL,NULL,"WF0020","2026-03-13 00:00:00","20260318","2200","FL0-2079-000","000","SAPN","100.00","M/C","3","00"
"HT",NULL,"20260318","2200","20.00","2300",NULL,NULL,NULL,NULL,"WF0020","2026-03-13 00:00:00","20260318","2200","FL0-2110-000","000","SAPN","100.00","M/C","3","00"
"HT",NULL,"20260318","2200","20.00","2300",NULL,NULL,NULL,NULL,"WF0020","2026-03-13 00:00:00","20260318","2200","FL0-2151-000","000","SAPN","100.00","M/C","3","00"
"HT",NULL,"20260318","2200","20.00","2300",NULL,NULL,NULL,NULL,"WF0020","2026-03-13 00:00:00","20260318","2300","FE3-6708-000","000","SAPN","100.00","M/C","3","00"
"HT",NULL,"20260318","2200","20.00","2300",NULL,NULL,NULL,NULL,"WF0020","2026-03-13 00:00:00","20260318","2300","FE3-6833-000","000","SAPN","100.00","M/C","3","00"
"HT",NULL,"20260318","2200","20.00","2300",NULL,NULL,NULL,NULL,"WF0020","2026-03-13 00:00:00","20260318","2300","FE3-7051-000","000","SAPN","100.00","M/C","3","00"
"HT",NULL,"20260318","2200","20.00","2300",NULL,NULL,NULL,NULL,"WF0020","2026-03-13 00:00:00","20260318","2300","FL0-2078-000","000","SAPN","100.00","M/C","3","00"
"HT",NULL,"20260318","2200","20.00","2300",NULL,NULL,NULL,NULL,"WF0020","2026-03-13 00:00:00","20260318","2300","FL0-2110-000","000","SAPN","100.00","M/C","3","00"
"HT",NULL,"20260318","2200","20.00","2300",NULL,NULL,NULL,NULL,"WF0020","2026-03-13 00:00:00","20260319","0100","FE3-6708-000","000","SAPN","100.00","M/C","3","00"
"HT",NULL,"20260318","2200","20.00","2300",NULL,NULL,NULL,NULL,"WF0020","2026-03-13 00:00:00","20260319","0100","FE3-6833-000","000","SAPN","100.00","M/C","3","00"
"HT",NULL,"20260318","2200","20.00","2300",NULL,NULL,NULL,NULL,"WF0020","2026-03-13 00:00:00","20260319","0100","FE3-7051-000","000","SAPN","100.00","M/C","3","00"
"HT",NULL,"20260318","2200","20.00","2300",NULL,NULL,NULL,NULL,"WF0020","2026-03-13 00:00:00","20260319","0100","FL0-2078-000","000","SAPN","100.00","M/C","3","00"
"HT",NULL,"20260318","2200","20.00","2300",NULL,NULL,NULL,NULL,"WF0020","2026-03-13 00:00:00","20260319","0100","FL0-2110-000","000","SAPN","100.00","M/C","3","00"
"HT",NULL,"20260318","2200","20.00","2300",NULL,NULL,NULL,NULL,"WF0020","2026-03-13 00:00:00","20260319","0100","FL0-2151-000","000","SAPN","100.00","M/C","3","00"
"HT",NULL,"20260318","2200","20.00","2300",NULL,NULL,NULL,NULL,"WF0020","2026-03-13 00:00:00","20260319","0200","FE3-6833-000","000","SAPN","100.00","M/C","3","00"
"HT",NULL,"20260318","2200","20.00","2300",NULL,NULL,NULL,NULL,"WF0020","2026-03-13 00:00:00","20260319","0200","FL0-2078-000","000","SAPN","100.00","M/C","3","00"
"HT",NULL,"20260318","2200","20.00","2300",NULL,NULL,NULL,NULL,"WF0020","2026-03-13 00:00:00","20260319","0200","FL0-2079-000","000","SAPN","100.00","M/C","3","00"
"HT",NULL,"20260318","2200","20.00","2300",NULL,NULL,NULL,NULL,"WF0020","2026-03-13 00:00:00","20260319","0200","FL0-2110-000","000","SAPN","100.00","M/C","3","00"
"HT",NULL,"20260318","2200","20.00","2300",NULL,NULL,NULL,NULL,"WF0020","2026-03-13 00:00:00","20260319","0300","FE3-6708-000","000","SAPN","100.00","M/C","3","00"
"HT",NULL,"20260318","2200","20.00","2300",NULL,NULL,NULL,NULL,"WF0020","2026-03-13 00:00:00","20260319","0300","FE3-6833-000","000","SAPN","100.00","M/C","3","00"
"HT",NULL,"20260318","2200","20.00","2300",NULL,NULL,NULL,NULL,"WF0020","2026-03-13 00:00:00","20260319","0300","FE3-7051-000","000","SAPN","100.00","M/C","3","00"
"HT",NULL,"20260318","2200","20.00","2300",NULL,NULL,NULL,NULL,"WF0020","2026-03-13 00:00:00","20260319","0300","FL0-2078-000","000","SAPN","100.00","M/C","3","00"
"HT",NULL,"20260318","2200","20.00","2300",NULL,NULL,NULL,NULL,"WF0020","2026-03-13 00:00:00","20260319","0300","FL0-2110-000","000","SAPN","100.00","M/C","3","00"
"HT",NULL,"20260318","2200","20.00","2300",NULL,NULL,NULL,NULL,"WF0020","2026-03-13 00:00:00","20260319","0400","FE2-B157-000","000","SAPN","100.00","M/C","3","00"
"HT",NULL,"20260318","2200","20.00","2300",NULL,NULL,NULL,NULL,"WF0020","2026-03-13 00:00:00","20260319","0400","FE3-6708-000","000","SAPN","100.00","M/C","3","00"
"HT",NULL,"20260318","2200","20.00","2300",NULL,NULL,NULL,NULL,"WF0020","2026-03-13 00:00:00","20260319","0400","FE3-6833-000","000","SAPN","100.00","M/C","3","00"
"HT",NULL,"20260318","2200","20.00","2300",NULL,NULL,NULL,NULL,"WF0020","2026-03-13 00:00:00","20260319","0400","FE3-7051-000","000","SAPN","100.00","M/C","3","00"
"HT",NULL,"20260318","2200","20.00","2300",NULL,NULL,NULL,NULL,"WF0020","2026-03-13 00:00:00","20260319","0400","FL0-2078-000","000","SAPN","100.00","M/C","3","00"
"HT",NULL,"20260318","2200","20.00","2300",NULL,NULL,NULL,NULL,"WF0020","2026-03-13 00:00:00","20260319","0400","FL0-2110-000","000","SAPN","100.00","M/C","3","00"
"HT",NULL,"20260318","2200","20.00","4100",NULL,NULL,NULL,NULL,"WF0020","2026-03-13 00:00:00","20260319","0100","QC8-1135-000","000","SAPN","100.00","M/C","3","00"
"HT",NULL,"20260318","2200","20.00","4100",NULL,NULL,NULL,NULL,"WF0020","2026-03-13 00:00:00","20260319","0300","QC8-1135-000","000","SAPN","100.00","M/C","3","00"
"HT",NULL,"20260318","2200","25.00","2300",NULL,NULL,NULL,NULL,"WF0020","2026-03-13 00:00:00","20260319","0200","FE3-6708-000","000","SAPN","100.00","M/C","3","00"
"HT",NULL,"20260318","2200","25.00","2300",NULL,NULL,NULL,NULL,"WF0020","2026-03-13 00:00:00","20260319","0200","FE3-7051-000","000","SAPN","100.00","M/C","3","00"
"HT",NULL,"20260318","2200","30.00","2300",NULL,NULL,NULL,NULL,"WF0020","2026-03-13 00:00:00","20260318","2200","FE8-8150-000","000","SAPN","100.00","M/C","3","00"
"HT",NULL,"20260318","2200","30.00","2300",NULL,NULL,NULL,NULL,"WF0020","2026-03-13 00:00:00","20260318","2300","FE2-B907-000","000","SAPN","100.00","M/C","3","00"
"HT",NULL,"20260318","2200","30.00","2300",NULL,NULL,NULL,NULL,"WF0020","2026-03-13 00:00:00","20260319","0100","FE2-B907-000","000","SAPN","100.00","M/C","3","00"
"HT",NULL,"20260318","2200","30.00","2300",NULL,NULL,NULL,NULL,"WF0020","2026-03-13 00:00:00","20260319","0300","FE2-B907-000","000","SAPN","100.00","M/C","3","00"
"HT",NULL,"20260318","2200","30.00","2300",NULL,NULL,NULL,NULL,"WF0020","2026-03-13 00:00:00","20260319","0400","FE2-B907-000","000","SAPN","100.00","M/C","3","00"
"HT",NULL,"20260318","2200","40.00","2300",NULL,NULL,NULL,NULL,"WF0020","2026-03-13 00:00:00","20260318","2200","FL1-4756-000","000","SAPN","100.00","M/C","3","00"
"HT",NULL,"20260318","2200","40.00","2300",NULL,NULL,NULL,NULL,"WF0020","2026-03-13 00:00:00","20260318","2300","FL1-4756-000","000","SAPN","100.00","M/C","3","00"
"HT",NULL,"20260318","2200","40.00","2300",NULL,NULL,NULL,NULL,"WF0020","2026-03-13 00:00:00","20260319","0100","FL1-4756-000","000","SAPN","100.00","M/C","3","00"
"HT",NULL,"20260318","2200","40.00","2300",NULL,NULL,NULL,NULL,"WF0020","2026-03-13 00:00:00","20260319","0300","FL1-4756-000","000","SAPN","100.00","M/C","3","00"
"HT",NULL,"20260318","2200","40.00","2300",NULL,NULL,NULL,NULL,"WF0020","2026-03-13 00:00:00","20260319","0400","FL1-4756-000","000","SAPN","100.00","M/C","3","00"
"HT",NULL,"20260318","2200","40.00","2300",NULL,NULL,NULL,NULL,"WF0020","2026-03-13 00:00:00","20260324","0900","FL1-3631-000","000","SAPN","100.00","M/C","3","00"
"HT",NULL,"20260318","2200","40.00","2300",NULL,NULL,NULL,NULL,"WF0020","2026-03-13 00:00:00","20260324","1300","FL1-3631-000","000","SAPN","100.00","M/C","3","00"
"HT",NULL,"20260318","2200","40.00","2300",NULL,NULL,NULL,NULL,"WF0020","2026-03-13 00:00:00","20260324","2100","FL1-3631-000","000","SAPN","100.00","M/C","3","00"
"HT",NULL,"20260318","2300","1.00","4100",NULL,NULL,NULL,NULL,"WF0020","2026-03-13 00:00:00","20260319","0400","QX2-1851-000","000","L204","100.00","M/C","3","00"
"HT",NULL,"20260318","2300","6.00","2300",NULL,NULL,NULL,NULL,"WF0020","2026-03-13 00:00:00","20260319","0200","FX2-5823-000","000","L204","100.00","M/C","3","00"
"HT",NULL,"20260318","2300","8.00","2300",NULL,NULL,NULL,NULL,"WF0020","2026-03-13 00:00:00","20260319","0400","FX2-5823-000","000","L204","100.00","M/C","3","00"
"HT",NULL,"20260318","2300","20.00","2300",NULL,NULL,NULL,NULL,"WF0020","2026-03-13 00:00:00","20260319","0100","FE8-8051-000","000","S811","100.00","M/C","3","00"
"HT",NULL,"20260318","2300","160.00","2300",NULL,NULL,NULL,NULL,"WF0020","2026-03-13 00:00:00","20260319","0200","FE3-6892-000","000","S811","100.00","M/C","3","00"
"HT",NULL,"20260319","0100","10.00","2300",NULL,NULL,NULL,NULL,"WF0020","2026-03-13 00:00:00","20260319","0100","FE3-6869-000","000","T731","100.00","M/C","3","01"
"HT",NULL,"20260319","0100","10.00","2300",NULL,NULL,NULL,NULL,"WF0020","2026-03-13 00:00:00","20260319","0100","FE3-6870-000","000","T731","100.00","M/C","3","01"
"HT",NULL,"20260319","0100","10.00","2300",NULL,NULL,NULL,NULL,"WF0020","2026-03-13 00:00:00","20260319","0200","FE3-6869-000","000","T731","100.00","M/C","3","01"
"HT",NULL,"20260319","0100","10.00","2300",NULL,NULL,NULL,NULL,"WF0020","2026-03-13 00:00:00","20260319","0200","FE3-6870-000","000","T731","100.00","M/C","3","01"
"RA","0082730006","20240117","2000","8000.00","6100","MRS1",NULL,NULL,NULL,"WF0000","2024-01-15 08:23:47","20240118","0400","QC4-6467-000","000","M718","80.00","M/C","2","00"
"RA","0103300003","20240923","2000","8000.00","6100","MRS1",NULL,NULL,NULL,"WF0000","2024-09-19 08:21:05","20240924","0100","QC4-6467-000","000","M718","80.00","M/C","2","00"
"RA","0142440004","20240118","2000","8000.00","6100","MRS1",NULL,NULL,NULL,"WF0000","2024-01-16 08:33:34","20240119","0400","QC4-6467-000","000","M718","80.00","M/C","2","00"
"RA","0193550009","20240119","2000","8000.00","6100","MRS1",NULL,NULL,NULL,"WF0000","2024-01-17 08:26:42","20240120","0400","QC4-6467-000","000","M718","80.00","M/C","2","00"
"RA","0217590006","20240925","2000","8000.00","6100","MRS1",NULL,NULL,NULL,"WF0000","2024-09-23 08:19:55","20240925","1500","QC4-6467-000","000","M718","80.00","M/C","2","00"
"RA","0217590006","20240925","2000","8000.00","6100","MRS1",NULL,NULL,NULL,"WF0000","2024-09-23 08:19:55","20240926","0100","QC4-6467-000","000","M718","80.00","M/C","2","00"
"RA","0245940008","20240122","2000","8000.00","6100","MRS1",NULL,NULL,NULL,"WF0000","2024-01-18 08:25:42","20240123","0400","QC4-6467-000","000","M718","80.00","M/C","2","00"
"RA","0277650008","20240926","2000","8000.00","6100","MRS1",NULL,NULL,NULL,"WF0000","2024-09-24 08:22:28","20240926","1400","QC4-6467-000","000","M718","80.00","M/C","2","00"
"RA","0277650008","20240926","2000","8000.00","6100","MRS1",NULL,NULL,NULL,"WF0000","2024-09-24 08:22:28","20240926","2000","QC4-6467-000","000","M718","80.00","M/C","2","00"
"RA","0277650008","20240926","2000","8000.00","6100","MRS1",NULL,NULL,NULL,"WF0000","2024-09-24 08:22:28","20240927","0400","QC4-6467-000","000","M718","80.00","M/C","2","00"
"RA","0331100000","20240927","2000","8000.00","6100","MRS1",NULL,NULL,NULL,"WF0000","2024-09-25 08:22:05","20240927","1600","QC4-6467-000","000","M718","80.00","M/C","2","00"
"RA","0331100000","20240927","2000","8000.00","6100","MRS1",NULL,NULL,NULL,"WF0000","2024-09-25 08:22:05","20240928","0300","QC4-6467-000","000","M718","80.00","M/C","2","00"
"RA","0389160002","20240930","2000","8000.00","6100","MRS1",NULL,NULL,NULL,"WF0000","2024-09-26 08:21:24","20240930","1600","QC4-6467-000","000","M718","80.00","M/C","2","00"
"RA","0389160002","20240930","2000","8000.00","6100","MRS1",NULL,NULL,NULL,"WF0000","2024-09-26 08:21:24","20241001","0200","QC4-6467-000","000","M718","80.00","M/C","2","00"
"RA","0391500003","20230505","0800","8.00","6100","MRS1",NULL,NULL,NULL,"WF0000","2023-05-02 08:30:48","20230505","0800","QC7-8730-000","000","TAFJ","90.00","M/C","2",NULL
"RA","0391500003","20230506","0100","128.00","6100","MRS1",NULL,NULL,NULL,"WF0000","2023-05-02 08:30:48","20230506","0200","QC7-8730-000","000","TAFJ","90.00","M/C","2",NULL
"RA","0391500003","20230506","0100","132.00","6100","MRS1",NULL,NULL,NULL,"WF0000","2023-05-02 08:30:48","20230506","0100","QC7-8730-000","000","TAFJ","90.00","M/C","2",NULL
"RA","0391500003","20230506","0100","148.00","6100","MRS1",NULL,NULL,NULL,"WF0000","2023-05-02 08:30:48","20230506","0300","QC7-8730-000","000","TAFJ","90.00","M/C","2",NULL
"RA","0391500003","20230506","0100","184.00","6100","MRS1",NULL,NULL,NULL,"WF0000","2023-05-02 08:30:48","20230506","0400","QC7-8730-000","000","TAFJ","90.00","M/C","2",NULL
"RA","0447820004","20230506","0800","124.00","6100","MRS1",NULL,NULL,NULL,"WF0000","2023-05-04 08:27:59","20230506","1100","QC7-8730-000","000","TAFJ","90.00","M/C","2",NULL
"RA","0447820004","20230506","1300","128.00","6100","MRS1",NULL,NULL,NULL,"WF0000","2023-05-04 08:27:59","20230506","1400","QC7-8730-000","000","TAFJ","90.00","M/C","2",NULL
"RA","0447820004","20230506","1300","148.00","6100","MRS1",NULL,NULL,NULL,"WF0000","2023-05-04 08:27:59","20230506","1300","QC7-8730-000","000","TAFJ","90.00","M/C","2",NULL
"RA","0447820004","20230506","1500","148.00","6100","MRS1",NULL,NULL,NULL,"WF0000","2023-05-04 08:27:59","20230506","1500","QC7-8730-000","000","TAFJ","90.00","M/C","2",NULL
"RA","0447820004","20230506","1500","188.00","6100","MRS1",NULL,NULL,NULL,"WF0000","2023-05-04 08:27:59","20230506","1600","QC7-8730-000","000","TAFJ","90.00","M/C","2",NULL
"RA","0447820004","20230506","2000","60.00","6100","MRS1",NULL,NULL,NULL,"WF0000","2023-05-04 08:27:59","20230507","0200","QC7-8730-000","000","TAFJ","90.00","M/C","2",NULL
"RA","0447820004","20230506","2000","128.00","6100","MRS1",NULL,NULL,NULL,"WF0000","2023-05-04 08:27:59","20230506","2100","QC7-8730-000","000","TAFJ","90.00","M/C","2",NULL
"RA","0447820004","20230506","2000","140.00","6100","MRS1",NULL,NULL,NULL,"WF0000","2023-05-04 08:27:59","20230506","2200","QC7-8730-000","000","TAFJ","90.00","M/C","2",NULL
"RA","0447820004","20230506","2000","148.00","6100","MRS1",NULL,NULL,NULL,"WF0000","2023-05-04 08:27:59","20230506","2000","QC7-8730-000","000","TAFJ","90.00","M/C","2",NULL
"RA","0447820004","20230506","2000","148.00","6100","MRS1",NULL,NULL,NULL,"WF0000","2023-05-04 08:27:59","20230506","2300","QC7-8730-000","000","TAFJ","90.00","M/C","2",NULL
"RA","0447820004","20230506","2000","148.00","6100","MRS1",NULL,NULL,NULL,"WF0000","2023-05-04 08:27:59","20230507","0100","QC7-8730-000","000","TAFJ","90.00","M/C","2",NULL
"RA","0447820004","20230508","0800","88.00","6100","MRS1",NULL,NULL,NULL,"WF0000","2023-05-05 08:29:40","20230508","0800","QC7-8730-000","000","TAFJ","90.00","M/C","2",NULL
"RA","0447820004","20230508","0800","132.00","6100","MRS1",NULL,NULL,NULL,"WF0000","2023-05-05 08:29:40","20230508","0900","QC7-8730-000","000","TAFJ","90.00","M/C","2",NULL
"RA","0447820004","20230508","0800","136.00","6100","MRS1",NULL,NULL,NULL,"WF0000","2023-05-05 08:29:40","20230508","1000","QC7-8730-000","000","TAFJ","90.00","M/C","2",NULL
"RA","0447820004","20230508","0800","148.00","6100","MRS1",NULL,NULL,NULL,"WF0000","2023-05-05 08:29:40","20230508","1100","QC7-8730-000","000","TAFJ","90.00","M/C","2",NULL
"RA","0447820004","20230508","1300","128.00","6100","MRS1",NULL,NULL,NULL,"WF0000","2023-05-05 08:29:40","20230508","1400","QC7-8730-000","000","TAFJ","90.00","M/C","2",NULL
"RA","0447820004","20230508","1300","148.00","6100","MRS1",NULL,NULL,NULL,"WF0000","2023-05-05 08:29:40","20230508","1300","QC7-8730-000","000","TAFJ","90.00","M/C","2",NULL
"RA","0447820004","20230508","1500","148.00","6100","MRS1",NULL,NULL,NULL,"WF0000","2023-05-05 08:29:40","20230508","1500","QC7-8730-000","000","TAFJ","90.00","M/C","2",NULL
"RA","0447820004","20230508","1500","188.00","6100","MRS1",NULL,NULL,NULL,"WF0000","2023-05-05 08:29:40","20230508","1600","QC7-8730-000","000","TAFJ","90.00","M/C","2",NULL
"RA","0447820004","20230508","2000","116.00","6100","MRS1",NULL,NULL,NULL,"WF0000","2023-05-05 08:29:40","20230508","2200","QC7-8730-000","000","TAFJ","90.00","M/C","2",NULL
"RA","0447820004","20230508","2000","128.00","6100","MRS1",NULL,NULL,NULL,"WF0000","2023-05-05 08:29:40","20230508","2100","QC7-8730-000","000","TAFJ","90.00","M/C","2",NULL
"RA","0447820004","20230508","2000","148.00","6100","MRS1",NULL,NULL,NULL,"WF0000","2023-05-05 08:29:40","20230508","2000","QC7-8730-000","000","TAFJ","90.00","M/C","2",NULL
"RA","0506360006","20230508","2000","24.00","6100","MRS1",NULL,NULL,NULL,"WF0000","2023-05-05 08:29:40","20230508","2200","QC7-8730-000","000","TAFJ","90.00","M/C","2",NULL
"RA","0506360006","20230508","2000","148.00","6100","MRS1",NULL,NULL,NULL,"WF0000","2023-05-05 08:29:40","20230508","2300","QC7-8730-000","000","TAFJ","90.00","M/C","2",NULL
"RA","0506360006","20230509","0100","128.00","6100","MRS1",NULL,NULL,NULL,"WF0000","2023-05-05 08:29:40","20230509","0200","QC7-8730-000","000","TAFJ","90.00","M/C","2",NULL
"RA","0506360006","20230509","0100","152.00","6100","MRS1",NULL,NULL,NULL,"WF0000","2023-05-05 08:29:40","20230509","0100","QC7-8730-000","000","TAFJ","90.00","M/C","2",NULL
"RA","0506360006","20230509","0100","152.00","6100","MRS1",NULL,NULL,NULL,"WF0000","2023-05-05 08:29:40","20230509","0300","QC7-8730-000","000","TAFJ","90.00","M/C","2",NULL
"RA","0506360006","20230509","0100","188.00","6100","MRS1",NULL,NULL,NULL,"WF0000","2023-05-05 08:29:40","20230509","0400","QC7-8730-000","000","TAFJ","90.00","M/C","2",NULL
"RA","0506360006","20230509","0800","48.00","6100","MRS1",NULL,NULL,NULL,"WF0000","2023-05-06 08:33:44","20230509","0800","QC7-8730-000","000","TAFJ","90.00","M/C","2",NULL
"RA","0506360006","20230509","0800","136.00","6100","MRS1",NULL,NULL,NULL,"WF0000","2023-05-06 08:33:44","20230509","0900","QC7-8730-000","000","TAFJ","90.00","M/C","2",NULL
"RA","0506360006","20230509","0800","148.00","6100","MRS1",NULL,NULL,NULL,"WF0000","2023-05-06 08:33:44","20230509","1000","QC7-8730-000","000","TAFJ","90.00","M/C","2",NULL
"RA","0506360006","20230509","0800","148.00","6100","MRS1",NULL,NULL,NULL,"WF0000","2023-05-06 08:33:44","20230509","1100","QC7-8730-000","000","TAFJ","90.00","M/C","2",NULL
"RA","0506360006","20230509","1300","128.00","6100","MRS1",NULL,NULL,NULL,"WF0000","2023-05-06 08:33:44","20230509","1400","QC7-8730-000","000","TAFJ","90.00","M/C","2",NULL
"RA","0506360006","20230509","1300","152.00","6100","MRS1",NULL,NULL,NULL,"WF0000","2023-05-06 08:33:44","20230509","1300","QC7-8730-000","000","TAFJ","90.00","M/C","2",NULL
"RA","0506360006","20230509","1500","152.00","6100","MRS1",NULL,NULL,NULL,"WF0000","2023-05-06 08:33:44","20230509","1500","QC7-8730-000","000","TAFJ","90.00","M/C","2",NULL
"RA","0506360006","20230509","1500","188.00","6100","MRS1",NULL,NULL,NULL,"WF0000","2023-05-06 08:33:44","20230509","1600","QC7-8730-000","000","TAFJ","90.00","M/C","2",NULL
"RA","0506360006","20230509","2000","44.00","6100","MRS1",NULL,NULL,NULL,"WF0000","2023-05-06 08:33:44","20230509","2200","QC7-8730-000","000","TAFJ","90.00","M/C","2",NULL
"RA","0506360006","20230509","2000","136.00","6100","MRS1",NULL,NULL,NULL,"WF0000","2023-05-06 08:33:44","20230509","2100","QC7-8730-000","000","TAFJ","90.00","M/C","2",NULL
"RA","0506360006","20230509","2000","148.00","6100","MRS1",NULL,NULL,NULL,"WF0000","2023-05-06 08:33:44","20230509","2000","QC7-8730-000","000","TAFJ","90.00","M/C","2",NULL
"RA","0510590002","20241002","2000","8000.00","6100","MRS1",NULL,NULL,NULL,"WF0000","2024-09-30 08:20:00","20241002","2200","QC4-6467-000","000","M718","80.00","M/C","2","00"
"RA","0510590002","20241002","2000","8000.00","6100","MRS1",NULL,NULL,NULL,"WF0000","2024-09-30 08:20:00","20241003","0400","QC4-6467-000","000","M718","80.00","M/C","2","00"
"RA","0511270008","20240129","2000","8000.00","6100","MRS1",NULL,NULL,NULL,"WF0000","2024-01-25 08:26:24","20240130","0400","QC4-6467-000","000","M718","80.00","M/C","2","00"
"RA","0562430006","20230509","2000","104.00","6100","MRS1",NULL,NULL,NULL,"WF0000","2023-05-06 08:33:44","20230509","2200","QC7-8730-000","000","TAFJ","90.00","M/C","2",NULL
"RA","0562430006","20230509","2000","148.00","6100","MRS1",NULL,NULL,NULL,"WF0000","2023-05-06 08:33:44","20230509","2300","QC7-8730-000","000","TAFJ","90.00","M/C","2",NULL
"RA","0562430006","20230510","0100","128.00","6100","MRS1",NULL,NULL,NULL,"WF0000","2023-05-06 08:33:44","20230510","0200","QC7-8730-000","000","TAFJ","90.00","M/C","2",NULL
"RA","0562430006","20230510","0100","152.00","6100","MRS1",NULL,NULL,NULL,"WF0000","2023-05-06 08:33:44","20230510","0100","QC7-8730-000","000","TAFJ","90.00","M/C","2",NULL
"RA","0562430006","20230510","0100","152.00","6100","MRS1",NULL,NULL,NULL,"WF0000","2023-05-06 08:33:44","20230510","0300","QC7-8730-000","000","TAFJ","90.00","M/C","2",NULL
"RA","0562430006","20230510","0100","188.00","6100","MRS1",NULL,NULL,NULL,"WF0000","2023-05-06 08:33:44","20230510","0400","QC7-8730-000","000","TAFJ","90.00","M/C","2",NULL
"RA","0562430006","20230510","0800","48.00","6100","MRS1",NULL,NULL,NULL,"WF0000","2023-05-08 19:14:55","20230510","0800","QC7-8730-000","000","TAFJ","90.00","M/C","2",NULL
"RA","0562430006","20230510","0800","136.00","6100","MRS1",NULL,NULL,NULL,"WF0000","2023-05-08 19:14:55","20230510","0900","QC7-8730-000","000","TAFJ","90.00","M/C","2",NULL
"RA","0562430006","20230510","0800","148.00","6100","MRS1",NULL,NULL,NULL,"WF0000","2023-05-08 19:14:55","20230510","1000","QC7-8730-000","000","TAFJ","90.00","M/C","2",NULL
"RA","0562430006","20230510","0800","148.00","6100","MRS1",NULL,NULL,NULL,"WF0000","2023-05-08 19:14:55","20230510","1100","QC7-8730-000","000","TAFJ","90.00","M/C","2",NULL
"RA","0562430006","20230510","1300","128.00","6100","MRS1",NULL,NULL,NULL,"WF0000","2023-05-08 19:14:55","20230510","1400","QC7-8730-000","000","TAFJ","90.00","M/C","2",NULL
"RA","0562430006","20230510","1300","152.00","6100","MRS1",NULL,NULL,NULL,"WF0000","2023-05-08 19:14:55","20230510","1300","QC7-8730-000","000","TAFJ","90.00","M/C","2",NULL
"RA","0562430006","20230510","1500","152.00","6100","MRS1",NULL,NULL,NULL,"WF0000","2023-05-08 19:14:55","20230510","1500","QC7-8730-000","000","TAFJ","90.00","M/C","2",NULL
"RA","0562430006","20230510","1500","188.00","6100","MRS1",NULL,NULL,NULL,"WF0000","2023-05-08 19:14:55","20230510","1600","QC7-8730-000","000","TAFJ","90.00","M/C","2",NULL
"RA","0562430006","20230510","2000","100.00","6100","MRS1",NULL,NULL,NULL,"WF0000","2023-05-08 19:14:55","20230510","2100","QC7-8730-000","000","TAFJ","90.00","M/C","2",NULL
"RA","0562430006","20230510","2000","148.00","6100","MRS1",NULL,NULL,NULL,"WF0000","2023-05-08 19:14:55","20230510","2000","QC7-8730-000","000","TAFJ","90.00","M/C","2",NULL
"RA","0573080004","20241003","2000","8000.00","6100","MRS1",NULL,NULL,NULL,"WF0000","2024-10-01 08:21:43","20241004","0200","QC4-6467-000","000","M718","80.00","M/C","2","00"
"RA","0617880007","20230510","2000","36.00","6100","MRS1",NULL,NULL,NULL,"WF0000","2023-05-08 19:14:55","20230510","2100","QC7-8730-000","000","TAFJ","90.00","M/C","2",NULL
"RA","0617880007","20230510","2000","148.00","6100","MRS1",NULL,NULL,NULL,"WF0000","2023-05-08 19:14:55","20230510","2200","QC7-8730-000","000","TAFJ","90.00","M/C","2",NULL
"RA","0617880007","20230510","2000","148.00","6100","MRS1",NULL,NULL,NULL,"WF0000","2023-05-08 19:14:55","20230510","2300","QC7-8730-000","000","TAFJ","90.00","M/C","2",NULL
"RA","0617880007","20230511","0100","128.00","6100","MRS1",NULL,NULL,NULL,"WF0000","2023-05-08 19:14:55","20230511","0200","QC7-8730-000","000","TAFJ","90.00","M/C","2",NULL
"RA","0617880007","20230511","0100","152.00","6100","MRS1",NULL,NULL,NULL,"WF0000","2023-05-08 19:14:55","20230511","0100","QC7-8730-000","000","TAFJ","90.00","M/C","2",NULL
"RA","0617880007","20230511","0100","152.00","6100","MRS1",NULL,NULL,NULL,"WF0000","2023-05-08 19:14:55","20230511","0300","QC7-8730-000","000","TAFJ","90.00","M/C","2",NULL
"RA","0617880007","20230511","0100","188.00","6100","MRS1",NULL,NULL,NULL,"WF0000","2023-05-08 19:14:55","20230511","0400","QC7-8730-000","000","TAFJ","90.00","M/C","2",NULL
"RA","0617880007","20230511","0800","48.00","6100","MRS1",NULL,NULL,NULL,"WF0000","2023-05-09 08:32:01","20230511","0800","QC7-8730-000","000","TAFJ","90.00","M/C","2",NULL
"RA","0617880007","20230511","0800","136.00","6100","MRS1",NULL,NULL,NULL,"WF0000","2023-05-09 08:32:01","20230511","0900","QC7-8730-000","000","TAFJ","90.00","M/C","2",NULL
"RA","0617880007","20230511","0800","148.00","6100","MRS1",NULL,NULL,NULL,"WF0000","2023-05-09 08:32:01","20230511","1000","QC7-8730-000","000","TAFJ","90.00","M/C","2",NULL
"RA","0617880007","20230511","0800","148.00","6100","MRS1",NULL,NULL,NULL,"WF0000","2023-05-09 08:32:01","20230511","1100","QC7-8730-000","000","TAFJ","90.00","M/C","2",NULL
"RA","0617880007","20230511","1300","128.00","6100","MRS1",NULL,NULL,NULL,"WF0000","2023-05-09 08:32:01","20230511","1400","QC7-8730-000","000","TAFJ","90.00","M/C","2",NULL
"RA","0617880007","20230511","1300","152.00","6100","MRS1",NULL,NULL,NULL,"WF0000","2023-05-09 08:32:01","20230511","1300","QC7-8730-000","000","TAFJ","90.00","M/C","2",NULL
"RA","0670140003","20230511","1500","48.00","6100","MRS1",NULL,NULL,NULL,"WF0000","2023-05-09 08:32:01","20230511","1600","QC7-8730-000","000","TAFJ","90.00","M/C","2",NULL
"RA","0670140003","20230511","1500","152.00","6100","MRS1",NULL,NULL,NULL,"WF0000","2023-05-09 08:32:01","20230511","1500","QC7-8730-000","000","TAFJ","90.00","M/C","2",NULL
"RA","0670140003","20230512","0100","128.00","6100","MRS1",NULL,NULL,NULL,"WF0000","2023-05-09 08:32:01","20230512","0200","QC7-8730-000","000","TAFJ","90.00","M/C","2",NULL
"RA","0670140003","20230512","0100","148.00","6100","MRS1",NULL,NULL,NULL,"WF0000","2023-05-09 08:32:01","20230512","0100","QC7-8730-000","000","TAFJ","90.00","M/C","2",NULL
"RA","0670140003","20230512","0100","148.00","6100","MRS1",NULL,NULL,NULL,"WF0000","2023-05-09 08:32:01","20230512","0300","QC7-8730-000","000","TAFJ","90.00","M/C","2",NULL
"RA","0670140003","20230512","0100","184.00","6100","MRS1",NULL,NULL,NULL,"WF0000","2023-05-09 08:32:01","20230512","0400","QC7-8730-000","000","TAFJ","90.00","M/C","2",NULL
"RA","0670140003","20230512","0800","36.00","6100","MRS1",NULL,NULL,NULL,"WF0000","2023-05-10 08:33:33","20230512","0800","QC7-8730-000","000","TAFJ","90.00","M/C","2",NULL
"RA","0670140003","20230512","0800","132.00","6100","MRS1",NULL,NULL,NULL,"WF0000","2023-05-10 08:33:33","20230512","0900","QC7-8730-000","000","TAFJ","90.00","M/C","2",NULL
"RA","0670140003","20230512","0800","136.00","6100","MRS1",NULL,NULL,NULL,"WF0000","2023-05-10 08:33:33","20230512","1000","QC7-8730-000","000","TAFJ","90.00","M/C","2",NULL
"RA","0670140003","20230512","0800","148.00","6100","MRS1",NULL,NULL,NULL,"WF0000","2023-05-10 08:33:33","20230512","1100","QC7-8730-000","000","TAFJ","90.00","M/C","2",NULL
"RA","0670140003","20230512","1300","128.00","6100","MRS1",NULL,NULL,NULL,"WF0000","2023-05-10 08:33:33","20230512","1400","QC7-8730-000","000","TAFJ","90.00","M/C","2",NULL
"RA","0670140003","20230512","1300","148.00","6100","MRS1",NULL,NULL,NULL,"WF0000","2023-05-10 08:33:33","20230512","1300","QC7-8730-000","000","TAFJ","90.00","M/C","2",NULL
"RA","0670140003","20230512","1500","148.00","6100","MRS1",NULL,NULL,NULL,"WF0000","2023-05-10 08:33:33","20230512","1500","QC7-8730-000","000","TAFJ","90.00","M/C","2",NULL
"RA","0670140003","20230512","1500","188.00","6100","MRS1",NULL,NULL,NULL,"WF0000","2023-05-10 08:33:33","20230512","1600","QC7-8730-000","000","TAFJ","90.00","M/C","2",NULL
"RA","0670140003","20230512","2000","128.00","6100","MRS1",NULL,NULL,NULL,"WF0000","2023-05-10 08:33:33","20230512","2100","QC7-8730-000","000","TAFJ","90.00","M/C","2",NULL
"RA","0670140003","20230512","2000","140.00","6100","MRS1",NULL,NULL,NULL,"WF0000","2023-05-10 08:33:33","20230512","2200","QC7-8730-000","000","TAFJ","90.00","M/C","2",NULL
"RA","0670140003","20230512","2000","148.00","6100","MRS1",NULL,NULL,NULL,"WF0000","2023-05-10 08:33:33","20230512","2000","QC7-8730-000","000","TAFJ","90.00","M/C","2",NULL
"RA","0670140003","20230512","2000","264.00","6100","MRS1",NULL,NULL,NULL,"WF0000","2023-05-10 08:33:33","20230512","2300","QC7-8730-000","000","TAFJ","90.00","M/C","2",NULL
"RA","0681390004","20240201","2000","8000.00","6100","MRS1",NULL,NULL,NULL,"WF0000","2024-01-30 08:26:23","20240202","0400","QC4-6467-000","000","M718","80.00","M/C","2","00"
"RA","0690090007","20241007","2000","8000.00","6100","MRS1",NULL,NULL,NULL,"WF0000","2024-10-03 08:21:04","20241008","0300","QC4-6467-000","000","M718","80.00","M/C","2","00"
"RA","0727340001","20230512","2000","128.00","6100","MRS1",NULL,NULL,NULL,"WF0000","2023-05-10 08:33:33","20230513","0200","QC7-8730-000","000","TAFJ","90.00","M/C","2",NULL
"RA","0727340001","20230512","2000","148.00","6100","MRS1",NULL,NULL,NULL,"WF0000","2023-05-10 08:33:33","20230513","0100","QC7-8730-000","000","TAFJ","90.00","M/C","2",NULL
"RA","0727340001","20230512","2000","148.00","6100","MRS1",NULL,NULL,NULL,"WF0000","2023-05-10 08:33:33","20230513","0300","QC7-8730-000","000","TAFJ","90.00","M/C","2",NULL
"RA","0727340001","20230512","2000","152.00","6100","MRS1",NULL,NULL,NULL,"WF0000","2023-05-10 08:33:33","20230513","0400","QC7-8730-000","000","TAFJ","90.00","M/C","2",NULL
"RA","0727340001","20230512","2000","472.00","6100","MRS1",NULL,NULL,NULL,"WF0000","2023-05-10 08:33:33","20230512","2300","QC7-8730-000","000","TAFJ","90.00","M/C","2",NULL
"RA","0727340001","20230515","0800","92.00","6100","MRS1",NULL,NULL,NULL,"WF0000","2023-05-11 08:34:04","20230515","0800","QC7-8730-000","000","TAFJ","90.00","M/C","2",NULL
"RA","0727340001","20230515","0800","132.00","6100","MRS1",NULL,NULL,NULL,"WF0000","2023-05-11 08:34:04","20230515","0900","QC7-8730-000","000","TAFJ","90.00","M/C","2",NULL
"RA","0727340001","20230515","0800","136.00","6100","MRS1",NULL,NULL,NULL,"WF0000","2023-05-11 08:34:04","20230515","1000","QC7-8730-000","000","TAFJ","90.00","M/C","2",NULL
"RA","0727340001","20230515","0800","152.00","6100","MRS1",NULL,NULL,NULL,"WF0000","2023-05-11 08:34:04","20230515","1100","QC7-8730-000","000","TAFJ","90.00","M/C","2",NULL
"RA","0727340001","20230515","1300","132.00","6100","MRS1",NULL,NULL,NULL,"WF0000","2023-05-11 08:34:04","20230515","1400","QC7-8730-000","000","TAFJ","90.00","M/C","2",NULL
"RA","0727340001","20230515","1300","148.00","6100","MRS1",NULL,NULL,NULL,"WF0000","2023-05-11 08:34:04","20230515","1300","QC7-8730-000","000","TAFJ","90.00","M/C","2",NULL
"RA","0727340001","20230515","1500","76.00","6100","MRS1",NULL,NULL,NULL,"WF0000","2023-05-11 08:34:04","20230515","1500","QC7-8730-000","000","TAFJ","90.00","M/C","2",NULL
"RA","0779260005","20230515","1500","72.00","6100","MRS1",NULL,NULL,NULL,"WF0000","2023-05-11 08:34:04","20230515","1500","QC7-8730-000","000","TAFJ","90.00","M/C","2",NULL
"RA","0779260005","20230515","1500","96.00","6100","MRS1",NULL,NULL,NULL,"WF0000","2023-05-11 08:34:04","20230515","1600","QC7-8730-000","000","TAFJ","90.00","M/C","2",NULL
"RA","0779260005","20230515","2000","68.00","6100","MRS1",NULL,NULL,NULL,"WF0000","2023-05-11 08:34:04","20230515","2100","QC7-8730-000","000","TAFJ","90.00","M/C","2",NULL
"RA","0779260005","20230515","2000","72.00","6100","MRS1",NULL,NULL,NULL,"WF0000","2023-05-11 08:34:04","20230515","2000","QC7-8730-000","000","TAFJ","90.00","M/C","2",NULL
"RA","0779260005","20230515","2000","72.00","6100","MRS1",NULL,NULL,NULL,"WF0000","2023-05-11 08:34:04","20230515","2300","QC7-8730-000","000","TAFJ","90.00","M/C","2",NULL
"RA","0779260005","20230515","2000","76.00","6100","MRS1",NULL,NULL,NULL,"WF0000","2023-05-11 08:34:04","20230515","2200","QC7-8730-000","000","TAFJ","90.00","M/C","2",NULL
"RA","0779260005","20230516","0100","64.00","6100","MRS1",NULL,NULL,NULL,"WF0000","2023-05-11 08:34:04","20230516","0200","QC7-8730-000","000","TAFJ","90.00","M/C","2",NULL
"RA","0779260005","20230516","0100","76.00","6100","MRS1",NULL,NULL,NULL,"WF0000","2023-05-11 08:34:04","20230516","0100","QC7-8730-000","000","TAFJ","90.00","M/C","2",NULL
"RA","0779260005","20230516","0100","76.00","6100","MRS1",NULL,NULL,NULL,"WF0000","2023-05-11 08:34:04","20230516","0300","QC7-8730-000","000","TAFJ","90.00","M/C","2",NULL
"RA","0779260005","20230516","0100","188.00","6100","MRS1",NULL,NULL,NULL,"WF0000","2023-05-11 08:34:04","20230516","0400","QC7-8730-000","000","TAFJ","90.00","M/C","2",NULL
"RA","0810160000","20241009","2000","8000.00","6100","MRS1",NULL,NULL,NULL,"WF0000","2024-10-07 08:19:42","20241009","2000","QC4-6467-000","000","M718","80.00","M/C","2","00"
"RA","0810160000","20241009","2000","8000.00","6100","MRS1",NULL,NULL,NULL,"WF0000","2024-10-07 08:19:42","20241010","0400","QC4-6467-000","000","M718","80.00","M/C","2","00"
"RA","0827960009","20230516","0800","20.00","6100","MRS1",NULL,NULL,NULL,"WF0000","2023-05-13 08:22:44","20230516","0800","QC7-8730-000","000","TAFJ","90.00","M/C","2",NULL
"RA","0827960009","20230516","0800","132.00","6100","MRS1",NULL,NULL,NULL,"WF0000","2023-05-13 08:22:44","20230516","0900","QC7-8730-000","000","TAFJ","90.00","M/C","2",NULL
"RA","0827960009","20230516","0800","148.00","6100","MRS1",NULL,NULL,NULL,"WF0000","2023-05-13 08:22:44","20230516","1000","QC7-8730-000","000","TAFJ","90.00","M/C","2",NULL
"RA","0827960009","20230516","0800","152.00","6100","MRS1",NULL,NULL,NULL,"WF0000","2023-05-13 08:22:44","20230516","1100","QC7-8730-000","000","TAFJ","90.00","M/C","2",NULL
"RA","0827960009","20230516","1300","132.00","6100","MRS1",NULL,NULL,NULL,"WF0000","2023-05-13 08:22:44","20230516","1400","QC7-8730-000","000","TAFJ","90.00","M/C","2",NULL
"RA","0827960009","20230516","1300","148.00","6100","MRS1",NULL,NULL,NULL,"WF0000","2023-05-13 08:22:44","20230516","1300","QC7-8730-000","000","TAFJ","90.00","M/C","2",NULL
"RA","0827960009","20230516","1500","96.00","6100","MRS1",NULL,NULL,NULL,"WF0000","2023-05-13 08:22:44","20230516","1500","QC7-8730-000","000","TAFJ","90.00","M/C","2",NULL
"RA","0827960009","20230517","0800","112.00","6100","MRS1",NULL,NULL,NULL,"WF0000","2023-05-15 08:31:13","20230517","0900","QC7-8730-000","000","TAFJ","90.00","M/C","2",NULL
"RA","0827960009","20230517","0800","148.00","6100","MRS1",NULL,NULL,NULL,"WF0000","2023-05-15 08:31:13","20230517","1000","QC7-8730-000","000","TAFJ","90.00","M/C","2",NULL
"RA","0827960009","20230517","0800","152.00","6100","MRS1",NULL,NULL,NULL,"WF0000","2023-05-15 08:31:13","20230517","1100","QC7-8730-000","000","TAFJ","90.00","M/C","2",NULL
"RA","0827960009","20230517","1300","132.00","6100","MRS1",NULL,NULL,NULL,"WF0000","2023-05-15 08:31:13","20230517","1400","QC7-8730-000","000","TAFJ","90.00","M/C","2",NULL
"RA","0827960009","20230517","1300","148.00","6100","MRS1",NULL,NULL,NULL,"WF0000","2023-05-15 08:31:13","20230517","1300","QC7-8730-000","000","TAFJ","90.00","M/C","2",NULL
"RA","0827960009","20230517","1500","136.00","6100","MRS1",NULL,NULL,NULL,"WF0000","2023-05-15 08:31:13","20230517","1500","QC7-8730-000","000","TAFJ","90.00","M/C","2",NULL
"RA","0827970005","20230516","1500","52.00","6100","MRS1",NULL,NULL,NULL,"WF0000","2023-05-13 08:22:44","20230516","1500","QC7-8730-000","000","TAFJ","90.00","M/C","2",NULL
"RA","0827970005","20230516","1500","96.00","6100","MRS1",NULL,NULL,NULL,"WF0000","2023-05-13 08:22:44","20230516","1600","QC7-8730-000","000","TAFJ","90.00","M/C","2",NULL
"RA","0827970005","20230516","2000","68.00","6100","MRS1",NULL,NULL,NULL,"WF0000","2023-05-13 08:22:44","20230516","2100","QC7-8730-000","000","TAFJ","90.00","M/C","2",NULL
"RA","0827970005","20230516","2000","72.00","6100","MRS1",NULL,NULL,NULL,"WF0000","2023-05-13 08:22:44","20230516","2000","QC7-8730-000","000","TAFJ","90.00","M/C","2",NULL
"RA","0827970005","20230516","2000","72.00","6100","MRS1",NULL,NULL,NULL,"WF0000","2023-05-13 08:22:44","20230516","2300","QC7-8730-000","000","TAFJ","90.00","M/C","2",NULL
"RA","0827970005","20230516","2000","76.00","6100","MRS1",NULL,NULL,NULL,"WF0000","2023-05-13 08:22:44","20230516","2200","QC7-8730-000","000","TAFJ","90.00","M/C","2",NULL
"RA","0827970005","20230517","0100","64.00","6100","MRS1",NULL,NULL,NULL,"WF0000","2023-05-13 08:22:44","20230517","0200","QC7-8730-000","000","TAFJ","90.00","M/C","2",NULL
"RA","0827970005","20230517","0100","76.00","6100","MRS1",NULL,NULL,NULL,"WF0000","2023-05-13 08:22:44","20230517","0100","QC7-8730-000","000","TAFJ","90.00","M/C","2",NULL
"RA","0827970005","20230517","0100","76.00","6100","MRS1",NULL,NULL,NULL,"WF0000","2023-05-13 08:22:44","20230517","0300","QC7-8730-000","000","TAFJ","90.00","M/C","2",NULL
"RA","0827970005","20230517","0100","188.00","6100","MRS1",NULL,NULL,NULL,"WF0000","2023-05-13 08:22:44","20230517","0400","QC7-8730-000","000","TAFJ","90.00","M/C","2",NULL
"RA","0827970005","20230517","1500","12.00","6100","MRS1",NULL,NULL,NULL,"WF0000","2023-05-15 08:31:13","20230517","1500","QC7-8730-000","000","TAFJ","90.00","M/C","2",NULL
"RA","0827970005","20230517","1500","96.00","6100","MRS1",NULL,NULL,NULL,"WF0000","2023-05-15 08:31:13","20230517","1600","QC7-8730-000","000","TAFJ","90.00","M/C","2",NULL
"RA","0827970005","20230517","2000","68.00","6100","MRS1",NULL,NULL,NULL,"WF0000","2023-05-15 08:31:13","20230517","2100","QC7-8730-000","000","TAFJ","90.00","M/C","2",NULL
"RA","0827970005","20230517","2000","72.00","6100","MRS1",NULL,NULL,NULL,"WF0000","2023-05-15 08:31:13","20230517","2000","QC7-8730-000","000","TAFJ","90.00","M/C","2",NULL
"RA","0827970005","20230517","2000","72.00","6100","MRS1",NULL,NULL,NULL,"WF0000","2023-05-15 08:31:13","20230517","2300","QC7-8730-000","000","TAFJ","90.00","M/C","2",NULL
"RA","0827970005","20230517","2000","76.00","6100","MRS1",NULL,NULL,NULL,"WF0000","2023-05-15 08:31:13","20230517","2200","QC7-8730-000","000","TAFJ","90.00","M/C","2",NULL
"RA","0827970005","20230518","0100","64.00","6100","MRS1",NULL,NULL,NULL,"WF0000","2023-05-15 08:31:13","20230518","0200","QC7-8730-000","000","TAFJ","90.00","M/C","2",NULL
"RA","0827970005","20230518","0100","72.00","6100","MRS1",NULL,NULL,NULL,"WF0000","2023-05-15 08:31:13","20230518","0300","QC7-8730-000","000","TAFJ","90.00","M/C","2",NULL
"RA","0827970005","20230518","0100","76.00","6100","MRS1",NULL,NULL,NULL,"WF0000","2023-05-15 08:31:13","20230518","0100","QC7-8730-000","000","TAFJ","90.00","M/C","2",NULL
"RA","0827970005","20230518","0100","188.00","6100","MRS1",NULL,NULL,NULL,"WF0000","2023-05-15 08:31:13","20230518","0400","QC7-8730-000","000","TAFJ","90.00","M/C","2",NULL
"RA","0827970005","20230518","0800","40.00","6100","MRS1",NULL,NULL,NULL,"WF0000","2023-05-16 08:44:41","20230518","1100","QC7-8730-000","000","TAFJ","90.00","M/C","2",NULL
"RA","0827970005","20230518","0800","132.00","6100","MRS1",NULL,NULL,NULL,"WF0000","2023-05-16 08:44:41","20230518","0900","QC7-8730-000","000","TAFJ","90.00","M/C","2",NULL
"RA","0827970005","20230518","0800","136.00","6100","MRS1",NULL,NULL,NULL,"WF0000","2023-05-16 08:44:41","20230518","1000","QC7-8730-000","000","TAFJ","90.00","M/C","2",NULL
"RA","0827970005","20230518","0800","192.00","6100","MRS1",NULL,NULL,NULL,"WF0000","2023-05-16 08:44:41","20230518","0800","QC7-8730-000","000","TAFJ","90.00","M/C","2",NULL
"RA","0827970005","20230518","1300","32.00","6100","MRS1",NULL,NULL,NULL,"WF0000","2023-05-16 08:44:41","20230518","1400","QC7-8730-000","000","TAFJ","90.00","M/C","2",NULL
"RA","0827970005","20230518","1300","40.00","6100","MRS1",NULL,NULL,NULL,"WF0000","2023-05-16 08:44:41","20230518","1300","QC7-8730-000","000","TAFJ","90.00","M/C","2",NULL
"RA","0827970005","20230518","1500","36.00","6100","MRS1",NULL,NULL,NULL,"WF0000","2023-05-16 08:44:41","20230518","1600","QC7-8730-000","000","TAFJ","90.00","M/C","2",NULL
"RA","0827970005","20230518","1500","40.00","6100","MRS1",NULL,NULL,NULL,"WF0000","2023-05-16 08:44:41","20230518","1500","QC7-8730-000","000","TAFJ","90.00","M/C","2",NULL
"RA","0869890006","20241010","2000","8000.00","6100","MRS1",NULL,NULL,NULL,"WF0000","2024-10-08 08:21:05","20241010","1500","QC4-6467-000","000","M718","80.00","M/C","2","00"
"RA","0869890006","20241010","2000","8000.00","6100","MRS1",NULL,NULL,NULL,"WF0000","2024-10-08 08:21:05","20241010","2300","QC4-6467-000","000","M718","80.00","M/C","2","00"
"RA","0869890006","20241010","2000","8000.00","6100","MRS1",NULL,NULL,NULL,"WF0000","2024-10-08 08:21:05","20241011","0400","QC4-6467-000","000","M718","80.00","M/C","2","00"
"RA","0873020004","20230518","1500","12.00","6100","MRS1",NULL,NULL,NULL,"WF0000","2023-05-16 08:44:41","20230518","1600","QC7-8730-000","000","TAFJ","90.00","M/C","2",NULL
"RA","0873020004","20230518","2000","4.00","6100","MRS1",NULL,NULL,NULL,"WF0000","2023-05-16 08:44:41","20230518","2000","QC7-8730-000","000","TAFJ","90.00","M/C","2",NULL
"RA","0873030001","20230518","2000","28.00","6100","MRS1",NULL,NULL,NULL,"WF0000","2023-05-16 08:44:41","20230518","2000","QC7-8730-000","000","TAFJ","90.00","M/C","2",NULL
"RA","0873030001","20230522","0800","116.00","6100","MRS1",NULL,NULL,NULL,"WF0000","2023-05-17 08:53:53","20230522","0900","QC7-8730-000","000","TAFJ","90.00","M/C","3",NULL
"RA","0873030001","20230522","0800","124.00","6100","MRS1",NULL,NULL,NULL,"WF0000","2023-05-17 08:53:53","20230522","1000","QC7-8730-000","000","TAFJ","90.00","M/C","3",NULL
"RA","0873030001","20230522","0800","132.00","6100","MRS1",NULL,NULL,NULL,"WF0000","2023-05-17 08:53:53","20230522","0800","QC7-8730-000","000","TAFJ","90.00","M/C","3",NULL
"RA","0873030001","20230522","0800","140.00","6100","MRS1",NULL,NULL,NULL,"WF0000","2023-05-17 08:53:53","20230522","1100","QC7-8730-000","000","TAFJ","90.00","M/C","3",NULL
"RA","0873030001","20230522","1300","120.00","6100","MRS1",NULL,NULL,NULL,"WF0000","2023-05-17 08:53:53","20230522","1400","QC7-8730-000","000","TAFJ","90.00","M/C","3",NULL
"RA","0873030001","20230522","1300","140.00","6100","MRS1",NULL,NULL,NULL,"WF0000","2023-05-17 08:53:53","20230522","1300","QC7-8730-000","000","TAFJ","90.00","M/C","3",NULL
"RA","0873030001","20230522","1500","84.00","6100","MRS1",NULL,NULL,NULL,"WF0000","2023-05-17 08:53:53","20230522","1600","QC7-8730-000","000","TAFJ","90.00","M/C","3",NULL
"RA","0873030001","20230522","1500","140.00","6100","MRS1",NULL,NULL,NULL,"WF0000","2023-05-17 08:53:53","20230522","1500","QC7-8730-000","000","TAFJ","90.00","M/C","3",NULL
"RA","0873030001","20230522","2000","20.00","6100","MRS1",NULL,NULL,NULL,"WF0000","2023-05-17 08:53:53","20230522","2100","QC7-8730-000","000","TAFJ","90.00","M/C","3",NULL
"RA","0873030001","20230522","2000","64.00","6100","MRS1",NULL,NULL,NULL,"WF0000","2023-05-17 08:53:53","20230522","2000","QC7-8730-000","000","TAFJ","90.00","M/C","3",NULL
"RA","0925190008","20241011","2000","8000.00","6100","MRS1",NULL,NULL,NULL,"WF0000","2024-10-09 08:21:13","20241011","1500","QC4-6467-000","000","M718","80.00","M/C","2","00"
"RA","0925190008","20241011","2000","8000.00","6100","MRS1",NULL,NULL,NULL,"WF0000","2024-10-09 08:21:13","20241011","2200","QC4-6467-000","000","M718","80.00","M/C","2","00"
"RA","0925190008","20241011","2000","8000.00","6100","MRS1",NULL,NULL,NULL,"WF0000","2024-10-09 08:21:13","20241012","0400","QC4-6467-000","000","M718","80.00","M/C","2","00"
"RA","0927210001","20230525","1500","76.00","6100","MRS1",NULL,NULL,NULL,"WF0000","2023-05-23 08:27:49","20230525","2000","QC7-8730-000","000","H653","10.00","M/C","2",NULL
"RA","0927210001","20230525","2100","44.00","6100","MRS1",NULL,NULL,NULL,"WF0000","2023-05-23 08:27:49","20230525","2100","QC7-8730-000","000","H653","10.00","M/C","2",NULL
"RA","0964490004","20230522","2000","40.00","6100","MRS1",NULL,NULL,NULL,"WF0000","2023-05-17 08:53:53","20230522","2100","QC7-8730-000","000","TAFJ","90.00","M/C","3",NULL
"RA","0964490004","20230522","2000","60.00","6100","MRS1",NULL,NULL,NULL,"WF0000","2023-05-17 08:53:53","20230522","2200","QC7-8730-000","000","TAFJ","90.00","M/C","3",NULL
"RA","0964490004","20230522","2000","76.00","6100","MRS1",NULL,NULL,NULL,"WF0000","2023-05-17 08:53:53","20230522","2300","QC7-8730-000","000","TAFJ","90.00","M/C","3",NULL
"RA","0964490004","20230523","0100","68.00","6100","MRS1",NULL,NULL,NULL,"WF0000","2023-05-17 08:53:53","20230523","0200","QC7-8730-000","000","TAFJ","90.00","M/C","3",NULL
"RA","0964490004","20230523","0100","72.00","6100","MRS1",NULL,NULL,NULL,"WF0000","2023-05-17 08:53:53","20230523","0100","QC7-8730-000","000","TAFJ","90.00","M/C","3",NULL
"RA","0964490004","20230523","0100","72.00","6100","MRS1",NULL,NULL,NULL,"WF0000","2023-05-17 08:53:53","20230523","0300","QC7-8730-000","000","TAFJ","90.00","M/C","3",NULL
"RA","0964490004","20230523","0100","188.00","6100","MRS1",NULL,NULL,NULL,"WF0000","2023-05-17 08:53:53","20230523","0400","QC7-8730-000","000","TAFJ","90.00","M/C","3",NULL
"RA","0982080004","20230525","2100","56.00","6100","MRS1",NULL,NULL,NULL,"WF0000","2023-05-23 08:27:49","20230525","2100","QC7-8730-000","000","H653","10.00","M/C","2",NULL
"RA","0983870006","20241015","2000","8000.00","6100","MRS1",NULL,NULL,NULL,"WF0000","2024-10-10 08:20:35","20241015","1400","QC4-6467-000","000","M718","80.00","M/C","2","00"
"RA","0983870006","20241015","2000","8000.00","6100","MRS1",NULL,NULL,NULL,"WF0000","2024-10-10 08:20:35","20241015","2100","QC4-6467-000","000","M718","80.00","M/C","2","00"
"RA","0983870006","20241015","2000","8000.00","6100","MRS1",NULL,NULL,NULL,"WF0000","2024-10-10 08:20:35","20241016","0400","QC4-6467-000","000","M718","80.00","M/C","2","00"
"RA","1019280009","20230523","0800","8.00","6100","MRS1",NULL,NULL,NULL,"WF0000","2023-05-20 08:29:42","20230523","0800","QC7-8730-000","000","TAFJ","90.00","M/C","2",NULL
"RA","1019280009","20230523","0800","132.00","6100","MRS1",NULL,NULL,NULL,"WF0000","2023-05-20 08:29:42","20230523","0900","QC7-8730-000","000","TAFJ","90.00","M/C","2",NULL
"RA","1019280009","20230523","0800","148.00","6100","MRS1",NULL,NULL,NULL,"WF0000","2023-05-20 08:29:42","20230523","1000","QC7-8730-000","000","TAFJ","90.00","M/C","2",NULL
"RA","1019280009","20230523","0800","152.00","6100","MRS1",NULL,NULL,NULL,"WF0000","2023-05-20 08:29:42","20230523","1100","QC7-8730-000","000","TAFJ","90.00","M/C","2",NULL
"RA","1019280009","20230523","1300","132.00","6100","MRS1",NULL,NULL,NULL,"WF0000","2023-05-20 08:29:42","20230523","1400","QC7-8730-000","000","TAFJ","90.00","M/C","2",NULL
"RA","1019280009","20230523","1300","148.00","6100","MRS1",NULL,NULL,NULL,"WF0000","2023-05-20 08:29:42","20230523","1300","QC7-8730-000","000","TAFJ","90.00","M/C","2",NULL
"RA","1019280009","20230523","1500","8.00","6100","MRS1",NULL,NULL,NULL,"WF0000","2023-05-20 08:29:42","20230523","2000","QC7-8730-000","000","TAFJ","90.00","M/C","2",NULL
"RA","1019280009","20230523","1500","96.00","6100","MRS1",NULL,NULL,NULL,"WF0000","2023-05-20 08:29:42","20230523","1600","QC7-8730-000","000","TAFJ","90.00","M/C","2",NULL
"RA","1019280009","20230523","1500","148.00","6100","MRS1",NULL,NULL,NULL,"WF0000","2023-05-20 08:29:42","20230523","1500","QC7-8730-000","000","TAFJ","90.00","M/C","2",NULL
"RA","1019280009","20230524","0800","132.00","6100","MRS1",NULL,NULL,NULL,"WF0000","2023-05-22 08:27:36","20230524","0900","QC7-8730-000","000","TAFJ","90.00","M/C","2",NULL
"RA","1019280009","20230524","0800","148.00","6100","MRS1",NULL,NULL,NULL,"WF0000","2023-05-22 08:27:36","20230524","1000","QC7-8730-000","000","TAFJ","90.00","M/C","2",NULL
"RA","1019280009","20230524","0800","152.00","6100","MRS1",NULL,NULL,NULL,"WF0000","2023-05-22 08:27:36","20230524","1100","QC7-8730-000","000","TAFJ","90.00","M/C","2",NULL
"RA","1019280009","20230524","0800","304.00","6100","MRS1",NULL,NULL,NULL,"WF0000","2023-05-22 08:27:36","20230524","0800","QC7-8730-000","000","TAFJ","90.00","M/C","2",NULL
"RA","1019280009","20230524","1300","88.00","6100","MRS1",NULL,NULL,NULL,"WF0000","2023-05-22 08:27:36","20230524","1400","QC7-8730-000","000","TAFJ","90.00","M/C","2",NULL
"RA","1019280009","20230524","1300","148.00","6100","MRS1",NULL,NULL,NULL,"WF0000","2023-05-22 08:27:36","20230524","1300","QC7-8730-000","000","TAFJ","90.00","M/C","2",NULL
"RA","1081170006","20230523","1500","64.00","6100","MRS1",NULL,NULL,NULL,"WF0000","2023-05-20 08:29:42","20230523","2100","QC7-8730-000","000","TAFJ","90.00","M/C","2",NULL
"RA","1081170006","20230523","1500","68.00","6100","MRS1",NULL,NULL,NULL,"WF0000","2023-05-20 08:29:42","20230523","2000","QC7-8730-000","000","TAFJ","90.00","M/C","2",NULL
"RA","1081170006","20230523","1500","76.00","6100","MRS1",NULL,NULL,NULL,"WF0000","2023-05-20 08:29:42","20230523","2200","QC7-8730-000","000","TAFJ","90.00","M/C","2",NULL
"RA","1081170006","20230523","1500","76.00","6100","MRS1",NULL,NULL,NULL,"WF0000","2023-05-20 08:29:42","20230523","2300","QC7-8730-000","000","TAFJ","90.00","M/C","2",NULL
"RA","1081170006","20230524","0100","32.00","6100","MRS1",NULL,NULL,NULL,"WF0000","2023-05-20 08:29:42","20230524","0200","QC7-8730-000","000","TAFJ","90.00","M/C","2",NULL
"RA","1081170006","20230524","0100","72.00","6100","MRS1",NULL,NULL,NULL,"WF0000","2023-05-20 08:29:42","20230524","0100","QC7-8730-000","000","TAFJ","90.00","M/C","2",NULL
"RA","1081170006","20230524","1300","44.00","6100","MRS1",NULL,NULL,NULL,"WF0000","2023-05-22 08:27:36","20230524","1400","QC7-8730-000","000","TAFJ","90.00","M/C","2",NULL
"RA","1081170006","20230524","1500","24.00","6100","MRS1",NULL,NULL,NULL,"WF0000","2023-05-22 08:27:36","20230524","2100","QC7-8730-000","000","TAFJ","90.00","M/C","2",NULL
"RA","1081170006","20230524","1500","76.00","6100","MRS1",NULL,NULL,NULL,"WF0000","2023-05-22 08:27:36","20230524","2000","QC7-8730-000","000","TAFJ","90.00","M/C","2",NULL
"RA","1081170006","20230524","1500","96.00","6100","MRS1",NULL,NULL,NULL,"WF0000","2023-05-22 08:27:36","20230524","1600","QC7-8730-000","000","TAFJ","90.00","M/C","2",NULL
"RA","1081170006","20230524","1500","148.00","6100","MRS1",NULL,NULL,NULL,"WF0000","2023-05-22 08:27:36","20230524","1500","QC7-8730-000","000","TAFJ","90.00","M/C","2",NULL
"RA","1081180002","20230524","1500","40.00","6100","MRS1",NULL,NULL,NULL,"WF0000","2023-05-22 08:27:36","20230524","2100","QC7-8730-000","000","TAFJ","90.00","M/C","2",NULL
"RA","1081180002","20230524","1500","76.00","6100","MRS1",NULL,NULL,NULL,"WF0000","2023-05-22 08:27:36","20230524","2200","QC7-8730-000","000","TAFJ","90.00","M/C","2",NULL
"RA","1081180002","20230524","1500","76.00","6100","MRS1",NULL,NULL,NULL,"WF0000","2023-05-22 08:27:36","20230524","2300","QC7-8730-000","000","TAFJ","90.00","M/C","2",NULL
"RA","1081180002","20230525","0100","68.00","6100","MRS1",NULL,NULL,NULL,"WF0000","2023-05-22 08:27:36","20230525","0200","QC7-8730-000","000","TAFJ","90.00","M/C","2",NULL
"RA","1081180002","20230525","0100","72.00","6100","MRS1",NULL,NULL,NULL,"WF0000","2023-05-22 08:27:36","20230525","0100","QC7-8730-000","000","TAFJ","90.00","M/C","2",NULL
"RA","1081180002","20230525","0100","72.00","6100","MRS1",NULL,NULL,NULL,"WF0000","2023-05-22 08:27:36","20230525","0300","QC7-8730-000","000","TAFJ","90.00","M/C","2",NULL
"RA","1081180002","20230525","0100","188.00","6100","MRS1",NULL,NULL,NULL,"WF0000","2023-05-22 08:27:36","20230525","0400","QC7-8730-000","000","TAFJ","90.00","M/C","2",NULL
"RA","1081180002","20230525","0800","240.00","6100","MRS1",NULL,NULL,NULL,"WF0000","2023-05-23 08:27:48","20230525","1000","QC7-8730-000","000","TAFJ","90.00","M/C","2",NULL
"RA","1081180002","20230525","0800","300.00","6100","MRS1",NULL,NULL,NULL,"WF0000","2023-05-23 08:27:48","20230525","1100","QC7-8730-000","000","TAFJ","90.00","M/C","2",NULL
"RA","1081180002","20230525","1300","132.00","6100","MRS1",NULL,NULL,NULL,"WF0000","2023-05-23 08:27:48","20230525","1300","QC7-8730-000","000","TAFJ","90.00","M/C","2",NULL
"RA","1109690006","20241017","2000","8000.00","6100","MRS1",NULL,NULL,NULL,"WF0000","2024-10-15 08:19:33","20241017","1500","QC4-6467-000","000","M718","80.00","M/C","2","00"
"RA","1109690006","20241017","2000","8000.00","6100","MRS1",NULL,NULL,NULL,"WF0000","2024-10-15 08:19:33","20241018","0100","QC4-6467-000","000","M718","80.00","M/C","2","00"
"RA","1134330000","20230525","1300","248.00","6100","MRS1",NULL,NULL,NULL,"WF0000","2023-05-23 08:27:48","20230525","1400","QC7-8730-000","000","TAFJ","90.00","M/C","2",NULL
"RA","1134330000","20230525","1500","4.00","6100","MRS1",NULL,NULL,NULL,"WF0000","2023-05-23 08:27:48","20230525","2000","QC7-8730-000","000","TAFJ","90.00","M/C","2",NULL
"RA","1134330000","20230525","1500","188.00","6100","MRS1",NULL,NULL,NULL,"WF0000","2023-05-23 08:27:48","20230525","1600","QC7-8730-000","000","TAFJ","90.00","M/C","2",NULL
"RA","1134330000","20230525","1500","296.00","6100","MRS1",NULL,NULL,NULL,"WF0000","2023-05-23 08:27:48","20230525","1500","QC7-8730-000","000","TAFJ","90.00","M/C","2",NULL
"RA","1134330000","20230526","0800","148.00","6100","MRS1",NULL,NULL,NULL,"WF0000","2023-05-24 08:34:22","20230526","1100","QC7-8730-000","000","TAFJ","90.00","M/C","2",NULL
"RA","1134330000","20230526","1300","128.00","6100","MRS1",NULL,NULL,NULL,"WF0000","2023-05-24 08:34:22","20230526","1400","QC7-8730-000","000","TAFJ","90.00","M/C","2",NULL
"RA","1134330000","20230526","1300","148.00","6100","MRS1",NULL,NULL,NULL,"WF0000","2023-05-24 08:34:22","20230526","1300","QC7-8730-000","000","TAFJ","90.00","M/C","2",NULL
"RA","1134330000","20230526","1500","88.00","6100","MRS1",NULL,NULL,NULL,"WF0000","2023-05-24 08:34:22","20230526","1500","QC7-8730-000","000","TAFJ","90.00","M/C","2",NULL
"RA","1145380000","20230525","1300","12.00","6100","MRS1",NULL,NULL,NULL,"WF0000","2023-05-23 08:27:48","20230525","1400","QC7-8730-000","000","TAFJ","90.00","M/C","2",NULL
"RA","1145380000","20230525","1300","164.00","6100","MRS1",NULL,NULL,NULL,"WF0000","2023-05-23 08:27:48","20230525","1300","QC7-8730-000","000","TAFJ","90.00","M/C","2",NULL
"RA","1167270004","20241018","2000","8000.00","6100","MRS1",NULL,NULL,NULL,"WF0000","2024-10-16 08:21:16","20241018","1500","QC4-6467-000","000","M718","80.00","M/C","2","00"
"RA","1167270004","20241018","2000","8000.00","6100","MRS1",NULL,NULL,NULL,"WF0000","2024-10-16 08:21:16","20241018","2300","QC4-6467-000","000","M718","80.00","M/C","2","00"
"RA","1167270004","20241018","2000","8000.00","6100","MRS1",NULL,NULL,NULL,"WF0000","2024-10-16 08:21:16","20241019","0400","QC4-6467-000","000","M718","80.00","M/C","2","00"
"RA","1198100000","20230526","1500","60.00","6100","MRS1",NULL,NULL,NULL,"WF0000","2023-05-24 08:34:22","20230526","1500","QC7-8730-000","000","TAFJ","90.00","M/C","2",NULL
"RA","1198100000","20230526","1500","64.00","6100","MRS1",NULL,NULL,NULL,"WF0000","2023-05-24 08:34:22","20230526","2100","QC7-8730-000","000","TAFJ","90.00","M/C","2",NULL
"RA","1198100000","20230526","1500","64.00","6100","MRS1",NULL,NULL,NULL,"WF0000","2023-05-24 08:34:22","20230527","0200","QC7-8730-000","000","TAFJ","90.00","M/C","2",NULL
"RA","1198100000","20230526","1500","68.00","6100","MRS1",NULL,NULL,NULL,"WF0000","2023-05-24 08:34:22","20230526","2200","QC7-8730-000","000","TAFJ","90.00","M/C","2",NULL
"RA","1198100000","20230526","1500","72.00","6100","MRS1",NULL,NULL,NULL,"WF0000","2023-05-24 08:34:22","20230527","0100","QC7-8730-000","000","TAFJ","90.00","M/C","2",NULL
"RA","1198100000","20230526","1500","76.00","6100","MRS1",NULL,NULL,NULL,"WF0000","2023-05-24 08:34:22","20230526","2000","QC7-8730-000","000","TAFJ","90.00","M/C","2",NULL
"RA","1198100000","20230526","1500","76.00","6100","MRS1",NULL,NULL,NULL,"WF0000","2023-05-24 08:34:22","20230526","2300","QC7-8730-000","000","TAFJ","90.00","M/C","2",NULL
"RA","1198100000","20230526","1500","76.00","6100","MRS1",NULL,NULL,NULL,"WF0000","2023-05-24 08:34:22","20230527","0300","QC7-8730-000","000","TAFJ","90.00","M/C","2",NULL
"RA","1198100000","20230526","1500","92.00","6100","MRS1",NULL,NULL,NULL,"WF0000","2023-05-24 08:34:22","20230526","1600","QC7-8730-000","000","TAFJ","90.00","M/C","2",NULL
"RA","1198100000","20230526","1500","184.00","6100","MRS1",NULL,NULL,NULL,"WF0000","2023-05-24 08:34:22","20230527","0400","QC7-8730-000","000","TAFJ","90.00","M/C","2",NULL
"RA","1198100000","20230529","0800","76.00","6100","MRS1",NULL,NULL,NULL,"WF0000","2023-05-25 08:31:39","20230529","1000","QC7-8730-000","000","TAFJ","90.00","M/C","2",NULL
"RA","1198100000","20230529","0800","152.00","6100","MRS1",NULL,NULL,NULL,"WF0000","2023-05-25 08:31:39","20230529","1100","QC7-8730-000","000","TAFJ","90.00","M/C","2",NULL
"RA","1198100000","20230529","1300","68.00","6100","MRS1",NULL,NULL,NULL,"WF0000","2023-05-25 08:31:39","20230529","1300","QC7-8730-000","000","TAFJ","90.00","M/C","2",NULL
"RA","1229110008","20241021","2000","8000.00","6100","MRS1",NULL,NULL,NULL,"WF0000","2024-10-17 08:21:41","20241021","2100","QC4-6467-000","000","M718","80.00","M/C","2","00"
"RA","1229110008","20241021","2000","8000.00","6100","MRS1",NULL,NULL,NULL,"WF0000","2024-10-17 08:21:41","20241022","0400","QC4-6467-000","000","M718","80.00","M/C","2","00"
"RA","1249270009","20230529","1300","80.00","6100","MRS1",NULL,NULL,NULL,"WF0000","2023-05-25 08:31:39","20230529","1300","QC7-8730-000","000","TAFJ","90.00","M/C","2",NULL
"RA","1249270009","20230529","1300","132.00","6100","MRS1",NULL,NULL,NULL,"WF0000","2023-05-25 08:31:39","20230529","1400","QC7-8730-000","000","TAFJ","90.00","M/C","2",NULL
"RA","1249270009","20230529","1500","148.00","6100","MRS1",NULL,NULL,NULL,"WF0000","2023-05-25 08:31:39","20230529","1500","QC7-8730-000","000","TAFJ","90.00","M/C","2",NULL
"RA","1249270009","20230530","0100","188.00","6100","MRS1",NULL,NULL,NULL,"WF0000","2023-05-25 08:31:39","20230530","0400","QC7-8730-000","000","TAFJ","90.00","M/C","2",NULL
"RA","1340660006","20241024","2000","8000.00","6100","MRS1",NULL,NULL,NULL,"WF0000","2024-10-21 08:20:38","20241024","2100","QC4-6467-000","000","M718","80.00","M/C","2","00"
"RA","1340660006","20241024","2000","8000.00","6100","MRS1",NULL,NULL,NULL,"WF0000","2024-10-21 08:20:38","20241025","0400","QC4-6467-000","000","M718","80.00","M/C","2","00"
"RA","1355430002","20230601","0800","28.00","6100","MRS1",NULL,NULL,NULL,"WF0000","2023-05-30 08:25:23","20230601","0900","QC7-8730-000","000","TAFJ","90.00","M/C","2","00"
"RA","1355430002","20230601","0800","100.00","6100","MRS1",NULL,NULL,NULL,"WF0000","2023-05-30 08:25:23","20230601","1000","QC7-8730-000","000","TAFJ","90.00","M/C","2","00"
"RA","1408250002","20230601","0800","48.00","6100","MRS1",NULL,NULL,NULL,"WF0000","2023-05-30 08:25:23","20230601","1000","QC7-8730-000","000","TAFJ","90.00","M/C","2","00"
"RA","1408250002","20230601","0800","148.00","6100","MRS1",NULL,NULL,NULL,"WF0000","2023-05-30 08:25:23","20230601","1100","QC7-8730-000","000","TAFJ","90.00","M/C","2","00"
"RA","1408250002","20230601","1300","128.00","6100","MRS1",NULL,NULL,NULL,"WF0000","2023-05-30 08:25:23","20230601","1400","QC7-8730-000","000","TAFJ","90.00","M/C","2","00"
"RA","1408250002","20230601","1300","148.00","6100","MRS1",NULL,NULL,NULL,"WF0000","2023-05-30 08:25:23","20230601","1300","QC7-8730-000","000","TAFJ","90.00","M/C","2","00"
"RA","1408250002","20230601","1500","148.00","6100","MRS1",NULL,NULL,NULL,"WF0000","2023-05-30 08:25:23","20230601","1500","QC7-8730-000","000","TAFJ","90.00","M/C","2","00"
"RA","1408250002","20230602","0100","188.00","6100","MRS1",NULL,NULL,NULL,"WF0000","2023-05-30 08:25:23","20230602","0400","QC7-8730-000","000","TAFJ","90.00","M/C","2","00"
"RA","1408250002","20230602","0800","44.00","6100","MRS1",NULL,NULL,NULL,"WF0000","2023-05-31 08:25:16","20230602","0800","QC7-8730-000","000","TAFJ","90.00","M/C","2","00"
"RA","1408250002","20230602","0800","48.00","6100","MRS1",NULL,NULL,NULL,"WF0000","2023-05-31 08:25:16","20230602","1000","QC7-8730-000","000","TAFJ","90.00","M/C","2","00"
"RA","1408250002","20230602","0800","128.00","6100","MRS1",NULL,NULL,NULL,"WF0000","2023-05-31 08:25:16","20230602","0900","QC7-8730-000","000","TAFJ","90.00","M/C","2","00"
"RA","1446090002","20241026","2000","8000.00","6100","MRS1",NULL,NULL,NULL,"WF0000","2024-10-24 08:21:42","20241026","1500","QC4-6467-000","000","M718","80.00","M/C","2","00"
"RA","1446090002","20241026","2000","8000.00","6100","MRS1",NULL,NULL,NULL,"WF0000","2024-10-24 08:21:42","20241026","2300","QC4-6467-000","000","M718","80.00","M/C","2","00"
"RA","1462770007","20230602","0800","92.00","6100","MRS1",NULL,NULL,NULL,"WF0000","2023-05-31 08:25:16","20230602","1000","QC7-8730-000","000","TAFJ","90.00","M/C","2","00"
"RA","1462770007","20230602","0800","148.00","6100","MRS1",NULL,NULL,NULL,"WF0000","2023-05-31 08:25:16","20230602","1100","QC7-8730-000","000","TAFJ","90.00","M/C","2","00"
"RA","1462770007","20230602","1300","128.00","6100","MRS1",NULL,NULL,NULL,"WF0000","2023-05-31 08:25:16","20230602","1400","QC7-8730-000","000","TAFJ","90.00","M/C","2","00"
"RA","1462770007","20230602","1300","148.00","6100","MRS1",NULL,NULL,NULL,"WF0000","2023-05-31 08:25:16","20230602","1300","QC7-8730-000","000","TAFJ","90.00","M/C","2","00"
"RA","1462770007","20230602","1500","148.00","6100","MRS1",NULL,NULL,NULL,"WF0000","2023-05-31 08:25:16","20230602","1500","QC7-8730-000","000","TAFJ","90.00","M/C","2","00"
"RA","1462770007","20230602","1500","184.00","6100","MRS1",NULL,NULL,NULL,"WF0000","2023-05-31 08:25:16","20230603","0400","QC7-8730-000","000","TAFJ","90.00","M/C","2","00"
"RA","1462770007","20230605","0800","88.00","6100","MRS1",NULL,NULL,NULL,"WF0000","2023-06-01 08:25:08","20230605","1000","QC7-8730-000","000","TAFJ","90.00","M/C","2","00"
"RA","1462770007","20230605","0800","96.00","6100","MRS1",NULL,NULL,NULL,"WF0000","2023-06-01 08:25:08","20230605","0800","QC7-8730-000","000","TAFJ","90.00","M/C","2","00"
"RA","1462770007","20230605","0800","132.00","6100","MRS1",NULL,NULL,NULL,"WF0000","2023-06-01 08:25:08","20230605","0900","QC7-8730-000","000","TAFJ","90.00","M/C","2","00"
"RA","1496120001","20241028","2000","8000.00","6100","MRS1",NULL,NULL,NULL,"WF0000","2024-10-25 08:21:32","20241028","2200","QC4-6467-000","000","M718","80.00","M/C","2","00"
"RA","1496120001","20241028","2000","8000.00","6100","MRS1",NULL,NULL,NULL,"WF0000","2024-10-25 08:21:32","20241029","0400","QC4-6467-000","000","M718","80.00","M/C","2","00"
"RA","1516140008","20230605","0800","48.00","6100","MRS1",NULL,NULL,NULL,"WF0000","2023-06-01 08:25:08","20230605","1000","QC7-8730-000","000","TAFJ","90.00","M/C","2","00"
"RA","1516140008","20230605","0800","152.00","6100","MRS1",NULL,NULL,NULL,"WF0000","2023-06-01 08:25:08","20230605","1100","QC7-8730-000","000","TAFJ","90.00","M/C","2","00"
"RA","1516140008","20230605","1300","132.00","6100","MRS1",NULL,NULL,NULL,"WF0000","2023-06-01 08:25:08","20230605","1400","QC7-8730-000","000","TAFJ","90.00","M/C","2","00"
"RA","1516140008","20230605","1300","148.00","6100","MRS1",NULL,NULL,NULL,"WF0000","2023-06-01 08:25:08","20230605","1300","QC7-8730-000","000","TAFJ","90.00","M/C","2","00"
"RA","1516140008","20230605","1500","148.00","6100","MRS1",NULL,NULL,NULL,"WF0000","2023-06-01 08:25:08","20230605","1500","QC7-8730-000","000","TAFJ","90.00","M/C","2","00"
"RA","1516140008","20230606","0100","188.00","6100","MRS1",NULL,NULL,NULL,"WF0000","2023-06-01 08:25:08","20230606","0400","QC7-8730-000","000","TAFJ","90.00","M/C","2","00"
"RA","1556040007","20241029","2000","8000.00","6100","MRS1",NULL,NULL,NULL,"WF0000","2024-10-26 08:20:11","20241029","2000","QC4-6467-000","000","M718","80.00","M/C","2","00"
"RA","1556040007","20241029","2000","8000.00","6100","MRS1",NULL,NULL,NULL,"WF0000","2024-10-26 08:20:11","20241030","0200","QC4-6467-000","000","M718","80.00","M/C","2","00"
"RA","1571880001","20230606","0800","4.00","6100","MRS1",NULL,NULL,NULL,"WF0000","2023-06-03 08:21:38","20230606","0800","QC7-8730-000","000","TAFJ","90.00","M/C","2","00"
"RA","1571880001","20230606","0800","72.00","6100","MRS1",NULL,NULL,NULL,"WF0000","2023-06-03 08:21:38","20230606","0900","QC7-8730-000","000","TAFJ","90.00","M/C","2","00"
"RA","1571880001","20230607","0800","20.00","6100","MRS1",NULL,NULL,NULL,"WF0000","2023-06-05 08:25:43","20230607","1000","QC7-8730-000","000","TAFJ","90.00","M/C","2","00"
"RA","1571880001","20230607","0800","56.00","6100","MRS1",NULL,NULL,NULL,"WF0000","2023-06-05 08:25:43","20230607","0900","QC7-8730-000","000","TAFJ","90.00","M/C","2","00"
"RA","1607520001","20241030","2000","8000.00","6100","MRS1",NULL,NULL,NULL,"WF0000","2024-10-28 08:20:57","20241030","1500","QC4-6467-000","000","M718","80.00","M/C","2","00"
"RA","1607520001","20241030","2000","8000.00","6100","MRS1",NULL,NULL,NULL,"WF0000","2024-10-28 08:20:57","20241030","2300","QC4-6467-000","000","M718","80.00","M/C","2","00"
"RA","1607520001","20241030","2000","8000.00","6100","MRS1",NULL,NULL,NULL,"WF0000","2024-10-28 08:20:57","20241031","0400","QC4-6467-000","000","M718","80.00","M/C","2","00"
"RA","1629740001","20230607","0800","128.00","6100","MRS1",NULL,NULL,NULL,"WF0000","2023-06-05 08:25:43","20230607","1000","QC7-8730-000","000","TAFJ","90.00","M/C","2","00"
"RA","1629740001","20230607","0800","152.00","6100","MRS1",NULL,NULL,NULL,"WF0000","2023-06-05 08:25:43","20230607","1100","QC7-8730-000","000","TAFJ","90.00","M/C","2","00"
"RA","1629740001","20230607","1300","96.00","6100","MRS1",NULL,NULL,NULL,"WF0000","2023-06-05 08:25:43","20230607","1300","QC7-8730-000","000","TAFJ","90.00","M/C","2","00"
"RA","1663650009","20241031","2000","8000.00","6100","MRS1",NULL,NULL,NULL,"WF0000","2024-10-29 08:24:40","20241031","1500","QC4-6467-000","000","M718","80.00","M/C","2","00"
"RA","1663650009","20241031","2000","8000.00","6100","MRS1",NULL,NULL,NULL,"WF0000","2024-10-29 08:24:40","20241031","2300","QC4-6467-000","000","M718","80.00","M/C","2","00"
"RA","1681770005","20230608","0800","124.00","6100","MRS1",NULL,NULL,NULL,"WF0000","2023-06-06 08:25:50","20230608","1100","QC7-8730-000","000","TAFJ","90.00","M/C","2","00"
"RA","1681770005","20230608","1300","132.00","6100","MRS1",NULL,NULL,NULL,"WF0000","2023-06-06 08:25:50","20230608","1400","QC7-8730-000","000","TAFJ","90.00","M/C","2","00"
"RA","1681770005","20230608","1300","148.00","6100","MRS1",NULL,NULL,NULL,"WF0000","2023-06-06 08:25:50","20230608","1300","QC7-8730-000","000","TAFJ","90.00","M/C","2","00"
"RA","1681770005","20230608","1500","48.00","6100","MRS1",NULL,NULL,NULL,"WF0000","2023-06-06 08:25:50","20230608","1500","QC7-8730-000","000","TAFJ","90.00","M/C","2","00"
"RA","1716490001","20241101","2000","8000.00","6100","MRS1",NULL,NULL,NULL,"WF0000","2024-10-30 08:22:35","20241101","1300","QC4-6467-000","000","M718","80.00","M/C","2","00"
"RA","1716490001","20241101","2000","8000.00","6100","MRS1",NULL,NULL,NULL,"WF0000","2024-10-30 08:22:35","20241101","1600","QC4-6467-000","000","M718","80.00","M/C","2","00"
"RA","1716490001","20241101","2000","8000.00","6100","MRS1",NULL,NULL,NULL,"WF0000","2024-10-30 08:22:35","20241102","0100","QC4-6467-000","000","M718","80.00","M/C","2","00"
"RA","1737660005","20230609","0800","16.00","6100","MRS1",NULL,NULL,NULL,"WF0000","2023-06-07 08:25:12","20230609","1000","QC7-8730-000","000","TAFJ","90.00","M/C","2","00"
"RA","1737660005","20230609","0800","20.00","6100","MRS1",NULL,NULL,NULL,"WF0000","2023-06-07 08:25:12","20230609","0800","QC7-8730-000","000","TAFJ","90.00","M/C","2","00"
"RA","1737660005","20230609","0800","148.00","6100","MRS1",NULL,NULL,NULL,"WF0000","2023-06-07 08:25:12","20230609","1100","QC7-8730-000","000","TAFJ","90.00","M/C","2","00"
"RA","1737660005","20230609","1300","128.00","6100","MRS1",NULL,NULL,NULL,"WF0000","2023-06-07 08:25:12","20230609","1400","QC7-8730-000","000","TAFJ","90.00","M/C","2","00"
"RA","1737660005","20230609","1300","148.00","6100","MRS1",NULL,NULL,NULL,"WF0000","2023-06-07 08:25:12","20230609","1300","QC7-8730-000","000","TAFJ","90.00","M/C","2","00"
"RA","1737660005","20230609","1500","148.00","6100","MRS1",NULL,NULL,NULL,"WF0000","2023-06-07 08:25:12","20230609","1500","QC7-8730-000","000","TAFJ","90.00","M/C","2","00"
"RA","1737660005","20230610","0100","188.00","6100","MRS1",NULL,NULL,NULL,"WF0000","2023-06-07 08:25:12","20230610","0400","QC7-8730-000","000","TAFJ","90.00","M/C","2","00"
"RA","1737660005","20230610","0800","32.00","6100","MRS1",NULL,NULL,NULL,"WF0000","2023-06-08 08:24:22","20230610","1000","QC7-8730-000","000","TAFJ","90.00","M/C","2","00"
"RA","1737660005","20230610","0800","128.00","6100","MRS1",NULL,NULL,NULL,"WF0000","2023-06-08 08:24:22","20230610","0900","QC7-8730-000","000","TAFJ","90.00","M/C","2","00"
"RA","1737660005","20230610","0800","144.00","6100","MRS1",NULL,NULL,NULL,"WF0000","2023-06-08 08:24:22","20230610","0800","QC7-8730-000","000","TAFJ","90.00","M/C","2","00"
"RA","1752820005","20230614","2200","8.00","6100","MRS1",NULL,NULL,NULL,"WF0000","2023-06-12 08:24:26","20230615","0400","QC7-8730-000","000","H653","10.00","M/C","2","00"
"RA","1770820003","20241102","2000","8000.00","6100","MRS1",NULL,NULL,NULL,"WF0000","2024-10-31 08:22:02","20241102","1400","QC4-6467-000","000","M718","80.00","M/C","2","00"
"RA","1770820003","20241102","2000","8000.00","6100","MRS1",NULL,NULL,NULL,"WF0000","2024-10-31 08:22:02","20241102","2100","QC4-6467-000","000","M718","80.00","M/C","2","00"
"RA","1770820003","20241102","2000","8000.00","6100","MRS1",NULL,NULL,NULL,"WF0000","2024-10-31 08:22:02","20241103","0400","QC4-6467-000","000","M718","80.00","M/C","2","00"
"RA","1791450002","20230610","0800","108.00","6100","MRS1",NULL,NULL,NULL,"WF0000","2023-06-08 08:24:22","20230610","1000","QC7-8730-000","000","TAFJ","90.00","M/C","2","00"
"RA","1791450002","20230610","0800","148.00","6100","MRS1",NULL,NULL,NULL,"WF0000","2023-06-08 08:24:22","20230610","1100","QC7-8730-000","000","TAFJ","90.00","M/C","2","00"
"RA","1791450002","20230610","1300","128.00","6100","MRS1",NULL,NULL,NULL,"WF0000","2023-06-08 08:24:22","20230610","1400","QC7-8730-000","000","TAFJ","90.00","M/C","2","00"
"RA","1791450002","20230610","1300","148.00","6100","MRS1",NULL,NULL,NULL,"WF0000","2023-06-08 08:24:22","20230610","1300","QC7-8730-000","000","TAFJ","90.00","M/C","2","00"
"RA","1791450002","20230610","1500","148.00","6100","MRS1",NULL,NULL,NULL,"WF0000","2023-06-08 08:24:22","20230610","1500","QC7-8730-000","000","TAFJ","90.00","M/C","2","00"
"RA","1791450002","20230610","1500","184.00","6100","MRS1",NULL,NULL,NULL,"WF0000","2023-06-08 08:24:22","20230611","0400","QC7-8730-000","000","TAFJ","90.00","M/C","2","00"
"RA","1791450002","20230612","0800","72.00","6100","MRS1",NULL,NULL,NULL,"WF0000","2023-06-09 08:23:23","20230612","1000","QC7-8730-000","000","TAFJ","90.00","M/C","2","00"
"RA","1791450002","20230612","0800","116.00","6100","MRS1",NULL,NULL,NULL,"WF0000","2023-06-09 08:23:23","20230612","0800","QC7-8730-000","000","TAFJ","90.00","M/C","2","00"
"RA","1791450002","20230612","0800","132.00","6100","MRS1",NULL,NULL,NULL,"WF0000","2023-06-09 08:23:23","20230612","0900","QC7-8730-000","000","TAFJ","90.00","M/C","2","00"
"RA","1828100003","20241104","2000","8000.00","6100","MRS1",NULL,NULL,NULL,"WF0000","2024-11-01 08:21:50","20241104","1300","QC4-6467-000","000","M718","80.00","M/C","2","00"
"RA","1828100003","20241104","2000","8000.00","6100","MRS1",NULL,NULL,NULL,"WF0000","2024-11-01 08:21:50","20241104","1600","QC4-6467-000","000","M718","80.00","M/C","2","00"
"RA","1828100003","20241104","2000","8000.00","6100","MRS1",NULL,NULL,NULL,"WF0000","2024-11-01 08:21:50","20241105","0300","QC4-6467-000","000","M718","80.00","M/C","2","00"
"RA","1848810005","20230612","0800","64.00","6100","MRS1",NULL,NULL,NULL,"WF0000","2023-06-09 08:23:24","20230612","1000","QC7-8730-000","000","TAFJ","90.00","M/C","2","00"
"RA","1848810005","20230612","0800","152.00","6100","MRS1",NULL,NULL,NULL,"WF0000","2023-06-09 08:23:24","20230612","1100","QC7-8730-000","000","TAFJ","90.00","M/C","2","00"
"RA","1848810005","20230612","1300","132.00","6100","MRS1",NULL,NULL,NULL,"WF0000","2023-06-09 08:23:24","20230612","1400","QC7-8730-000","000","TAFJ","90.00","M/C","2","00"
"RA","1848810005","20230612","1300","148.00","6100","MRS1",NULL,NULL,NULL,"WF0000","2023-06-09 08:23:24","20230612","1300","QC7-8730-000","000","TAFJ","90.00","M/C","2","00"
"RA","1848810005","20230612","1500","148.00","6100","MRS1",NULL,NULL,NULL,"WF0000","2023-06-09 08:23:24","20230612","1500","QC7-8730-000","000","TAFJ","90.00","M/C","2","00"
"RA","1848810005","20230613","0100","188.00","6100","MRS1",NULL,NULL,NULL,"WF0000","2023-06-09 08:23:24","20230613","0400","QC7-8730-000","000","TAFJ","90.00","M/C","2","00"
"RA","1848810005","20230613","0800","44.00","6100","MRS1",NULL,NULL,NULL,"WF0000","2023-06-10 08:23:43","20230613","1000","QC7-8730-000","000","TAFJ","90.00","M/C","2","00"
"RA","1848810005","20230613","0800","104.00","6100","MRS1",NULL,NULL,NULL,"WF0000","2023-06-10 08:23:43","20230613","0800","QC7-8730-000","000","TAFJ","90.00","M/C","2","00"
"RA","1848810005","20230613","0800","132.00","6100","MRS1",NULL,NULL,NULL,"WF0000","2023-06-10 08:23:43","20230613","0900","QC7-8730-000","000","TAFJ","90.00","M/C","2","00"
"RA","1886560006","20241105","2000","8000.00","6100","MRS1",NULL,NULL,NULL,"WF0000","2024-11-02 08:19:52","20241105","1300","QC4-6467-000","000","M718","80.00","M/C","2","00"
"RA","1886560006","20241105","2000","8000.00","6100","MRS1",NULL,NULL,NULL,"WF0000","2024-11-02 08:19:52","20241105","2000","QC4-6467-000","000","M718","80.00","M/C","2","00"
"RA","1886560006","20241105","2000","8000.00","6100","MRS1",NULL,NULL,NULL,"WF0000","2024-11-02 08:19:52","20241106","0400","QC4-6467-000","000","M718","80.00","M/C","2","00"
"RA","1901270007","20230613","0800","104.00","6100","MRS1",NULL,NULL,NULL,"WF0000","2023-06-10 08:23:43","20230613","1000","QC7-8730-000","000","TAFJ","90.00","M/C","2","00"
"RA","1901270007","20230613","0800","152.00","6100","MRS1",NULL,NULL,NULL,"WF0000","2023-06-10 08:23:43","20230613","1100","QC7-8730-000","000","TAFJ","90.00","M/C","2","00"
"RA","1901270007","20230613","1300","132.00","6100","MRS1",NULL,NULL,NULL,"WF0000","2023-06-10 08:23:43","20230613","1400","QC7-8730-000","000","TAFJ","90.00","M/C","2","00"
"RA","1901270007","20230613","1300","148.00","6100","MRS1",NULL,NULL,NULL,"WF0000","2023-06-10 08:23:43","20230613","1300","QC7-8730-000","000","TAFJ","90.00","M/C","2","00"
"RA","1901270007","20230613","1500","148.00","6100","MRS1",NULL,NULL,NULL,"WF0000","2023-06-10 08:23:43","20230613","1500","QC7-8730-000","000","TAFJ","90.00","M/C","2","00"
"RA","1901270007","20230614","0100","188.00","6100","MRS1",NULL,NULL,NULL,"WF0000","2023-06-10 08:23:43","20230614","0400","QC7-8730-000","000","TAFJ","90.00","M/C","2","00"
"RA","1901270007","20230614","0800","84.00","6100","MRS1",NULL,NULL,NULL,"WF0000","2023-06-12 08:24:25","20230614","1000","QC7-8730-000","000","TAFJ","90.00","M/C","2","00"
"RA","1901270007","20230614","0800","104.00","6100","MRS1",NULL,NULL,NULL,"WF0000","2023-06-12 08:24:25","20230614","0800","QC7-8730-000","000","TAFJ","90.00","M/C","2","00"
"RA","1901270007","20230614","0800","132.00","6100","MRS1",NULL,NULL,NULL,"WF0000","2023-06-12 08:24:25","20230614","0900","QC7-8730-000","000","TAFJ","90.00","M/C","2","00"
"RA","1944770002","20241106","2000","8000.00","6100","MRS1",NULL,NULL,NULL,"WF0000","2024-11-04 08:20:06","20241106","2300","QC4-6467-000","000","M718","80.00","M/C","2","00"
"RA","1944770002","20241106","2000","8000.00","6100","MRS1",NULL,NULL,NULL,"WF0000","2024-11-04 08:20:06","20241107","0400","QC4-6467-000","000","M718","80.00","M/C","2","00"
"RA","1956940007","20230614","0800","64.00","6100","MRS1",NULL,NULL,NULL,"WF0000","2023-06-12 08:24:25","20230614","1000","QC7-8730-000","000","TAFJ","90.00","M/C","2","00"
"RA","1956940007","20230614","0800","152.00","6100","MRS1",NULL,NULL,NULL,"WF0000","2023-06-12 08:24:25","20230614","1100","QC7-8730-000","000","TAFJ","90.00","M/C","2","00"
"RA","1956940007","20230614","1300","132.00","6100","MRS1",NULL,NULL,NULL,"WF0000","2023-06-12 08:24:25","20230614","1400","QC7-8730-000","000","TAFJ","90.00","M/C","2","00"
"RA","1956940007","20230614","1300","148.00","6100","MRS1",NULL,NULL,NULL,"WF0000","2023-06-12 08:24:25","20230614","1300","QC7-8730-000","000","TAFJ","90.00","M/C","2","00"
"RA","1956940007","20230614","1500","148.00","6100","MRS1",NULL,NULL,NULL,"WF0000","2023-06-12 08:24:25","20230614","1500","QC7-8730-000","000","TAFJ","90.00","M/C","2","00"
"RA","1956940007","20230615","0100","160.00","6100","MRS1",NULL,NULL,NULL,"WF0000","2023-06-12 08:24:25","20230615","0400","QC7-8730-000","000","TAFJ","90.00","M/C","2","00"
"RA","1956940007","20230615","0800","4.00","6100","MRS1",NULL,NULL,NULL,"WF0000","2023-06-13 08:24:29","20230615","0800","QC7-8730-000","000","TAFJ","90.00","M/C","2","00"
"RA","2002980003","20241107","2000","8000.00","6100","MRS1",NULL,NULL,NULL,"WF0000","2024-11-05 08:21:01","20241108","0400","QC4-6467-000","000","M718","80.00","M/C","2","00"
"RA","2016790001","20230615","0800","68.00","6100","MRS1",NULL,NULL,NULL,"WF0000","2023-06-13 08:24:29","20230615","0800","QC7-8730-000","000","TAFJ","90.00","M/C","2","00"
"RA","2016790001","20230615","1300","88.00","6100","MRS1",NULL,NULL,NULL,"WF0000","2023-06-13 08:24:29","20230615","1400","QC7-8730-000","000","TAFJ","90.00","M/C","2","00"
"RA","2016790001","20230615","1500","148.00","6100","MRS1",NULL,NULL,NULL,"WF0000","2023-06-13 08:24:29","20230615","1500","QC7-8730-000","000","TAFJ","90.00","M/C","2","00"
"RA","2016790001","20230616","0100","188.00","6100","MRS1",NULL,NULL,NULL,"WF0000","2023-06-13 08:24:29","20230616","0400","QC7-8730-000","000","TAFJ","90.00","M/C","2","00"
"RA","2016790001","20230616","0800","68.00","6100","MRS1",NULL,NULL,NULL,"WF0000","2023-06-14 08:26:07","20230616","1000","QC7-8730-000","000","TAFJ","90.00","M/C","2","00"
"RA","2016790001","20230616","0800","84.00","6100","MRS1",NULL,NULL,NULL,"WF0000","2023-06-14 08:26:07","20230616","0800","QC7-8730-000","000","TAFJ","90.00","M/C","2","00"
"RA","2016790001","20230616","0800","128.00","6100","MRS1",NULL,NULL,NULL,"WF0000","2023-06-14 08:26:07","20230616","0900","QC7-8730-000","000","TAFJ","90.00","M/C","2","00"
"RA","2084120000","20230616","0800","72.00","6100","MRS1",NULL,NULL,NULL,"WF0000","2023-06-14 08:26:07","20230616","1000","QC7-8730-000","000","TAFJ","90.00","M/C","2","00"
"RA","2084120000","20230616","0800","148.00","6100","MRS1",NULL,NULL,NULL,"WF0000","2023-06-14 08:26:07","20230616","1100","QC7-8730-000","000","TAFJ","90.00","M/C","2","00"
"RA","2084120000","20230616","1300","128.00","6100","MRS1",NULL,NULL,NULL,"WF0000","2023-06-14 08:26:07","20230616","1400","QC7-8730-000","000","TAFJ","90.00","M/C","2","00"
"RA","2084120000","20230616","1300","148.00","6100","MRS1",NULL,NULL,NULL,"WF0000","2023-06-14 08:26:07","20230616","1300","QC7-8730-000","000","TAFJ","90.00","M/C","2","00"
"RA","2084120000","20230616","1500","148.00","6100","MRS1",NULL,NULL,NULL,"WF0000","2023-06-14 08:26:07","20230616","1500","QC7-8730-000","000","TAFJ","90.00","M/C","2","00"
"RA","2084120000","20230616","1500","184.00","6100","MRS1",NULL,NULL,NULL,"WF0000","2023-06-14 08:26:07","20230617","0400","QC7-8730-000","000","TAFJ","90.00","M/C","2","00"
"RA","2084120000","20230619","0800","104.00","6100","MRS1",NULL,NULL,NULL,"WF0000","2023-06-15 08:24:35","20230619","1000","QC7-8730-000","000","TAFJ","90.00","M/C","2","00"
"RA","2084120000","20230619","0800","132.00","6100","MRS1",NULL,NULL,NULL,"WF0000","2023-06-15 08:24:35","20230619","0900","QC7-8730-000","000","TAFJ","90.00","M/C","2","00"
"RA","2084120000","20230619","0800","136.00","6100","MRS1",NULL,NULL,NULL,"WF0000","2023-06-15 08:24:35","20230619","0800","QC7-8730-000","000","TAFJ","90.00","M/C","2","00"
"RA","2142690001","20230619","0800","32.00","6100","MRS1",NULL,NULL,NULL,"WF0000","2023-06-15 08:24:35","20230619","1000","QC7-8730-000","000","TAFJ","90.00","M/C","2","00"
"RA","2142690001","20230619","0800","152.00","6100","MRS1",NULL,NULL,NULL,"WF0000","2023-06-15 08:24:35","20230619","1100","QC7-8730-000","000","TAFJ","90.00","M/C","2","00"
"RA","2142690001","20230619","1300","132.00","6100","MRS1",NULL,NULL,NULL,"WF0000","2023-06-15 08:24:35","20230619","1400","QC7-8730-000","000","TAFJ","90.00","M/C","2","00"
"RA","2142690001","20230619","1300","148.00","6100","MRS1",NULL,NULL,NULL,"WF0000","2023-06-15 08:24:35","20230619","1300","QC7-8730-000","000","TAFJ","90.00","M/C","2","00"
"RA","2142690001","20230619","1500","148.00","6100","MRS1",NULL,NULL,NULL,"WF0000","2023-06-15 08:24:35","20230619","1500","QC7-8730-000","000","TAFJ","90.00","M/C","2","00"
"RA","2142690001","20230620","0100","188.00","6100","MRS1",NULL,NULL,NULL,"WF0000","2023-06-15 08:24:35","20230620","0400","QC7-8730-000","000","TAFJ","90.00","M/C","2","00"
"RA","2248110002","20230622","0100","112.00","6100","MRS1",NULL,NULL,NULL,"WF0000","2023-06-19 08:23:24","20230622","0400","QC7-8730-000","000","TAFJ","90.00","M/C","2","00"
"RA","2248110002","20230622","0800","96.00","6100","MRS1",NULL,NULL,NULL,"WF0000","2023-06-20 08:23:56","20230622","1000","QC7-8730-000","000","TAFJ","90.00","M/C","2","00"
"RA","2248110002","20230622","0800","132.00","6100","MRS1",NULL,NULL,NULL,"WF0000","2023-06-20 08:23:56","20230622","0800","QC7-8730-000","000","TAFJ","90.00","M/C","2","00"
"RA","2248110002","20230622","0800","132.00","6100","MRS1",NULL,NULL,NULL,"WF0000","2023-06-20 08:23:56","20230622","0900","QC7-8730-000","000","TAFJ","90.00","M/C","2","00"
"RA","2301820003","20241118","2000","8000.00","6100","MRS1",NULL,NULL,NULL,"WF0000","2024-11-13 08:21:51","20241119","0400","QC4-6467-000","000","M718","80.00","M/C","3","00"
"RA","2306860001","20230622","0800","52.00","6100","MRS1",NULL,NULL,NULL,"WF0000","2023-06-20 08:23:56","20230622","1000","QC7-8730-000","000","TAFJ","90.00","M/C","2","00"
"RA","2306860001","20230622","0800","148.00","6100","MRS1",NULL,NULL,NULL,"WF0000","2023-06-20 08:23:56","20230622","1100","QC7-8730-000","000","TAFJ","90.00","M/C","2","00"
"RA","2306860001","20230622","1300","128.00","6100","MRS1",NULL,NULL,NULL,"WF0000","2023-06-20 08:23:56","20230622","1400","QC7-8730-000","000","TAFJ","90.00","M/C","2","00"
"RA","2306860001","20230622","1300","148.00","6100","MRS1",NULL,NULL,NULL,"WF0000","2023-06-20 08:23:56","20230622","1300","QC7-8730-000","000","TAFJ","90.00","M/C","2","00"
"RA","2306860001","20230622","1500","148.00","6100","MRS1",NULL,NULL,NULL,"WF0000","2023-06-20 08:23:56","20230622","1500","QC7-8730-000","000","TAFJ","90.00","M/C","2","00"
"RA","2306860001","20230623","0100","188.00","6100","MRS1",NULL,NULL,NULL,"WF0000","2023-06-20 08:23:56","20230623","0400","QC7-8730-000","000","TAFJ","90.00","M/C","2","00"
"RA","2306860001","20230623","0800","52.00","6100","MRS1",NULL,NULL,NULL,"WF0000","2023-06-21 08:27:14","20230623","1000","QC7-8730-000","000","TAFJ","90.00","M/C","2","00"
"RA","2306860001","20230623","0800","120.00","6100","MRS1",NULL,NULL,NULL,"WF0000","2023-06-21 08:27:14","20230623","0800","QC7-8730-000","000","TAFJ","90.00","M/C","2","00"
"RA","2306860001","20230623","0800","128.00","6100","MRS1",NULL,NULL,NULL,"WF0000","2023-06-21 08:27:14","20230623","0900","QC7-8730-000","000","TAFJ","90.00","M/C","2","00"
"RA","2386990005","20230623","0800","88.00","6100","MRS1",NULL,NULL,NULL,"WF0000","2023-06-21 08:27:15","20230623","1000","QC7-8730-000","000","TAFJ","90.00","M/C","2","00"
"RA","2386990005","20230623","0800","148.00","6100","MRS1",NULL,NULL,NULL,"WF0000","2023-06-21 08:27:15","20230623","1100","QC7-8730-000","000","TAFJ","90.00","M/C","2","00"
"RA","2386990005","20230623","1300","128.00","6100","MRS1",NULL,NULL,NULL,"WF0000","2023-06-21 08:27:15","20230623","1400","QC7-8730-000","000","TAFJ","90.00","M/C","2","00"
"RA","2386990005","20230623","1300","148.00","6100","MRS1",NULL,NULL,NULL,"WF0000","2023-06-21 08:27:15","20230623","1300","QC7-8730-000","000","TAFJ","90.00","M/C","2","00"
"RA","2386990005","20230623","1500","148.00","6100","MRS1",NULL,NULL,NULL,"WF0000","2023-06-21 08:27:15","20230623","1500","QC7-8730-000","000","TAFJ","90.00","M/C","2","00"
"RA","2386990005","20230623","1500","184.00","6100","MRS1",NULL,NULL,NULL,"WF0000","2023-06-21 08:27:15","20230624","0400","QC7-8730-000","000","TAFJ","90.00","M/C","2","00"
"RA","2386990005","20230626","0800","92.00","6100","MRS1",NULL,NULL,NULL,"WF0000","2023-06-22 08:25:03","20230626","0800","QC7-8730-000","000","TAFJ","90.00","M/C","2","00"
"RA","2386990005","20230626","0800","92.00","6100","MRS1",NULL,NULL,NULL,"WF0000","2023-06-22 08:25:03","20230626","1000","QC7-8730-000","000","TAFJ","90.00","M/C","2","00"
"RA","2386990005","20230626","0800","132.00","6100","MRS1",NULL,NULL,NULL,"WF0000","2023-06-22 08:25:03","20230626","0900","QC7-8730-000","000","TAFJ","90.00","M/C","2","00"
"RA","2438520002","20230626","0800","44.00","6100","MRS1",NULL,NULL,NULL,"WF0000","2023-06-22 08:25:03","20230626","1000","QC7-8730-000","000","TAFJ","90.00","M/C","2","00"
"RA","2438520002","20230626","0800","152.00","6100","MRS1",NULL,NULL,NULL,"WF0000","2023-06-22 08:25:03","20230626","1100","QC7-8730-000","000","TAFJ","90.00","M/C","2","00"
"RA","2438520002","20230626","1300","132.00","6100","MRS1",NULL,NULL,NULL,"WF0000","2023-06-22 08:25:03","20230626","1400","QC7-8730-000","000","TAFJ","90.00","M/C","2","00"
"RA","2438520002","20230626","1300","148.00","6100","MRS1",NULL,NULL,NULL,"WF0000","2023-06-22 08:25:03","20230626","1300","QC7-8730-000","000","TAFJ","90.00","M/C","2","00"
"RA","2438520002","20230626","1500","148.00","6100","MRS1",NULL,NULL,NULL,"WF0000","2023-06-22 08:25:03","20230626","1500","QC7-8730-000","000","TAFJ","90.00","M/C","2","00"
"RA","2438520002","20230627","0100","188.00","6100","MRS1",NULL,NULL,NULL,"WF0000","2023-06-22 08:25:03","20230627","0400","QC7-8730-000","000","TAFJ","90.00","M/C","2","00"
"RA","2490980008","20230627","0800","24.00","6100","MRS1",NULL,NULL,NULL,"WF0000","2023-06-24 08:21:28","20230627","1000","QC7-8730-000","000","TAFJ","90.00","M/C","2","00"
"RA","2490980008","20230627","0800","80.00","6100","MRS1",NULL,NULL,NULL,"WF0000","2023-06-24 08:21:28","20230627","0800","QC7-8730-000","000","TAFJ","90.00","M/C","2","00"
"RA","2490980008","20230627","0800","132.00","6100","MRS1",NULL,NULL,NULL,"WF0000","2023-06-24 08:21:28","20230627","0900","QC7-8730-000","000","TAFJ","90.00","M/C","2","00"
"RA","2490980008","20230628","0800","24.00","6100","MRS1",NULL,NULL,NULL,"WF0000","2023-06-26 08:23:21","20230628","1000","QC7-8730-000","000","TAFJ","90.00","M/C","2","00"
"RA","2490980008","20230628","0800","80.00","6100","MRS1",NULL,NULL,NULL,"WF0000","2023-06-26 08:23:21","20230628","0800","QC7-8730-000","000","TAFJ","90.00","M/C","2","00"
"RA","2490980008","20230628","0800","132.00","6100","MRS1",NULL,NULL,NULL,"WF0000","2023-06-26 08:23:21","20230628","0900","QC7-8730-000","000","TAFJ","90.00","M/C","2","00"
"RA","2545660006","20230628","0800","124.00","6100","MRS1",NULL,NULL,NULL,"WF0000","2023-06-26 08:23:21","20230628","1000","QC7-8730-000","000","TAFJ","90.00","M/C","2","00"
"RA","2545660006","20230628","0800","152.00","6100","MRS1",NULL,NULL,NULL,"WF0000","2023-06-26 08:23:21","20230628","1100","QC7-8730-000","000","TAFJ","90.00","M/C","2","00"
"RA","2545660006","20230628","1300","132.00","6100","MRS1",NULL,NULL,NULL,"WF0000","2023-06-26 08:23:21","20230628","1400","QC7-8730-000","000","TAFJ","90.00","M/C","2","00"
"RA","2545660006","20230628","1300","148.00","6100","MRS1",NULL,NULL,NULL,"WF0000","2023-06-26 08:23:21","20230628","1300","QC7-8730-000","000","TAFJ","90.00","M/C","2","00"
"RA","2545660006","20230628","1500","104.00","6100","MRS1",NULL,NULL,NULL,"WF0000","2023-06-26 08:23:21","20230628","1500","QC7-8730-000","000","TAFJ","90.00","M/C","2","00"
"RA","2600870009","20230629","1500","4.00","6100","MRS1",NULL,NULL,NULL,"WF0000","2023-06-27 08:28:43","20230629","1500","QC7-8730-000","000","TAFJ","90.00","M/C","2","00"
"RA","2600870009","20230630","0100","188.00","6100","MRS1",NULL,NULL,NULL,"WF0000","2023-06-27 08:28:43","20230630","0400","QC7-8730-000","000","TAFJ","90.00","M/C","2","00"
"RA","2600870009","20230630","0800","72.00","6100","MRS1",NULL,NULL,NULL,"WF0000","2023-06-28 08:27:20","20230630","0900","QC7-8730-000","000","TAFJ","90.00","M/C","2","00"
"RA","2600870009","20230630","0800","120.00","6100","MRS1",NULL,NULL,NULL,"WF0000","2023-06-28 08:27:20","20230630","1000","QC7-8730-000","000","TAFJ","90.00","M/C","2","00"
"RA","2654660008","20230630","0800","16.00","6100","MRS1",NULL,NULL,NULL,"WF0000","2023-06-28 08:27:20","20230630","1000","QC7-8730-000","000","TAFJ","90.00","M/C","2","00"
"RA","2654660008","20230630","0800","148.00","6100","MRS1",NULL,NULL,NULL,"WF0000","2023-06-28 08:27:20","20230630","1100","QC7-8730-000","000","TAFJ","90.00","M/C","2","00"
"RA","2654660008","20230630","1300","128.00","6100","MRS1",NULL,NULL,NULL,"WF0000","2023-06-28 08:27:20","20230630","1400","QC7-8730-000","000","TAFJ","90.00","M/C","2","00"
"RA","2654660008","20230630","1300","148.00","6100","MRS1",NULL,NULL,NULL,"WF0000","2023-06-28 08:27:20","20230630","1300","QC7-8730-000","000","TAFJ","90.00","M/C","2","00"
"RA","2654660008","20230630","1500","132.00","6100","MRS1",NULL,NULL,NULL,"WF0000","2023-06-28 08:27:20","20230701","0400","QC7-8730-000","000","TAFJ","90.00","M/C","2","00"
"RA","2654660008","20230630","1500","148.00","6100","MRS1",NULL,NULL,NULL,"WF0000","2023-06-28 08:27:20","20230630","1500","QC7-8730-000","000","TAFJ","90.00","M/C","2","00"
"RA","2658090002","20260317","1000","80.00","6100","MRS1",NULL,NULL,NULL,"WF0000","2026-03-13 00:00:00","20260317","1100","QC5-2416-000","000","SAPN","100.00","M/C","2","00"
"RA","2658090002","20260317","1000","160.00","6100","MRS1",NULL,NULL,NULL,"WF0000","2026-03-13 00:00:00","20260317","1000","QC5-2416-000","000","SAPN","100.00","M/C","2","00"
"RA","2658090002","20260317","1000","160.00","6100","MRS1",NULL,NULL,NULL,"WF0000","2026-03-13 00:00:00","20260317","1300","QC5-2416-000","000","SAPN","100.00","M/C","2","00"
"RA","2658090002","20260317","1400","160.00","6100","MRS1",NULL,NULL,NULL,"WF0000","2026-03-13 00:00:00","20260317","1400","QC5-2416-000","000","SAPN","100.00","M/C","2","00"
"RA","2658090002","20260317","1400","160.00","6100","MRS1",NULL,NULL,NULL,"WF0000","2026-03-13 00:00:00","20260317","1500","QC5-2416-000","000","SAPN","100.00","M/C","2","00"
"RA","2658090002","20260317","1400","160.00","6100","MRS1",NULL,NULL,NULL,"WF0000","2026-03-13 00:00:00","20260317","1600","QC5-2416-000","000","SAPN","100.00","M/C","2","00"
"RA","2658090002","20260317","1400","160.00","6100","MRS1",NULL,NULL,NULL,"WF0000","2026-03-13 00:00:00","20260317","2000","QC5-2416-000","000","SAPN","100.00","M/C","2","00"
"RA","2658090002","20260317","1400","160.00","6100","MRS1",NULL,NULL,NULL,"WF0000","2026-03-13 00:00:00","20260317","2100","QC5-2416-000","000","SAPN","100.00","M/C","2","00"
"RA","2658090002","20260317","2200","80.00","6100","MRS1",NULL,NULL,NULL,"WF0000","2026-03-13 00:00:00","20260317","2300","QC5-2416-000","000","SAPN","100.00","M/C","2","00"
"RA","2658090002","20260317","2200","80.00","6100","MRS1",NULL,NULL,NULL,"WF0000","2026-03-13 00:00:00","20260318","0300","QC5-2416-000","000","SAPN","100.00","M/C","2","00"
"RA","2658090002","20260317","2200","160.00","6100","MRS1",NULL,NULL,NULL,"WF0000","2026-03-13 00:00:00","20260317","2200","QC5-2416-000","000","SAPN","100.00","M/C","2","00"
"RA","2658100001","20260317","1000","120.00","6100","MRS1",NULL,NULL,NULL,"WF0000","2026-03-13 00:00:00","20260317","1000","QC5-2417-000","000","SAPN","100.00","M/C","2","00"
"RA","2658100001","20260317","1000","160.00","6100","MRS1",NULL,NULL,NULL,"WF0000","2026-03-13 00:00:00","20260317","1100","QC5-2417-000","000","SAPN","100.00","M/C","2","00"
"RA","2658100001","20260317","1000","160.00","6100","MRS1",NULL,NULL,NULL,"WF0000","2026-03-13 00:00:00","20260317","1300","QC5-2417-000","000","SAPN","100.00","M/C","2","00"
"RA","2658100001","20260317","1400","140.00","6100","MRS1",NULL,NULL,NULL,"WF0000","2026-03-13 00:00:00","20260317","1400","QC5-2417-000","000","SAPN","100.00","M/C","2","00"
"RA","2658100001","20260317","1400","140.00","6100","MRS1",NULL,NULL,NULL,"WF0000","2026-03-13 00:00:00","20260317","1500","QC5-2417-000","000","SAPN","100.00","M/C","2","00"
"RA","2658100001","20260317","1400","160.00","6100","MRS1",NULL,NULL,NULL,"WF0000","2026-03-13 00:00:00","20260317","1600","QC5-2417-000","000","SAPN","100.00","M/C","2","00"
"RA","2658100001","20260317","1400","160.00","6100","MRS1",NULL,NULL,NULL,"WF0000","2026-03-13 00:00:00","20260317","2100","QC5-2417-000","000","SAPN","100.00","M/C","2","00"
"RA","2658100001","20260317","1400","200.00","6100","MRS1",NULL,NULL,NULL,"WF0000","2026-03-13 00:00:00","20260317","2000","QC5-2417-000","000","SAPN","100.00","M/C","2","00"
"RA","2658100001","20260317","2200","20.00","6100","MRS1",NULL,NULL,NULL,"WF0000","2026-03-13 00:00:00","20260318","0300","QC5-2417-000","000","SAPN","100.00","M/C","2","00"
"RA","2658100001","20260317","2200","120.00","6100","MRS1",NULL,NULL,NULL,"WF0000","2026-03-13 00:00:00","20260317","2200","QC5-2417-000","000","SAPN","100.00","M/C","2","00"
"RA","2658100001","20260317","2200","140.00","6100","MRS1",NULL,NULL,NULL,"WF0000","2026-03-13 00:00:00","20260318","0200","QC5-2417-000","000","SAPN","100.00","M/C","2","00"
"RA","2658110007","20260317","1000","140.00","6100","MRS1",NULL,NULL,NULL,"WF0000","2026-03-13 00:00:00","20260317","1000","QC5-2418-000","000","SAPN","100.00","M/C","2","00"
"RA","2658110007","20260317","1000","140.00","6100","MRS1",NULL,NULL,NULL,"WF0000","2026-03-13 00:00:00","20260317","1100","QC5-2418-000","000","SAPN","100.00","M/C","2","00"
"RA","2658110007","20260317","1000","160.00","6100","MRS1",NULL,NULL,NULL,"WF0000","2026-03-13 00:00:00","20260317","1300","QC5-2418-000","000","SAPN","100.00","M/C","2","00"
"RA","2658110007","20260317","1400","140.00","6100","MRS1",NULL,NULL,NULL,"WF0000","2026-03-13 00:00:00","20260317","1500","QC5-2418-000","000","SAPN","100.00","M/C","2","00"
"RA","2658110007","20260317","1400","160.00","6100","MRS1",NULL,NULL,NULL,"WF0000","2026-03-13 00:00:00","20260317","1400","QC5-2418-000","000","SAPN","100.00","M/C","2","00"
"RA","2658110007","20260317","1400","160.00","6100","MRS1",NULL,NULL,NULL,"WF0000","2026-03-13 00:00:00","20260317","1600","QC5-2418-000","000","SAPN","100.00","M/C","2","00"
"RA","2658110007","20260317","1400","160.00","6100","MRS1",NULL,NULL,NULL,"WF0000","2026-03-13 00:00:00","20260317","2100","QC5-2418-000","000","SAPN","100.00","M/C","2","00"
"RA","2658110007","20260317","1400","180.00","6100","MRS1",NULL,NULL,NULL,"WF0000","2026-03-13 00:00:00","20260317","2000","QC5-2418-000","000","SAPN","100.00","M/C","2","00"
"RA","2658110007","20260317","2200","140.00","6100","MRS1",NULL,NULL,NULL,"WF0000","2026-03-13 00:00:00","20260317","2200","QC5-2418-000","000","SAPN","100.00","M/C","2","00"
"RA","2658110007","20260317","2200","140.00","6100","MRS1",NULL,NULL,NULL,"WF0000","2026-03-13 00:00:00","20260317","2300","QC5-2418-000","000","SAPN","100.00","M/C","2","00"
"RA","2708970003","20230703","0800","16.00","6100","MRS1",NULL,NULL,NULL,"WF0000","2023-06-29 08:24:41","20230703","0800","QC7-8730-000","000","TAFJ","90.00","M/C","2","00"
"RA","2708970003","20230703","0800","88.00","6100","MRS1",NULL,NULL,NULL,"WF0000","2023-06-29 08:24:41","20230703","1100","QC7-8730-000","000","TAFJ","90.00","M/C","2","00"
"RA","2708970003","20230703","1300","128.00","6100","MRS1",NULL,NULL,NULL,"WF0000","2023-06-29 08:24:41","20230703","1400","QC7-8730-000","000","TAFJ","90.00","M/C","2","00"
"RA","2708970003","20230703","1300","152.00","6100","MRS1",NULL,NULL,NULL,"WF0000","2023-06-29 08:24:41","20230703","1300","QC7-8730-000","000","TAFJ","90.00","M/C","2","00"
"RA","2708970003","20230703","1500","152.00","6100","MRS1",NULL,NULL,NULL,"WF0000","2023-06-29 08:24:41","20230703","1500","QC7-8730-000","000","TAFJ","90.00","M/C","2","00"
"RA","2708970003","20230704","0100","188.00","6100","MRS1",NULL,NULL,NULL,"WF0000","2023-06-29 08:24:41","20230704","0400","QC7-8730-000","000","TAFJ","90.00","M/C","2","00"
"RA","2767820003","20230704","0800","48.00","6100","MRS1",NULL,NULL,NULL,"WF0000","2023-07-01 08:23:23","20230704","0900","QC7-8730-000","000","TAFJ","90.00","M/C","2","00"
"RA","2767820003","20230704","0800","60.00","6100","MRS1",NULL,NULL,NULL,"WF0000","2023-07-01 08:23:23","20230704","1100","QC7-8730-000","000","TAFJ","90.00","M/C","2","00"
"RA","2767820003","20230704","0800","148.00","6100","MRS1",NULL,NULL,NULL,"WF0000","2023-07-01 08:23:23","20230704","1000","QC7-8730-000","000","TAFJ","90.00","M/C","2","00"
"RA","2767820003","20230705","0800","48.00","6100","MRS1",NULL,NULL,NULL,"WF0000","2023-07-03 08:27:09","20230705","1000","QC7-8730-000","000","TAFJ","90.00","M/C","2","00"
"RA","2767820003","20230705","0800","72.00","6100","MRS1",NULL,NULL,NULL,"WF0000","2023-07-03 08:27:09","20230705","0800","QC7-8730-000","000","TAFJ","90.00","M/C","2","00"
"RA","2767820003","20230705","0800","136.00","6100","MRS1",NULL,NULL,NULL,"WF0000","2023-07-03 08:27:09","20230705","0900","QC7-8730-000","000","TAFJ","90.00","M/C","2","00"
"RA","2781530003","20230707","1500","104.00","6100","MRS1",NULL,NULL,NULL,"WF0000","2023-07-05 08:26:39","20230707","1500","QC7-8730-000","000","H653","10.00","M/C","2","00"
"RA","2824220005","20230704","0800","4.00","6100","MRS1",NULL,NULL,NULL,"WF0000","2023-07-01 08:23:23","20230704","1100","QC7-8730-000","000","TAFJ","90.00","M/C","2","00"
"RA","2824220005","20230705","0800","4.00","6100","MRS1",NULL,NULL,NULL,"WF0000","2023-07-03 08:27:09","20230705","1000","QC7-8730-000","000","TAFJ","90.00","M/C","2","00"
"RA","2824230001","20230705","0800","96.00","6100","MRS1",NULL,NULL,NULL,"WF0000","2023-07-03 08:27:09","20230705","1000","QC7-8730-000","000","TAFJ","90.00","M/C","2","00"
"RA","2824230001","20230705","0800","148.00","6100","MRS1",NULL,NULL,NULL,"WF0000","2023-07-03 08:27:09","20230705","1100","QC7-8730-000","000","TAFJ","90.00","M/C","2","00"
"RA","2824230001","20230705","1300","128.00","6100","MRS1",NULL,NULL,NULL,"WF0000","2023-07-03 08:27:09","20230705","1400","QC7-8730-000","000","TAFJ","90.00","M/C","2","00"
"RA","2824230001","20230705","1300","152.00","6100","MRS1",NULL,NULL,NULL,"WF0000","2023-07-03 08:27:09","20230705","1300","QC7-8730-000","000","TAFJ","90.00","M/C","2","00"
"RA","2824230001","20230705","1500","152.00","6100","MRS1",NULL,NULL,NULL,"WF0000","2023-07-03 08:27:09","20230705","1500","QC7-8730-000","000","TAFJ","90.00","M/C","2","00"
"RA","2824230001","20230706","0100","188.00","6100","MRS1",NULL,NULL,NULL,"WF0000","2023-07-03 08:27:09","20230706","0400","QC7-8730-000","000","TAFJ","90.00","M/C","2","00"
"RA","2824230001","20230706","0800","88.00","6100","MRS1",NULL,NULL,NULL,"WF0000","2023-07-04 08:25:47","20230706","1100","QC7-8730-000","000","TAFJ","90.00","M/C","2","00"
"RA","2824230001","20230706","0800","136.00","6100","MRS1",NULL,NULL,NULL,"WF0000","2023-07-04 08:25:47","20230706","0900","QC7-8730-000","000","TAFJ","90.00","M/C","2","00"
"RA","2824230001","20230706","0800","148.00","6100","MRS1",NULL,NULL,NULL,"WF0000","2023-07-04 08:25:47","20230706","1000","QC7-8730-000","000","TAFJ","90.00","M/C","2","00"
"RA","2847790008","20260317","1000","200.00","    ","MRS1","  ",NULL,NULL,"WF0000","2026-03-13 00:00:00","20260317","1100","QC5-3651-000","000","T731","100.00","M/T","2","01"
"RA","2847790008","20260317","1000","400.00","    ","MRS1","  ",NULL,NULL,"WF0000","2026-03-13 00:00:00","20260317","1000","QC5-3651-000","000","T731","100.00","M/T","2","01"
"RA","2847790008","20260317","1400","200.00","    ","MRS1","  ",NULL,NULL,"WF0000","2026-03-13 00:00:00","20260317","1400","QC5-3651-000","000","T731","100.00","M/T","2","01"
"RA","2847790008","20260317","1400","200.00","    ","MRS1","  ",NULL,NULL,"WF0000","2026-03-13 00:00:00","20260317","1500","QC5-3651-000","000","T731","100.00","M/T","2","01"
"RA","2847790008","20260317","1400","200.00","    ","MRS1","  ",NULL,NULL,"WF0000","2026-03-13 00:00:00","20260317","2000","QC5-3651-000","000","T731","100.00","M/T","2","01"
"RA","2847790008","20260317","2200","200.00","    ","MRS1","  ",NULL,NULL,"WF0000","2026-03-13 00:00:00","20260317","2200","QC5-3651-000","000","T731","100.00","M/T","2","01"
"RA","2847790008","20260317","2200","200.00","    ","MRS1","  ",NULL,NULL,"WF0000","2026-03-13 00:00:00","20260317","2300","QC5-3651-000","000","T731","100.00","M/T","2","01"
"RA","2847790008","20260317","2200","200.00","    ","MRS1","  ",NULL,NULL,"WF0000","2026-03-13 00:00:00","20260318","0400","QC5-3651-000","000","T731","100.00","M/T","2","01"
"RA","2847790008","20260317","2200","200.00","    ","MRS1","  ",NULL,NULL,"WF0000","2026-03-13 00:00:00","20260318","0900","QC5-3651-000","000","T731","100.00","M/T","2","01"
"RA","2847790008","20260317","2200","400.00","    ","MRS1","  ",NULL,NULL,"WF0000","2026-03-13 00:00:00","20260318","0300","QC5-3651-000","000","T731","100.00","M/T","2","01"
"RA","2862450001","20260317","2100","20.00","6200","MRS1",NULL,NULL,NULL,"WF0000","2026-03-13 00:00:00","20260318","0100","QT6-2849-000","000","F016","100.00","M/C","2","00"
"RA","2881210007","20260317","1500","20.00","6200","MRS1",NULL,NULL,NULL,"WF0000","2026-03-13 00:00:00","20260318","0900","QC7-4865-000","000","R200","100.00","M/C","2","00"
"RA","2881210007","20260317","1500","40.00","6200","MRS1",NULL,NULL,NULL,"WF0000","2026-03-13 00:00:00","20260318","1400","QC7-4865-000","000","R200","100.00","M/C","2","00"
"RA","2881210007","20260317","1500","60.00","6200","MRS1",NULL,NULL,NULL,"WF0000","2026-03-13 00:00:00","20260318","1300","QC7-4865-000","000","R200","100.00","M/C","2","00"
"RA","2881210007","20260317","1500","100.00","6200","MRS1",NULL,NULL,NULL,"WF0000","2026-03-13 00:00:00","20260318","1000","QC7-4865-000","000","R200","100.00","M/C","2","00"
"RA","2881210007","20260317","1500","180.00","6200","MRS1",NULL,NULL,NULL,"WF0000","2026-03-13 00:00:00","20260318","1100","QC7-4865-000","000","R200","100.00","M/C","2","00"
"RA","2882770007","20260317","0900","300.00","6200","MRS1",NULL,NULL,NULL,"WF0000","2026-03-13 00:00:00","20260317","1300","QC5-3635-000","000","S811","100.00","M/C","2","00"
"RA","2882770007","20260317","1400","300.00","6200","MRS1",NULL,NULL,NULL,"WF0000","2026-03-13 00:00:00","20260317","1600","QC5-3635-000","000","S811","100.00","M/C","2","00"
"RA","2883000009","20260317","0900","40.00","6200","MRS1",NULL,NULL,NULL,"WF0000","2026-03-13 00:00:00","20260317","0900","QC5-5630-000","000","S811","100.00","M/C","2","00"
"RA","2883000009","20260317","0900","40.00","6200","MRS1",NULL,NULL,NULL,"WF0000","2026-03-13 00:00:00","20260317","1000","QC5-5630-000","000","S811","100.00","M/C","2","00"
"RA","2883050001","20260317","0900","30.00","6200","MRS1",NULL,NULL,NULL,"WF0000","2026-03-13 00:00:00","20260317","0900","QC5-5752-000","000","S811","100.00","M/C","2","00"
"RA","2883050001","20260317","0900","30.00","6200","MRS1",NULL,NULL,NULL,"WF0000","2026-03-13 00:00:00","20260317","1300","QC5-5752-000","000","S811","100.00","M/C","2","00"
"RA","2883050001","20260317","0900","60.00","6200","MRS1",NULL,NULL,NULL,"WF0000","2026-03-13 00:00:00","20260317","1000","QC5-5752-000","000","S811","100.00","M/C","2","00"
"RA","2883120007","20260317","0900","30.00","6100","MRS1",NULL,NULL,NULL,"WF0000","2026-03-13 00:00:00","20260317","0900","QC5-9580-000","000","S811","100.00","M/C","2","00"
"RA","2883120007","20260317","0900","30.00","6100","MRS1",NULL,NULL,NULL,"WF0000","2026-03-13 00:00:00","20260317","1000","QC5-9580-000","000","S811","100.00","M/C","2","00"
"RA","2883120007","20260317","0900","30.00","6100","MRS1",NULL,NULL,NULL,"WF0000","2026-03-13 00:00:00","20260317","1300","QC5-9580-000","000","S811","100.00","M/C","2","00"
"RA","2883120007","20260317","0900","90.00","6100","MRS1",NULL,NULL,NULL,"WF0000","2026-03-13 00:00:00","20260317","1100","QC5-9580-000","000","S811","100.00","M/C","2","00"
"RA","2883120007","20260317","1400","10.00","6100","MRS1",NULL,NULL,NULL,"WF0000","2026-03-13 00:00:00","20260317","1400","QC5-9580-000","000","S811","100.00","M/C","2","00"
"RA","2883130003","20260317","0900","30.00","6100","MRS1",NULL,NULL,NULL,"WF0000","2026-03-13 00:00:00","20260317","0900","QC5-9615-000","000","S811","100.00","M/C","2","00"
"RA","2883130003","20260317","0900","30.00","6100","MRS1",NULL,NULL,NULL,"WF0000","2026-03-13 00:00:00","20260317","1300","QC5-9615-000","000","S811","100.00","M/C","2","00"
"RA","2883130003","20260317","0900","40.00","6100","MRS1",NULL,NULL,NULL,"WF0000","2026-03-13 00:00:00","20260317","1000","QC5-9615-000","000","S811","100.00","M/C","2","00"
"RA","2883130003","20260317","0900","80.00","6100","MRS1",NULL,NULL,NULL,"WF0000","2026-03-13 00:00:00","20260317","1100","QC5-9615-000","000","S811","100.00","M/C","2","00"
"RA","2883130003","20260317","1400","20.00","6100","MRS1",NULL,NULL,NULL,"WF0000","2026-03-13 00:00:00","20260317","2200","QC5-9615-000","000","S811","100.00","M/C","2","00"
"RA","2883130003","20260317","1400","30.00","6100","MRS1",NULL,NULL,NULL,"WF0000","2026-03-13 00:00:00","20260317","1400","QC5-9615-000","000","S811","100.00","M/C","2","00"
"RA","2883230009","20260317","0900","40.00","6100","MRS1",NULL,NULL,NULL,"WF0000","2026-03-13 00:00:00","20260317","0900","QC6-3030-000","000","S811","100.00","M/C","2","00"
"RA","2883230009","20260317","0900","40.00","6100","MRS1",NULL,NULL,NULL,"WF0000","2026-03-13 00:00:00","20260317","1000","QC6-3030-000","000","S811","100.00","M/C","2","00"
"RA","2883230009","20260317","0900","80.00","6100","MRS1",NULL,NULL,NULL,"WF0000","2026-03-13 00:00:00","20260317","1100","QC6-3030-000","000","S811","100.00","M/C","2","00"
"RA","2883230009","20260317","1400","40.00","6100","MRS1",NULL,NULL,NULL,"WF0000","2026-03-13 00:00:00","20260317","1400","QC6-3030-000","000","S811","100.00","M/C","2","00"
"RA","2883380006","20260317","0900","40.00","6200","MRS1",NULL,NULL,NULL,"WF0000","2026-03-13 00:00:00","20260317","0900","QC6-4363-000","000","S811","100.00","M/C","2","00"
"RA","2883410007","20260317","0900","20.00","6200","MRS1",NULL,NULL,NULL,"WF0000","2026-03-13 00:00:00","20260317","1000","QC6-6616-000","000","S811","100.00","M/C","2","00"
"RA","2883410007","20260317","0900","90.00","6200","MRS1",NULL,NULL,NULL,"WF0000","2026-03-13 00:00:00","20260317","1100","QC6-6616-000","000","S811","100.00","M/C","2","00"
"RA","2883410007","20260317","0900","110.00","6200","MRS1",NULL,NULL,NULL,"WF0000","2026-03-13 00:00:00","20260317","1300","QC6-6616-000","000","S811","100.00","M/C","2","00"
"RA","2883690009","20260317","0900","40.00","    ","MRS1","  ",NULL,NULL,"WF0000","2026-03-13 00:00:00","20260317","0900","QC8-0953-000","000","S811","100.00","M/T","2","00"
"RA","2883690009","20260317","0900","40.00","    ","MRS1","  ",NULL,NULL,"WF0000","2026-03-13 00:00:00","20260317","1100","QC8-0953-000","000","S811","100.00","M/T","2","00"
"RA","2883690009","20260317","0900","60.00","    ","MRS1","  ",NULL,NULL,"WF0000","2026-03-13 00:00:00","20260317","1000","QC8-0953-000","000","S811","100.00","M/T","2","00"
"RA","2883690009","20260317","0900","100.00","    ","MRS1","  ",NULL,NULL,"WF0000","2026-03-13 00:00:00","20260317","1300","QC8-0953-000","000","S811","100.00","M/T","2","00"
"RA","2891340005","20260317","0800","160.00","6200","MRH1",NULL,NULL,NULL,"WF0000","2026-03-13 00:00:00","20260317","0900","QX2-5351-000","000","SACP","100.00","M/C","2","00"
"RA","2891340005","20260317","1300","160.00","6200","MRH1",NULL,NULL,NULL,"WF0000","2026-03-13 00:00:00","20260317","1300","QX2-5351-000","000","SACP","100.00","M/C","2","00"
"RA","2891340005","20260317","1500","160.00","6200","MRH1",NULL,NULL,NULL,"WF0000","2026-03-13 00:00:00","20260317","2100","QX2-5351-000","000","SACP","100.00","M/C","2","00"
"RA","2891350001","20260317","0800","160.00","6200","MRH1",NULL,NULL,NULL,"WF0000","2026-03-13 00:00:00","20260317","0800","QX2-5376-000","000","SACP","100.00","M/C","2","00"
"RA","2891350001","20260317","1300","160.00","6200","MRH1",NULL,NULL,NULL,"WF0000","2026-03-13 00:00:00","20260317","1300","QX2-5376-000","000","SACP","100.00","M/C","2","00"
"RA","2891360008","20260317","0800","160.00","6200","MRH1",NULL,NULL,NULL,"WF0000","2026-03-13 00:00:00","20260317","0800","QX2-5378-000","000","SACP","100.00","M/C","2","00"
"RA","2891400005","20260317","0800","30.00","6200","MRS1",NULL,NULL,NULL,"WF0000","2026-03-13 00:00:00","20260317","0800","QX2-5967-000","000","SACP","100.00","M/C","2","00"
"RA","2891400005","20260317","0800","50.00","6200","MRS1",NULL,NULL,NULL,"WF0000","2026-03-13 00:00:00","20260317","0900","QX2-5967-000","000","SACP","100.00","M/C","2","00"
"RA","2891400005","20260317","1000","40.00","6200","MRS1",NULL,NULL,NULL,"WF0000","2026-03-13 00:00:00","20260317","1000","QX2-5967-000","000","SACP","100.00","M/C","2","00"
"RA","2891400005","20260317","1000","50.00","6200","MRS1",NULL,NULL,NULL,"WF0000","2026-03-13 00:00:00","20260317","1100","QX2-5967-000","000","SACP","100.00","M/C","2","00"
"RA","2891600006","20260317","0800","100.00","6200","MRH1",NULL,NULL,NULL,"WF0000","2026-03-13 00:00:00","20260317","0800","QX2-6862-000","000","SACP","100.00","M/C","2","00"
"RA","2891600006","20260317","1000","100.00","6200","MRH1",NULL,NULL,NULL,"WF0000","2026-03-13 00:00:00","20260317","1000","QX2-6862-000","000","SACP","100.00","M/C","2","00"
"RA","2891600006","20260317","1300","100.00","6200","MRH1",NULL,NULL,NULL,"WF0000","2026-03-13 00:00:00","20260317","1300","QX2-6862-000","000","SACP","100.00","M/C","2","00"
"RA","2891620009","20260317","0800","100.00","6100","MRH1",NULL,NULL,NULL,"WF0000","2026-03-13 00:00:00","20260317","0900","QX2-6873-000","000","SACP","100.00","M/C","2","00"
"RA","2891620009","20260317","1300","100.00","6100","MRH1",NULL,NULL,NULL,"WF0000","2026-03-13 00:00:00","20260317","1300","QX2-6873-000","000","SACP","100.00","M/C","2","00"
"RA","2891620009","20260317","1500","100.00","6100","MRH1",NULL,NULL,NULL,"WF0000","2026-03-13 00:00:00","20260317","1500","QX2-6873-000","000","SACP","100.00","M/C","2","00"
"RA","2891620009","20260317","1500","100.00","6100","MRH1",NULL,NULL,NULL,"WF0000","2026-03-13 00:00:00","20260317","2100","QX2-6873-000","000","SACP","100.00","M/C","2","00"
"RA","2895770004","20260317","1000","20.00","    ","MRS1","  ",NULL,NULL,"WF0000","2026-03-13 00:00:00","20260317","1100","QC5-5693-000","000","SAPN","100.00","M/T","2","00"
"RA","2895770004","20260317","1000","60.00","    ","MRS1","  ",NULL,NULL,"WF0000","2026-03-13 00:00:00","20260317","1000","QC5-5693-000","000","SAPN","100.00","M/T","2","00"
"RA","2895770004","20260317","1000","60.00","    ","MRS1","  ",NULL,NULL,"WF0000","2026-03-13 00:00:00","20260317","1300","QC5-5693-000","000","SAPN","100.00","M/T","2","00"
"RA","2896440003","20260317","1000","60.00","    ","MRS1","  ",NULL,NULL,"WF0000","2026-03-13 00:00:00","20260317","0900","QC7-4908-000","000","SAPN","100.00","M/T","2","00"
"RA","2896440003","20260317","1000","60.00","    ","MRS1","  ",NULL,NULL,"WF0000","2026-03-13 00:00:00","20260317","1000","QC7-4908-000","000","SAPN","100.00","M/T","2","00"
"RA","2896440003","20260317","1000","60.00","    ","MRS1","  ",NULL,NULL,"WF0000","2026-03-13 00:00:00","20260317","1300","QC7-4908-000","000","SAPN","100.00","M/T","2","00"
"RA","2896440003","20260317","1000","140.00","    ","MRS1","  ",NULL,NULL,"WF0000","2026-03-13 00:00:00","20260317","0800","QC7-4908-000","000","SAPN","100.00","M/T","2","00"
"RA","2896440003","20260317","1000","140.00","    ","MRS1","  ",NULL,NULL,"WF0000","2026-03-13 00:00:00","20260317","1100","QC7-4908-000","000","SAPN","100.00","M/T","2","00"
"RA","2896440003","20260317","1400","20.00","    ","MRS1","  ",NULL,NULL,"WF0000","2026-03-13 00:00:00","20260317","2000","QC7-4908-000","000","SAPN","100.00","M/T","2","00"
"RA","2896440003","20260317","1400","40.00","    ","MRS1","  ",NULL,NULL,"WF0000","2026-03-13 00:00:00","20260317","2100","QC7-4908-000","000","SAPN","100.00","M/T","2","00"
"RA","2896440003","20260317","1400","60.00","    ","MRS1","  ",NULL,NULL,"WF0000","2026-03-13 00:00:00","20260317","1400","QC7-4908-000","000","SAPN","100.00","M/T","2","00"
"RA","2896440003","20260317","1400","60.00","    ","MRS1","  ",NULL,NULL,"WF0000","2026-03-13 00:00:00","20260317","1500","QC7-4908-000","000","SAPN","100.00","M/T","2","00"
"RA","2896440003","20260317","1400","60.00","    ","MRS1","  ",NULL,NULL,"WF0000","2026-03-13 00:00:00","20260317","1600","QC7-4908-000","000","SAPN","100.00","M/T","2","00"
"RA","2896620001","20260317","1000","30.00","    ","MRS1","  ",NULL,NULL,"WF0000","2026-03-13 00:00:00","20260317","1000","QC8-0961-000","000","SAPN","100.00","M/T","2","00"
"RA","2896620001","20260317","1000","30.00","    ","MRS1","  ",NULL,NULL,"WF0000","2026-03-13 00:00:00","20260317","1100","QC8-0961-000","000","SAPN","100.00","M/T","2","00"
"RA","2896620001","20260317","1000","90.00","    ","MRS1","  ",NULL,NULL,"WF0000","2026-03-13 00:00:00","20260317","1300","QC8-0961-000","000","SAPN","100.00","M/T","2","00"
"RA","2896620001","20260317","1400","20.00","    ","MRS1","  ",NULL,NULL,"WF0000","2026-03-13 00:00:00","20260317","1600","QC8-0961-000","000","SAPN","100.00","M/T","2","00"
"RA","2896620001","20260317","1400","30.00","    ","MRS1","  ",NULL,NULL,"WF0000","2026-03-13 00:00:00","20260317","1400","QC8-0961-000","000","SAPN","100.00","M/T","2","00"
"RA","2896620001","20260317","1400","30.00","    ","MRS1","  ",NULL,NULL,"WF0000","2026-03-13 00:00:00","20260317","1500","QC8-0961-000","000","SAPN","100.00","M/T","2","00"
"RA","2896620001","20260317","1400","30.00","    ","MRS1","  ",NULL,NULL,"WF0000","2026-03-13 00:00:00","20260317","2100","QC8-0961-000","000","SAPN","100.00","M/T","2","00"
"RA","2896620001","20260317","1400","50.00","    ","MRS1","  ",NULL,NULL,"WF0000","2026-03-13 00:00:00","20260317","2000","QC8-0961-000","000","SAPN","100.00","M/T","2","00"
"RA","2896620001","20260317","2200","10.00","    ","MRS1","  ",NULL,NULL,"WF0000","2026-03-13 00:00:00","20260317","2300","QC8-0961-000","000","SAPN","100.00","M/T","2","00"
"RA","2896620001","20260317","2200","20.00","    ","MRS1","  ",NULL,NULL,"WF0000","2026-03-13 00:00:00","20260318","0400","QC8-0961-000","000","SAPN","100.00","M/T","2","00"
"RA","2896620001","20260317","2200","30.00","    ","MRS1","  ",NULL,NULL,"WF0000","2026-03-13 00:00:00","20260317","2200","QC8-0961-000","000","SAPN","100.00","M/T","2","00"
"RA","2899090007","20260317","0800","16.00","6200","MRH1",NULL,NULL,NULL,"WF0000","2026-03-13 00:00:00","20260317","1400","QX1-7204-000","000","T423","100.00","M/C","2","00"
"RA","2899090007","20260317","0800","32.00","6200","MRH1",NULL,NULL,NULL,"WF0000","2026-03-13 00:00:00","20260317","0900","QX1-7204-000","000","T423","100.00","M/C","2","00"
"RA","2899090007","20260317","0800","32.00","6200","MRH1",NULL,NULL,NULL,"WF0000","2026-03-13 00:00:00","20260317","1000","QX1-7204-000","000","T423","100.00","M/C","2","00"
"RA","2899090007","20260317","0800","32.00","6200","MRH1",NULL,NULL,NULL,"WF0000","2026-03-13 00:00:00","20260317","1100","QX1-7204-000","000","T423","100.00","M/C","2","00"
"RA","2899090007","20260317","0800","48.00","6200","MRH1",NULL,NULL,NULL,"WF0000","2026-03-13 00:00:00","20260317","0800","QX1-7204-000","000","T423","100.00","M/C","2","00"
"RA","2899090007","20260317","0800","80.00","6200","MRH1",NULL,NULL,NULL,"WF0000","2026-03-13 00:00:00","20260317","1300","QX1-7204-000","000","T423","100.00","M/C","2","00"
"RA","2899090007","20260317","1500","16.00","6200","MRH1",NULL,NULL,NULL,"WF0000","2026-03-13 00:00:00","20260317","1500","QX1-7204-000","000","T423","100.00","M/C","2","00"
"RA","2899090007","20260317","1500","16.00","6200","MRH1",NULL,NULL,NULL,"WF0000","2026-03-13 00:00:00","20260317","1600","QX1-7204-000","000","T423","100.00","M/C","2","00"
"RA","2899090007","20260317","1500","16.00","6200","MRH1",NULL,NULL,NULL,"WF0000","2026-03-13 00:00:00","20260317","2000","QX1-7204-000","000","T423","100.00","M/C","2","00"
"RA","2899090007","20260317","1500","16.00","6200","MRH1",NULL,NULL,NULL,"WF0000","2026-03-13 00:00:00","20260317","2100","QX1-7204-000","000","T423","100.00","M/C","2","00"
"RA","2899090007","20260317","1500","16.00","6200","MRH1",NULL,NULL,NULL,"WF0000","2026-03-13 00:00:00","20260317","2200","QX1-7204-000","000","T423","100.00","M/C","2","00"
"RA","2899090007","20260317","1500","16.00","6200","MRH1",NULL,NULL,NULL,"WF0000","2026-03-13 00:00:00","20260317","2300","QX1-7204-000","000","T423","100.00","M/C","2","00"
"RA","2899090007","20260317","1500","32.00","6200","MRH1",NULL,NULL,NULL,"WF0000","2026-03-13 00:00:00","20260318","0100","QX1-7204-000","000","T423","100.00","M/C","2","00"
"RA","2899100005","20260317","0800","16.00","6200","MRH1",NULL,NULL,NULL,"WF0000","2026-03-13 00:00:00","20260317","0900","QX1-7205-000","000","T423","100.00","M/C","2","00"
"RA","2899100005","20260317","0800","32.00","6200","MRH1",NULL,NULL,NULL,"WF0000","2026-03-13 00:00:00","20260317","1000","QX1-7205-000","000","T423","100.00","M/C","2","00"
"RA","2899100005","20260317","0800","32.00","6200","MRH1",NULL,NULL,NULL,"WF0000","2026-03-13 00:00:00","20260317","1100","QX1-7205-000","000","T423","100.00","M/C","2","00"
"RA","2899100005","20260317","0800","32.00","6200","MRH1",NULL,NULL,NULL,"WF0000","2026-03-13 00:00:00","20260317","1400","QX1-7205-000","000","T423","100.00","M/C","2","00"
"RA","2899100005","20260317","0800","48.00","6200","MRH1",NULL,NULL,NULL,"WF0000","2026-03-13 00:00:00","20260317","0800","QX1-7205-000","000","T423","100.00","M/C","2","00"
"RA","2899100005","20260317","0800","80.00","6200","MRH1",NULL,NULL,NULL,"WF0000","2026-03-13 00:00:00","20260317","1300","QX1-7205-000","000","T423","100.00","M/C","2","00"
"RA","2899100005","20260317","1500","16.00","6200","MRH1",NULL,NULL,NULL,"WF0000","2026-03-13 00:00:00","20260317","1500","QX1-7205-000","000","T423","100.00","M/C","2","00"
"RA","2899100005","20260317","1500","16.00","6200","MRH1",NULL,NULL,NULL,"WF0000","2026-03-13 00:00:00","20260317","1600","QX1-7205-000","000","T423","100.00","M/C","2","00"
"RA","2899100005","20260317","1500","16.00","6200","MRH1",NULL,NULL,NULL,"WF0000","2026-03-13 00:00:00","20260317","2200","QX1-7205-000","000","T423","100.00","M/C","2","00"
"RA","2899100005","20260317","1500","16.00","6200","MRH1",NULL,NULL,NULL,"WF0000","2026-03-13 00:00:00","20260317","2300","QX1-7205-000","000","T423","100.00","M/C","2","00"
"RA","2899100005","20260317","1500","32.00","6200","MRH1",NULL,NULL,NULL,"WF0000","2026-03-13 00:00:00","20260317","2000","QX1-7205-000","000","T423","100.00","M/C","2","00"
"RA","2899100005","20260317","1500","32.00","6200","MRH1",NULL,NULL,NULL,"WF0000","2026-03-13 00:00:00","20260317","2100","QX1-7205-000","000","T423","100.00","M/C","2","00"
"RA","2899130004","20260317","0800","30.00","6200","MRH1",NULL,NULL,NULL,"WF0000","2026-03-13 00:00:00","20260317","1300","QX2-1316-000","000","T423","100.00","M/C","2","00"
"RA","2899130004","20260317","0800","40.00","6200","MRH1",NULL,NULL,NULL,"WF0000","2026-03-13 00:00:00","20260317","0800","QX2-1316-000","000","T423","100.00","M/C","2","00"
"RA","2899130004","20260317","0800","50.00","6200","MRH1",NULL,NULL,NULL,"WF0000","2026-03-13 00:00:00","20260317","1400","QX2-1316-000","000","T423","100.00","M/C","2","00"
"RA","2899140001","20260317","0800","30.00","6200","MRH1",NULL,NULL,NULL,"WF0000","2026-03-13 00:00:00","20260317","1300","QX2-1317-000","000","T423","100.00","M/C","2","00"
"RA","2899140001","20260317","0800","40.00","6200","MRH1",NULL,NULL,NULL,"WF0000","2026-03-13 00:00:00","20260317","0800","QX2-1317-000","000","T423","100.00","M/C","2","00"
"RA","2899140001","20260317","0800","50.00","6200","MRH1",NULL,NULL,NULL,"WF0000","2026-03-13 00:00:00","20260317","1400","QX2-1317-000","000","T423","100.00","M/C","2","00"
"RA","2900490008","20260317","1000","60.00","    ","MRS1","  ",NULL,NULL,"WF0000","2026-03-13 00:00:00","20260317","1100","QC5-5620-000","000","T731","100.00","M/T","2","01"
"RA","2900520009","20260317","1000","40.00","    ","MRS1","  ",NULL,NULL,"WF0000","2026-03-13 00:00:00","20260317","1100","QC5-5681-000","000","T731","100.00","M/T","2","01"
"RA","2900520009","20260317","1000","60.00","    ","MRS1","  ",NULL,NULL,"WF0000","2026-03-13 00:00:00","20260317","1000","QC5-5681-000","000","T731","100.00","M/T","2","01"
"RA","2900520009","20260317","1000","60.00","    ","MRS1","  ",NULL,NULL,"WF0000","2026-03-13 00:00:00","20260317","1300","QC5-5681-000","000","T731","100.00","M/T","2","01"
"RA","2900910004","20260317","1000","30.00","    ","MRS1","  ",NULL,NULL,"WF0000","2026-03-13 00:00:00","20260317","1300","QC6-3055-000","000","T731","100.00","M/T","2","01"
"RA","2900910004","20260317","1000","40.00","    ","MRS1","  ",NULL,NULL,"WF0000","2026-03-13 00:00:00","20260317","1000","QC6-3055-000","000","T731","100.00","M/T","2","01"
"RA","2900910004","20260317","1000","80.00","    ","MRS1","  ",NULL,NULL,"WF0000","2026-03-13 00:00:00","20260317","1100","QC6-3055-000","000","T731","100.00","M/T","2","01"
"RA","2900910004","20260317","1400","30.00","    ","MRS1","  ",NULL,NULL,"WF0000","2026-03-13 00:00:00","20260317","1400","QC6-3055-000","000","T731","100.00","M/T","2","01"
"RA","2900910004","20260317","1400","30.00","    ","MRS1","  ",NULL,NULL,"WF0000","2026-03-13 00:00:00","20260317","1500","QC6-3055-000","000","T731","100.00","M/T","2","01"
"RA","2900910004","20260317","1400","30.00","    ","MRS1","  ",NULL,NULL,"WF0000","2026-03-13 00:00:00","20260317","1600","QC6-3055-000","000","T731","100.00","M/T","2","01"
"RA","2900910004","20260317","1400","30.00","    ","MRS1","  ",NULL,NULL,"WF0000","2026-03-13 00:00:00","20260317","2000","QC6-3055-000","000","T731","100.00","M/T","2","01"
"RA","2900910004","20260317","1400","30.00","    ","MRS1","  ",NULL,NULL,"WF0000","2026-03-13 00:00:00","20260317","2100","QC6-3055-000","000","T731","100.00","M/T","2","01"
"RA","2900910004","20260317","2200","10.00","    ","MRS1","  ",NULL,NULL,"WF0000","2026-03-13 00:00:00","20260318","0800","QC6-3055-000","000","T731","100.00","M/T","2","01"
"RA","2900910004","20260317","2200","20.00","    ","MRS1","  ",NULL,NULL,"WF0000","2026-03-13 00:00:00","20260317","2200","QC6-3055-000","000","T731","100.00","M/T","2","01"
"RA","2900970002","20260317","1000","100.00","    ","MRS1","  ",NULL,NULL,"WF0000","2026-03-13 00:00:00","20260317","1100","QC6-4276-000","000","T731","100.00","M/T","2","01"
"RA","2900970002","20260317","1400","100.00","    ","MRS1","  ",NULL,NULL,"WF0000","2026-03-13 00:00:00","20260317","1500","QC6-4276-000","000","T731","100.00","M/T","2","01"
"RA","2900970002","20260317","1400","100.00","    ","MRS1","  ",NULL,NULL,"WF0000","2026-03-13 00:00:00","20260317","2100","QC6-4276-000","000","T731","100.00","M/T","2","01"
"RA","2900970002","20260317","2200","100.00","    ","MRS1","  ",NULL,NULL,"WF0000","2026-03-13 00:00:00","20260317","2300","QC6-4276-000","000","T731","100.00","M/T","2","01"
"RA","2901030002","20260317","1000","40.00","    ","MRS1","  ",NULL,NULL,"WF0000","2026-03-13 00:00:00","20260317","1000","QC6-4355-000","000","T731","100.00","M/T","2","01"
"RA","2901030002","20260317","1000","40.00","    ","MRS1","  ",NULL,NULL,"WF0000","2026-03-13 00:00:00","20260317","1100","QC6-4355-000","000","T731","100.00","M/T","2","01"
"RA","2901030002","20260317","1000","40.00","    ","MRS1","  ",NULL,NULL,"WF0000","2026-03-13 00:00:00","20260317","1300","QC6-4355-000","000","T731","100.00","M/T","2","01"
"RA","2901110005","20260317","1000","100.00","    ","MRS1","  ",NULL,NULL,"WF0000","2026-03-13 00:00:00","20260317","1100","QC6-6619-000","000","T731","100.00","M/T","2","01"
"RA","2901110005","20260317","1000","100.00","    ","MRS1","  ",NULL,NULL,"WF0000","2026-03-13 00:00:00","20260317","1300","QC6-6619-000","000","T731","100.00","M/T","2","01"
"RA","2901120001","20260317","1000","20.00","    ","MRS1","  ",NULL,NULL,"WF0000","2026-03-13 00:00:00","20260317","1100","QC6-6716-000","000","T731","100.00","M/T","2","01"
"RA","2901120001","20260317","1000","100.00","    ","MRS1","  ",NULL,NULL,"WF0000","2026-03-13 00:00:00","20260317","1300","QC6-6716-000","000","T731","100.00","M/T","2","01"
"RA","2901760000","20260317","1000","40.00","    ","MRS1","  ",NULL,NULL,"WF0000","2026-03-13 00:00:00","20260317","1000","QC7-4897-000","000","T731","100.00","M/T","2","01"
"RA","2901760000","20260317","1000","40.00","    ","MRS1","  ",NULL,NULL,"WF0000","2026-03-13 00:00:00","20260317","1300","QC7-4897-000","000","T731","100.00","M/T","2","01"
"RA","2901760000","20260317","1000","80.00","    ","MRS1","  ",NULL,NULL,"WF0000","2026-03-13 00:00:00","20260317","1100","QC7-4897-000","000","T731","100.00","M/T","2","01"
"RA","2901770006","20260317","1000","400.00","6200","MRS1",NULL,NULL,NULL,"WF0000","2026-03-13 00:00:00","20260317","1100","QC7-7591-000","000","T731","100.00","M/C","2","01"
"RA","2901770006","20260317","1400","200.00","6200","MRS1",NULL,NULL,NULL,"WF0000","2026-03-13 00:00:00","20260317","1400","QC7-7591-000","000","T731","100.00","M/C","2","01"
"RA","2901770006","20260317","1400","200.00","6200","MRS1",NULL,NULL,NULL,"WF0000","2026-03-13 00:00:00","20260317","1600","QC7-7591-000","000","T731","100.00","M/C","2","01"
"RA","2915660006","20260317","1600","240.00","6200","MRS1",NULL,NULL,NULL,"WF0000","2026-03-13 00:00:00","20260318","1300","QC6-4306-000","000","C060","100.00","M/C","2","00"
"RA","2926850009","20260317","1600","100.00","6200","MRS1",NULL,NULL,NULL,"WF0000","2026-03-13 00:00:00","20260318","0400","QC5-5655-000","000","M411","100.00","M/C","2","00"
"RA","2926850009","20260317","1600","100.00","6200","MRS1",NULL,NULL,NULL,"WF0000","2026-03-13 00:00:00","20260318","0900","QC5-5655-000","000","M411","100.00","M/C","2","00"
"RA","2927170008","20260317","1600","400.00","6100","MRS1",NULL,NULL,NULL,"WF0000","2026-03-13 00:00:00","20260318","1300","QC5-9662-000","000","M411","100.00","M/C","2","00"
"RA","2927410006","20260317","1600","240.00","6100","MRS1",NULL,NULL,NULL,"WF0000","2026-03-13 00:00:00","20260318","1100","QC6-5188-000","000","M411","100.00","M/C","2","00"
"RA","2928790008","20260317","2000","600.00","6100","MRS1",NULL,NULL,NULL,"WF0000","2026-03-13 00:00:00","20260318","1400","QC4-6468-000","000","M718","100.00","M/C","2","00"
"RA","2928920004","20260317","2000","600.00","6200","MRS1",NULL,NULL,NULL,"WF0000","2026-03-13 00:00:00","20260318","1100","QC5-3631-000","000","M718","100.00","M/C","2","00"
"RA","2929010003","20260317","2000","1200.00","6100","MRS1",NULL,NULL,NULL,"WF0000","2026-03-13 00:00:00","20260318","1000","QC5-5539-000","000","M718","100.00","M/C","2","00"
"RA","2934650002","20260317","2000","1.00","6100","MRH1",NULL,NULL,NULL,"WF0000","2026-03-13 00:00:00","20260318","1300","QX2-2664-000","000","P377","100.00","M/C","2","00"
"RA","2934650002","20260317","2000","2.00","6100","MRH1",NULL,NULL,NULL,"WF0000","2026-03-13 00:00:00","20260318","1400","QX2-2664-000","000","P377","100.00","M/C","2","00"
"RA","2934650002","20260317","2000","2.00","6100","MRH1",NULL,NULL,NULL,"WF0000","2026-03-13 00:00:00","20260318","1500","QX2-2664-000","000","P377","100.00","M/C","2","00"
"RA","2934650002","20260317","2000","2.00","6100","MRH1",NULL,NULL,NULL,"WF0000","2026-03-13 00:00:00","20260318","1600","QX2-2664-000","000","P377","100.00","M/C","2","00"
"RA","2934980008","20260317","1500","140.00","6200","MRS1",NULL,NULL,NULL,"WF0000","2026-03-13 00:00:00","20260318","0800","QC5-5683-000","000","R200","100.00","M/C","2","00"
"RA","2938730003","20230707","0800","292.00","6100","MRS1",NULL,NULL,NULL,"WF0000","2023-07-05 08:26:38","20230707","1100","QC7-8730-000","000","TAFJ","90.00","M/C","2","00"
"RA","2938730003","20230707","1300","256.00","6100","MRS1",NULL,NULL,NULL,"WF0000","2023-07-05 08:26:38","20230707","1400","QC7-8730-000","000","TAFJ","90.00","M/C","2","00"
"RA","2938730003","20230707","1300","296.00","6100","MRS1",NULL,NULL,NULL,"WF0000","2023-07-05 08:26:38","20230707","1300","QC7-8730-000","000","TAFJ","90.00","M/C","2","00"
"RA","2938730003","20230707","1500","88.00","6100","MRS1",NULL,NULL,NULL,"WF0000","2023-07-05 08:26:38","20230707","1500","QC7-8730-000","000","TAFJ","90.00","M/C","2","00"
"RA","2938730003","20230708","0800","56.00","6100","MRS1",NULL,NULL,NULL,"WF0000","2023-07-06 08:25:16","20230708","0900","QC7-8730-000","000","TAFJ","90.00","M/C","2","00"
"RA","2938730003","20230708","0800","56.00","6100","MRS1",NULL,NULL,NULL,"WF0000","2023-07-06 08:25:16","20230708","1100","QC7-8730-000","000","TAFJ","90.00","M/C","2","00"
"RA","2938730003","20230708","0800","136.00","6100","MRS1",NULL,NULL,NULL,"WF0000","2023-07-06 08:25:16","20230708","1000","QC7-8730-000","000","TAFJ","90.00","M/C","2","00"
"RA","2946220004","20260317","1500","160.00","6200","MRH1",NULL,NULL,NULL,"WF0000","2026-03-13 00:00:00","20260318","0300","QX2-5348-000","000","SACP","100.00","M/C","2","00"
"RA","2946410009","20260317","1300","160.00","6200","MRH1",NULL,NULL,NULL,"WF0000","2026-03-13 00:00:00","20260317","1400","QX2-6280-000","000","SACP","100.00","M/C","2","00"
"RA","2956290002","20260317","1000","200.00","6200","MRS1",NULL,NULL,NULL,"WF0000","2026-03-13 00:00:00","20260317","1100","QC5-4171-000","000","T731","100.00","M/C","2","00"
"RA","2956290002","20260317","1400","200.00","6200","MRS1",NULL,NULL,NULL,"WF0000","2026-03-13 00:00:00","20260317","1400","QC5-4171-000","000","T731","100.00","M/C","2","00"
"RA","2956290002","20260317","1400","200.00","6200","MRS1",NULL,NULL,NULL,"WF0000","2026-03-13 00:00:00","20260317","1500","QC5-4171-000","000","T731","100.00","M/C","2","00"
"RA","2956290002","20260317","1400","200.00","6200","MRS1",NULL,NULL,NULL,"WF0000","2026-03-13 00:00:00","20260317","1600","QC5-4171-000","000","T731","100.00","M/C","2","00"
"RA","2956290002","20260317","1400","200.00","6200","MRS1",NULL,NULL,NULL,"WF0000","2026-03-13 00:00:00","20260317","2100","QC5-4171-000","000","T731","100.00","M/C","2","00"
"RA","2956290002","20260317","2200","200.00","6200","MRS1",NULL,NULL,NULL,"WF0000","2026-03-13 00:00:00","20260317","2300","QC5-4171-000","000","T731","100.00","M/C","2","00"
"RA","2956290002","20260317","2200","200.00","6200","MRS1",NULL,NULL,NULL,"WF0000","2026-03-13 00:00:00","20260318","0100","QC5-4171-000","000","T731","100.00","M/C","2","00"
"RA","2956290002","20260317","2200","200.00","6200","MRS1",NULL,NULL,NULL,"WF0000","2026-03-13 00:00:00","20260318","0800","QC5-4171-000","000","T731","100.00","M/C","2","00"
"RA","2956290002","20260317","2200","400.00","6200","MRS1",NULL,NULL,NULL,"WF0000","2026-03-13 00:00:00","20260318","0400","QC5-4171-000","000","T731","100.00","M/C","2","00"
"RA","2956880009","20260317","2200","20.00","    ","MRS1","  ",NULL,NULL,"WF0000","2026-03-13 00:00:00","20260318","0900","QC6-5176-000","000","T731","100.00","M/T","2","01"
"RA","2956880009","20260317","2200","30.00","    ","MRS1","  ",NULL,NULL,"WF0000","2026-03-13 00:00:00","20260318","0800","QC6-5176-000","000","T731","100.00","M/T","2","01"
"RA","2957660000","20260317","2200","40.00","6200","MRS1",NULL,NULL,NULL,"WF0000","2026-03-13 00:00:00","20260318","0800","QC8-1205-000","000","T731","100.00","M/C","2","01"
"RA","2963020007","20260317","2000","200.00","6200","MRS1",NULL,NULL,NULL,"WF0000","2026-03-13 00:00:00","20260318","0900","QC5-5626-000","000","X411","100.00","M/C","2","01"
"RA","2963440001","20260317","2000","40.00","6100","MRS1",NULL,NULL,NULL,"WF0000","2026-03-13 00:00:00","20260318","1600","QC5-9577-000","000","X411","100.00","M/C","2","01"
"RA","2963540007","20260317","2000","200.00","6100","MRS1",NULL,NULL,NULL,"WF0000","2026-03-13 00:00:00","20260318","1600","QC5-9686-000","000","X411","100.00","M/C","2","01"
"RA","2993320004","20230708","0800","92.00","6100","MRS1",NULL,NULL,NULL,"WF0000","2023-07-06 08:25:16","20230708","1100","QC7-8730-000","000","TAFJ","90.00","M/C","2","00"
"RA","2993320004","20230708","1300","128.00","6100","MRS1",NULL,NULL,NULL,"WF0000","2023-07-06 08:25:16","20230708","1400","QC7-8730-000","000","TAFJ","90.00","M/C","2","00"
"RA","2993320004","20230708","1300","148.00","6100","MRS1",NULL,NULL,NULL,"WF0000","2023-07-06 08:25:16","20230708","1300","QC7-8730-000","000","TAFJ","90.00","M/C","2","00"
"RA","2993320004","20230708","1500","148.00","6100","MRS1",NULL,NULL,NULL,"WF0000","2023-07-06 08:25:16","20230708","1500","QC7-8730-000","000","TAFJ","90.00","M/C","2","00"
"RA","2993320004","20230708","1500","188.00","6100","MRS1",NULL,NULL,NULL,"WF0000","2023-07-06 08:25:16","20230709","0400","QC7-8730-000","000","TAFJ","90.00","M/C","2","00"
"RA","2993320004","20230710","0800","56.00","6100","MRS1",NULL,NULL,NULL,"WF0000","2023-07-07 08:23:55","20230710","1000","QC7-8730-000","000","TAFJ","90.00","M/C","2","00"
"RA","2993320004","20230710","0800","128.00","6100","MRS1",NULL,NULL,NULL,"WF0000","2023-07-07 08:23:55","20230710","0900","QC7-8730-000","000","TAFJ","90.00","M/C","2","00"
"RA","2993320004","20230710","0800","160.00","6100","MRS1",NULL,NULL,NULL,"WF0000","2023-07-07 08:23:55","20230710","0800","QC7-8730-000","000","TAFJ","90.00","M/C","2","00"
"RA","3016740001","20260317","1400","40.00","    ","MRS1","  ",NULL,NULL,"WF0000","2026-03-13 00:00:00","20260317","2000","QC7-4908-000","000","SAPN","100.00","M/T","2","00"
"RA","3016740001","20260317","2200","40.00","    ","MRS1","  ",NULL,NULL,"WF0000","2026-03-13 00:00:00","20260317","2200","QC7-4908-000","000","SAPN","100.00","M/T","2","00"
"RA","3016740001","20260317","2200","40.00","    ","MRS1","  ",NULL,NULL,"WF0000","2026-03-13 00:00:00","20260318","0100","QC7-4908-000","000","SAPN","100.00","M/T","2","00"
"RA","3016740001","20260317","2200","40.00","    ","MRS1","  ",NULL,NULL,"WF0000","2026-03-13 00:00:00","20260318","0200","QC7-4908-000","000","SAPN","100.00","M/T","2","00"
"RA","3016740001","20260317","2200","40.00","    ","MRS1","  ",NULL,NULL,"WF0000","2026-03-13 00:00:00","20260318","0900","QC7-4908-000","000","SAPN","100.00","M/T","2","00"
"RA","3049400003","20230710","0800","84.00","6100","MRS1",NULL,NULL,NULL,"WF0000","2023-07-07 08:23:55","20230710","1000","QC7-8730-000","000","TAFJ","90.00","M/C","2","00"
"RA","3049400003","20230710","0800","148.00","6100","MRS1",NULL,NULL,NULL,"WF0000","2023-07-07 08:23:55","20230710","1100","QC7-8730-000","000","TAFJ","90.00","M/C","2","00"
"RA","3049400003","20230710","1300","128.00","6100","MRS1",NULL,NULL,NULL,"WF0000","2023-07-07 08:23:55","20230710","1400","QC7-8730-000","000","TAFJ","90.00","M/C","2","00"
"RA","3049400003","20230710","1300","152.00","6100","MRS1",NULL,NULL,NULL,"WF0000","2023-07-07 08:23:55","20230710","1300","QC7-8730-000","000","TAFJ","90.00","M/C","2","00"
"RA","3049400003","20230710","1500","152.00","6100","MRS1",NULL,NULL,NULL,"WF0000","2023-07-07 08:23:55","20230710","1500","QC7-8730-000","000","TAFJ","90.00","M/C","2","00"
"RA","3049400003","20230710","2300","32.00","6100","MRS1",NULL,NULL,NULL,"WF0000","2023-07-07 08:23:55","20230711","0400","QC7-8730-000","000","TAFJ","90.00","M/C","2","00"
"RA","3102740001","20230711","0800","8.00","6100","MRS1",NULL,NULL,NULL,"WF0000","2023-07-08 08:26:39","20230711","0800","QC7-8730-000","000","TAFJ","90.00","M/C","2","00"
"RA","3102740001","20230711","0800","148.00","6100","MRS1",NULL,NULL,NULL,"WF0000","2023-07-08 08:26:39","20230711","1100","QC7-8730-000","000","TAFJ","90.00","M/C","2","00"
"RA","3102740001","20230711","1300","128.00","6100","MRS1",NULL,NULL,NULL,"WF0000","2023-07-08 08:26:39","20230711","1400","QC7-8730-000","000","TAFJ","90.00","M/C","2","00"
"RA","3102740001","20230711","1300","152.00","6100","MRS1",NULL,NULL,NULL,"WF0000","2023-07-08 08:26:39","20230711","1300","QC7-8730-000","000","TAFJ","90.00","M/C","2","00"
"RA","3102740001","20230711","1500","152.00","6100","MRS1",NULL,NULL,NULL,"WF0000","2023-07-08 08:26:39","20230711","1500","QC7-8730-000","000","TAFJ","90.00","M/C","2","00"
"RA","3102740001","20230711","2300","188.00","6100","MRS1",NULL,NULL,NULL,"WF0000","2023-07-08 08:26:39","20230712","0400","QC7-8730-000","000","TAFJ","90.00","M/C","2","00"
"RA","3102740001","20230712","2300","8.00","6100","MRS1",NULL,NULL,NULL,"WF0000","2023-07-10 08:24:19","20230713","0400","QC7-8730-000","000","TAFJ","90.00","M/C","2","00"
"RA","3102740001","20230713","0800","116.00","6100","MRS1",NULL,NULL,NULL,"WF0000","2023-07-11 08:27:23","20230713","0900","QC7-8730-000","000","TAFJ","90.00","M/C","2","00"
"RA","3161610004","20230713","0800","16.00","6100","MRS1",NULL,NULL,NULL,"WF0000","2023-07-11 08:27:23","20230713","0900","QC7-8730-000","000","TAFJ","90.00","M/C","2","00"
"RA","3161610004","20230713","0800","148.00","6100","MRS1",NULL,NULL,NULL,"WF0000","2023-07-11 08:27:23","20230713","1000","QC7-8730-000","000","TAFJ","90.00","M/C","2","00"
"RA","3161610004","20230713","0800","148.00","6100","MRS1",NULL,NULL,NULL,"WF0000","2023-07-11 08:27:23","20230713","1100","QC7-8730-000","000","TAFJ","90.00","M/C","2","00"
"RA","3161610004","20230713","1300","128.00","6100","MRS1",NULL,NULL,NULL,"WF0000","2023-07-11 08:27:23","20230713","1400","QC7-8730-000","000","TAFJ","90.00","M/C","2","00"
"RA","3161610004","20230713","1300","148.00","6100","MRS1",NULL,NULL,NULL,"WF0000","2023-07-11 08:27:23","20230713","1300","QC7-8730-000","000","TAFJ","90.00","M/C","2","00"
"RA","3161610004","20230713","1500","44.00","6100","MRS1",NULL,NULL,NULL,"WF0000","2023-07-11 08:27:23","20230713","1500","QC7-8730-000","000","TAFJ","90.00","M/C","2","00"
"RA","3236430001","20230713","1500","104.00","6100","MRS1",NULL,NULL,NULL,"WF0000","2023-07-11 08:27:23","20230713","1500","QC7-8730-000","000","TAFJ","90.00","M/C","2","00"
"RA","3236430001","20230713","2300","188.00","6100","MRS1",NULL,NULL,NULL,"WF0000","2023-07-11 08:27:23","20230714","0400","QC7-8730-000","000","TAFJ","90.00","M/C","2","00"
"RA","3236430001","20230714","0800","36.00","6100","MRS1",NULL,NULL,NULL,"WF0000","2023-07-12 08:26:15","20230714","0900","QC7-8730-000","000","TAFJ","90.00","M/C","2","00"
"RA","3236430001","20230714","0800","300.00","6100","MRS1",NULL,NULL,NULL,"WF0000","2023-07-12 08:26:15","20230714","0800","QC7-8730-000","000","TAFJ","90.00","M/C","2","00"
"RA","3296280003","20230714","0800","92.00","6100","MRS1",NULL,NULL,NULL,"WF0000","2023-07-12 08:26:15","20230714","0900","QC7-8730-000","000","TAFJ","90.00","M/C","2","00"
"RA","3296280003","20230714","0800","140.00","6100","MRS1",NULL,NULL,NULL,"WF0000","2023-07-12 08:26:15","20230714","1000","QC7-8730-000","000","TAFJ","90.00","M/C","2","00"
"RA","3296280003","20230714","0800","148.00","6100","MRS1",NULL,NULL,NULL,"WF0000","2023-07-12 08:26:15","20230714","1100","QC7-8730-000","000","TAFJ","90.00","M/C","2","00"
"RA","3296280003","20230714","1300","128.00","6100","MRS1",NULL,NULL,NULL,"WF0000","2023-07-12 08:26:15","20230714","1400","QC7-8730-000","000","TAFJ","90.00","M/C","2","00"
"RA","3296280003","20230714","1300","148.00","6100","MRS1",NULL,NULL,NULL,"WF0000","2023-07-12 08:26:15","20230714","1300","QC7-8730-000","000","TAFJ","90.00","M/C","2","00"
"RA","3296280003","20230714","1500","148.00","6100","MRS1",NULL,NULL,NULL,"WF0000","2023-07-12 08:26:15","20230714","1500","QC7-8730-000","000","TAFJ","90.00","M/C","2","00"
"RA","3296280003","20230714","2300","184.00","6100","MRS1",NULL,NULL,NULL,"WF0000","2023-07-12 08:26:15","20230715","0400","QC7-8730-000","000","TAFJ","90.00","M/C","2","00"
"RA","3296280003","20230717","0800","112.00","6100","MRS1",NULL,NULL,NULL,"WF0000","2023-07-13 08:24:44","20230717","0800","QC7-8730-000","000","TAFJ","90.00","M/C","2","00"
"RA","3352240008","20230717","0800","20.00","6100","MRS1",NULL,NULL,NULL,"WF0000","2023-07-13 08:24:44","20230717","1000","QC7-8730-000","000","TAFJ","90.00","M/C","2","00"
"RA","3352240008","20230717","0800","132.00","6100","MRS1",NULL,NULL,NULL,"WF0000","2023-07-13 08:24:44","20230717","0900","QC7-8730-000","000","TAFJ","90.00","M/C","2","00"
"RA","3352250004","20230717","0800","116.00","6100","MRS1",NULL,NULL,NULL,"WF0000","2023-07-13 08:24:44","20230717","1000","QC7-8730-000","000","TAFJ","90.00","M/C","2","00"
"RA","3352250004","20230717","0800","152.00","6100","MRS1",NULL,NULL,NULL,"WF0000","2023-07-13 08:24:44","20230717","1100","QC7-8730-000","000","TAFJ","90.00","M/C","2","00"
"RA","3352250004","20230717","1300","132.00","6100","MRS1",NULL,NULL,NULL,"WF0000","2023-07-13 08:24:44","20230717","1400","QC7-8730-000","000","TAFJ","90.00","M/C","2","00"
"RA","3352250004","20230717","1300","148.00","6100","MRS1",NULL,NULL,NULL,"WF0000","2023-07-13 08:24:44","20230717","1300","QC7-8730-000","000","TAFJ","90.00","M/C","2","00"
"RA","3352250004","20230717","1500","148.00","6100","MRS1",NULL,NULL,NULL,"WF0000","2023-07-13 08:24:44","20230717","1500","QC7-8730-000","000","TAFJ","90.00","M/C","2","00"
"RA","3352250004","20230717","2300","188.00","6100","MRS1",NULL,NULL,NULL,"WF0000","2023-07-13 08:24:44","20230718","0400","QC7-8730-000","000","TAFJ","90.00","M/C","2","00"
"RA","3393240007","20240405","2000","8000.00","6100","MRS1",NULL,NULL,NULL,"WF0000","2024-04-03 08:25:10","20240406","0400","QC4-6467-000","000","M718","80.00","M/C","2","00"
"RA","3452700002","20240408","2000","8000.00","6100","MRS1",NULL,NULL,NULL,"WF0000","2024-04-04 08:25:33","20240409","0300","QC4-6467-000","000","M718","80.00","M/C","2","00"
"RA","3452700002","20240408","2000","8000.00","6100","MRS1",NULL,NULL,NULL,"WF0000","2024-04-04 08:25:33","20240409","0400","QC4-6467-000","000","M718","80.00","M/C","2","00"
"RA","3467880005","20230719","0800","56.00","6100","MRS1",NULL,NULL,NULL,"WF0000","2023-07-17 08:25:11","20230719","0800","QC7-8730-000","000","TAFJ","90.00","M/C","2","00"
"RA","3467880005","20230719","1300","12.00","6100","MRS1",NULL,NULL,NULL,"WF0000","2023-07-17 08:25:11","20230719","1300","QC7-8730-000","000","TAFJ","90.00","M/C","2","00"
"RA","3467880005","20230719","1300","132.00","6100","MRS1",NULL,NULL,NULL,"WF0000","2023-07-17 08:25:11","20230719","1400","QC7-8730-000","000","TAFJ","90.00","M/C","2","00"
"RA","3467880005","20230719","1500","148.00","6100","MRS1",NULL,NULL,NULL,"WF0000","2023-07-17 08:25:11","20230719","1500","QC7-8730-000","000","TAFJ","90.00","M/C","2","00"
"RA","3467880005","20230719","2300","188.00","6100","MRS1",NULL,NULL,NULL,"WF0000","2023-07-17 08:25:11","20230720","0400","QC7-8730-000","000","TAFJ","90.00","M/C","2","00"
"RA","3467880005","20230720","0800","48.00","6100","MRS1",NULL,NULL,NULL,"WF0000","2023-07-18 08:23:09","20230720","0800","QC7-8730-000","000","TAFJ","90.00","M/C","2","00"
"RA","3467880005","20230720","0800","80.00","6100","MRS1",NULL,NULL,NULL,"WF0000","2023-07-18 08:23:09","20230720","1000","QC7-8730-000","000","TAFJ","90.00","M/C","2","00"
"RA","3467880005","20230720","0800","132.00","6100","MRS1",NULL,NULL,NULL,"WF0000","2023-07-18 08:23:09","20230720","0900","QC7-8730-000","000","TAFJ","90.00","M/C","2","00"
"RA","3529200009","20230720","0800","68.00","6100","MRS1",NULL,NULL,NULL,"WF0000","2023-07-18 08:23:09","20230720","1000","QC7-8730-000","000","TAFJ","90.00","M/C","2","00"
"RA","3529200009","20230720","0800","132.00","6100","MRS1",NULL,NULL,NULL,"WF0000","2023-07-18 08:23:09","20230720","1100","QC7-8730-000","000","TAFJ","90.00","M/C","2","00"
"RA","3569110004","20240410","2000","8000.00","6100","MRS1",NULL,NULL,NULL,"WF0000","2024-04-08 08:21:36","20240410","1300","QC4-6467-000","000","M718","80.00","M/C","2","00"
"RA","3569110004","20240410","2000","8000.00","6100","MRS1",NULL,NULL,NULL,"WF0000","2024-04-08 08:21:36","20240410","1500","QC4-6467-000","000","M718","80.00","M/C","2","00"
"RA","3569110004","20240410","2000","8000.00","6100","MRS1",NULL,NULL,NULL,"WF0000","2024-04-08 08:21:36","20240410","2100","QC4-6467-000","000","M718","80.00","M/C","2","00"
"RA","3569110004","20240410","2000","8000.00","6100","MRS1",NULL,NULL,NULL,"WF0000","2024-04-08 08:21:36","20240411","0200","QC4-6467-000","000","M718","80.00","M/C","2","00"
"RA","3684770002","20240418","2000","8000.00","6100","MRS1",NULL,NULL,NULL,"WF0000","2024-04-10 08:21:17","20240418","2100","QC4-6467-000","000","M718","80.00","M/C","2","00"
"RA","3684770002","20240418","2000","8000.00","6100","MRS1",NULL,NULL,NULL,"WF0000","2024-04-10 08:21:17","20240419","0100","QC4-6467-000","000","M718","80.00","M/C","2","00"
"RA","3684770002","20240418","2000","8000.00","6100","MRS1",NULL,NULL,NULL,"WF0000","2024-04-10 08:21:17","20240419","0400","QC4-6467-000","000","M718","80.00","M/C","2","00"
"RA","3697450001","20230725","0800","16.00","6100","MRS1",NULL,NULL,NULL,"WF0000","2023-07-22 08:23:06","20230725","0800","QC7-8730-000","000","TAFJ","90.00","M/C","2","00"
"RA","3697450001","20230726","0800","16.00","6100","MRS1",NULL,NULL,NULL,"WF0000","2023-07-24 08:24:24","20230726","1000","QC7-8730-000","000","TAFJ","90.00","M/C","2","00"
"RA","3740130004","20240419","2000","8000.00","6100","MRS1",NULL,NULL,NULL,"WF0000","2024-04-11 08:21:11","20240419","2100","QC4-6467-000","000","M718","80.00","M/C","2","00"
"RA","3740130004","20240419","2000","8000.00","6100","MRS1",NULL,NULL,NULL,"WF0000","2024-04-11 08:21:11","20240420","0100","QC4-6467-000","000","M718","80.00","M/C","2","00"
"RA","3740130004","20240419","2000","8000.00","6100","MRS1",NULL,NULL,NULL,"WF0000","2024-04-11 08:21:11","20240420","0400","QC4-6467-000","000","M718","80.00","M/C","2","00"
"RA","3751940002","20230726","0800","40.00","6100","MRS1",NULL,NULL,NULL,"WF0000","2023-07-24 08:24:24","20230726","1000","QC7-8730-000","000","TAFJ","90.00","M/C","2","00"
"RA","3751940002","20230726","0800","72.00","6100","MRS1",NULL,NULL,NULL,"WF0000","2023-07-24 08:24:24","20230726","1100","QC7-8730-000","000","TAFJ","90.00","M/C","2","00"
"RA","3751940002","20230726","1300","64.00","6100","MRS1",NULL,NULL,NULL,"WF0000","2023-07-24 08:24:24","20230726","1400","QC7-8730-000","000","TAFJ","90.00","M/C","2","00"
"RA","3751940002","20230726","1300","76.00","6100","MRS1",NULL,NULL,NULL,"WF0000","2023-07-24 08:24:24","20230726","1300","QC7-8730-000","000","TAFJ","90.00","M/C","2","00"
"RA","3751940002","20230726","1500","72.00","6100","MRS1",NULL,NULL,NULL,"WF0000","2023-07-24 08:24:24","20230726","1500","QC7-8730-000","000","TAFJ","90.00","M/C","2","00"
"RA","3751940002","20230726","2300","96.00","6100","MRS1",NULL,NULL,NULL,"WF0000","2023-07-24 08:24:24","20230727","0400","QC7-8730-000","000","TAFJ","90.00","M/C","2","00"
"RA","3751940002","20230727","0800","12.00","6100","MRS1",NULL,NULL,NULL,"WF0000","2023-07-25 08:22:55","20230727","0900","QC7-8730-000","000","TAFJ","90.00","M/C","2","00"
"RA","3751940002","20230727","0800","48.00","6100","MRS1",NULL,NULL,NULL,"WF0000","2023-07-25 08:22:55","20230727","1000","QC7-8730-000","000","TAFJ","90.00","M/C","2","00"
"RA","3797270005","20240420","2000","8000.00","6100","MRS1",NULL,NULL,NULL,"WF0000","2024-04-18 12:33:51","20240421","0100","QC4-6467-000","000","M718","80.00","M/C","2","00"
"RA","3797270005","20240420","2000","8000.00","6100","MRS1",NULL,NULL,NULL,"WF0000","2024-04-18 12:33:51","20240421","0400","QC4-6467-000","000","M718","80.00","M/C","2","00"
"RA","3820270001","20230727","0800","24.00","6100","MRS1",NULL,NULL,NULL,"WF0000","2023-07-25 08:22:55","20230727","1000","QC7-8730-000","000","TAFJ","90.00","M/C","2","00"
"RA","3820270001","20230727","0800","72.00","6100","MRS1",NULL,NULL,NULL,"WF0000","2023-07-25 08:22:55","20230727","1100","QC7-8730-000","000","TAFJ","90.00","M/C","2","00"
"RA","3820270001","20230727","1300","64.00","6100","MRS1",NULL,NULL,NULL,"WF0000","2023-07-25 08:22:55","20230727","1400","QC7-8730-000","000","TAFJ","90.00","M/C","2","00"
"RA","3820270001","20230727","1300","76.00","6100","MRS1",NULL,NULL,NULL,"WF0000","2023-07-25 08:22:55","20230727","1300","QC7-8730-000","000","TAFJ","90.00","M/C","2","00"
"RA","3820270001","20230727","1500","72.00","6100","MRS1",NULL,NULL,NULL,"WF0000","2023-07-25 08:22:55","20230727","1500","QC7-8730-000","000","TAFJ","90.00","M/C","2","00"
"RA","3820270001","20230727","2300","92.00","6100","MRS1",NULL,NULL,NULL,"WF0000","2023-07-25 08:22:55","20230728","0400","QC7-8730-000","000","TAFJ","90.00","M/C","2","00"
"RA","3820270001","20230802","0800","24.00","6100","MRS1",NULL,NULL,NULL,"WF0000","2023-07-26 08:23:54","20230802","1000","QC7-8730-000","000","TAFJ","90.00","M/C","2","00"
"RA","3820270001","20230802","0800","48.00","6100","MRS1",NULL,NULL,NULL,"WF0000","2023-07-26 08:23:54","20230802","0900","QC7-8730-000","000","TAFJ","90.00","M/C","2","00"
"RA","3853570001","20240422","2000","8000.00","6100","MRS1",NULL,NULL,NULL,"WF0000","2024-04-19 08:20:25","20240423","0200","QC4-6467-000","000","M718","80.00","M/C","2","00"
"RA","3853570001","20240422","2000","8000.00","6100","MRS1",NULL,NULL,NULL,"WF0000","2024-04-19 08:20:25","20240423","0400","QC4-6467-000","000","M718","80.00","M/C","2","00"
"RA","3911540001","20240423","2000","8000.00","6100","MRS1",NULL,NULL,NULL,"WF0000","2024-04-20 08:19:19","20240424","0100","QC4-6467-000","000","M718","80.00","M/C","2","00"
"RA","3911540001","20240423","2000","8000.00","6100","MRS1",NULL,NULL,NULL,"WF0000","2024-04-20 08:19:19","20240424","0400","QC4-6467-000","000","M718","80.00","M/C","2","00"
"RA","3922810007","20230804","0800","12.00","6100","MRS1",NULL,NULL,NULL,"WF0000","2023-08-02 08:24:30","20230804","0800","QC7-8730-000","000","TAFJ","90.00","M/C","2","00"
"RA","3922810007","20230804","0800","60.00","6100","MRS1",NULL,NULL,NULL,"WF0000","2023-08-02 08:24:30","20230804","1000","QC7-8730-000","000","TAFJ","90.00","M/C","2","00"
"RA","3922810007","20230804","0800","68.00","6100","MRS1",NULL,NULL,NULL,"WF0000","2023-08-02 08:24:30","20230804","0900","QC7-8730-000","000","TAFJ","90.00","M/C","2","00"
"RA","3922810007","20230805","0800","8.00","6100","MRS1",NULL,NULL,NULL,"WF0000","2023-08-03 08:26:39","20230805","0800","QC7-8730-000","000","TAFJ","90.00","M/C","2","00"
"RA","3922810007","20230805","0800","64.00","6100","MRS1",NULL,NULL,NULL,"WF0000","2023-08-03 08:26:39","20230805","0900","QC7-8730-000","000","TAFJ","90.00","M/C","2","00"
"RA","3922810007","20230805","0800","68.00","6100","MRS1",NULL,NULL,NULL,"WF0000","2023-08-03 08:26:39","20230805","1000","QC7-8730-000","000","TAFJ","90.00","M/C","2","00"
"RA","3922810007","20230807","0800","4.00","6100","MRS1",NULL,NULL,NULL,"WF0000","2023-08-04 08:23:56","20230807","1100","QC7-8730-000","000","TAFJ","90.00","M/C","2","00"
"RA","3922810007","20230807","0800","32.00","6100","MRS1",NULL,NULL,NULL,"WF0000","2023-08-04 08:23:56","20230807","1000","QC7-8730-000","000","TAFJ","90.00","M/C","2","00"
"RA","3922810007","20230807","0800","104.00","6100","MRS1",NULL,NULL,NULL,"WF0000","2023-08-04 08:23:56","20230807","0800","QC7-8730-000","000","TAFJ","90.00","M/C","2","00"
"RA","3922810007","20230808","1300","56.00","6100","MRS1",NULL,NULL,NULL,"WF0000","2023-08-05 08:25:23","20230808","1300","QC7-8730-000","000","TAFJ","90.00","M/C","2","00"
"RA","3922810007","20230808","1300","64.00","6100","MRS1",NULL,NULL,NULL,"WF0000","2023-08-05 08:25:23","20230808","1400","QC7-8730-000","000","TAFJ","90.00","M/C","2","00"
"RA","3922810007","20230808","1500","20.00","6100","MRS1",NULL,NULL,NULL,"WF0000","2023-08-05 08:25:23","20230808","1500","QC7-8730-000","000","TAFJ","90.00","M/C","2","00"
"RA","3922810007","20230809","0800","140.00","6100","MRS1",NULL,NULL,NULL,"WF0000","2023-08-07 08:22:58","20230809","0800","QC7-8730-000","000","TAFJ","90.00","M/C","2","00"
"RA","3966400001","20240424","2000","8000.00","6100","MRS1",NULL,NULL,NULL,"WF0000","2024-04-22 08:19:32","20240425","0300","QC4-6467-000","000","M718","80.00","M/C","2","00"
"RA","3973530006","20230804","0800","16.00","6100","MRS1",NULL,NULL,NULL,"WF0000","2023-08-02 08:24:30","20230804","1000","QC7-8730-000","000","TAFJ","90.00","M/C","2","00"
"RA","3973530006","20230804","0800","72.00","6100","MRS1",NULL,NULL,NULL,"WF0000","2023-08-02 08:24:30","20230804","1100","QC7-8730-000","000","TAFJ","90.00","M/C","2","00"
"RA","3973530006","20230804","1300","64.00","6100","MRS1",NULL,NULL,NULL,"WF0000","2023-08-02 08:24:30","20230804","1400","QC7-8730-000","000","TAFJ","90.00","M/C","2","00"
"RA","3973530006","20230804","1300","76.00","6100","MRS1",NULL,NULL,NULL,"WF0000","2023-08-02 08:24:30","20230804","1300","QC7-8730-000","000","TAFJ","90.00","M/C","2","00"
"RA","3973530006","20230804","1500","72.00","6100","MRS1",NULL,NULL,NULL,"WF0000","2023-08-02 08:24:30","20230804","1500","QC7-8730-000","000","TAFJ","90.00","M/C","2","00"
"RA","3973530006","20230804","2300","92.00","6100","MRS1",NULL,NULL,NULL,"WF0000","2023-08-02 08:24:30","20230805","0400","QC7-8730-000","000","TAFJ","90.00","M/C","2","00"
"RA","4025560003","20240425","2000","8000.00","6100","MRS1",NULL,NULL,NULL,"WF0000","2024-04-23 08:20:25","20240426","0400","QC4-6467-000","000","M718","80.00","M/C","2","00"
"RA","4025610007","20230805","0800","32.00","6100","MRS1",NULL,NULL,NULL,"WF0000","2023-08-03 08:26:39","20230805","1100","QC7-8730-000","000","TAFJ","90.00","M/C","2","00"
"RA","4062160002","20250108","2000","16000.00","6100","MRS1",NULL,NULL,NULL,"WF0000","2025-01-06 08:19:43","20250108","0800","QC4-6467-000","000","M718","80.00","M/C","2","00"
"RA","4085030009","20230807","0800","72.00","6100","MRS1",NULL,NULL,NULL,"WF0000","2023-08-04 08:23:56","20230807","1100","QC7-8730-000","000","TAFJ","90.00","M/C","2","00"
"RA","4085030009","20230807","1300","64.00","6100","MRS1",NULL,NULL,NULL,"WF0000","2023-08-04 08:23:56","20230807","1400","QC7-8730-000","000","TAFJ","90.00","M/C","2","00"
"RA","4085030009","20230807","1300","76.00","6100","MRS1",NULL,NULL,NULL,"WF0000","2023-08-04 08:23:56","20230807","1300","QC7-8730-000","000","TAFJ","90.00","M/C","2","00"
"RA","4085030009","20230807","1500","76.00","6100","MRS1",NULL,NULL,NULL,"WF0000","2023-08-04 08:23:56","20230807","1500","QC7-8730-000","000","TAFJ","90.00","M/C","2","00"
"RA","4085030009","20230807","2300","92.00","6100","MRS1",NULL,NULL,NULL,"WF0000","2023-08-04 08:23:56","20230808","0400","QC7-8730-000","000","TAFJ","90.00","M/C","2","00"
"RA","4141460000","20250108","2000","8000.00","6100","MRS1",NULL,NULL,NULL,"WF0000","2025-01-06 08:19:43","20250108","0900","QC4-6467-000","000","M718","80.00","M/C","2","00"
"RA","4141460000","20250108","2000","8000.00","6100","MRS1",NULL,NULL,NULL,"WF0000","2025-01-06 08:19:43","20250108","1100","QC4-6467-000","000","M718","80.00","M/C","2","00"
"RA","4141460000","20250108","2000","8000.00","6100","MRS1",NULL,NULL,NULL,"WF0000","2025-01-06 08:19:43","20250108","1500","QC4-6467-000","000","M718","80.00","M/C","2","00"
"RA","4141460000","20250108","2000","16000.00","6100","MRS1",NULL,NULL,NULL,"WF0000","2025-01-06 08:19:43","20250108","0800","QC4-6467-000","000","M718","80.00","M/C","2","00"
"RA","4141470006","20250109","2000","8000.00","6100","MRS1",NULL,NULL,NULL,"WF0000","2025-01-07 08:19:57","20250109","1500","QC4-6467-000","000","M718","80.00","M/C","2","00"
"RA","4142390008","20230808","1500","56.00","6100","MRS1",NULL,NULL,NULL,"WF0000","2023-08-05 08:25:23","20230808","1500","QC7-8730-000","000","TAFJ","90.00","M/C","2","00"
"RA","4142390008","20230808","2300","92.00","6100","MRS1",NULL,NULL,NULL,"WF0000","2023-08-05 08:25:23","20230809","0400","QC7-8730-000","000","TAFJ","90.00","M/C","2","00"
"RA","4142390008","20230809","0800","68.00","6100","MRS1",NULL,NULL,NULL,"WF0000","2023-08-07 08:22:58","20230809","0900","QC7-8730-000","000","TAFJ","90.00","M/C","2","00"
"RA","4142390008","20230809","0800","72.00","6100","MRS1",NULL,NULL,NULL,"WF0000","2023-08-07 08:22:58","20230809","1000","QC7-8730-000","000","TAFJ","90.00","M/C","2","00"
"RA","4142390008","20230809","0800","76.00","6100","MRS1",NULL,NULL,NULL,"WF0000","2023-08-07 08:22:58","20230809","1100","QC7-8730-000","000","TAFJ","90.00","M/C","2","00"
"RA","4142390008","20230809","0800","264.00","6100","MRS1",NULL,NULL,NULL,"WF0000","2023-08-07 08:22:58","20230809","0800","QC7-8730-000","000","TAFJ","90.00","M/C","2","00"
"RA","4142390008","20230809","1300","60.00","6100","MRS1",NULL,NULL,NULL,"WF0000","2023-08-07 08:22:58","20230809","1300","QC7-8730-000","000","TAFJ","90.00","M/C","2","00"
"RA","4193720008","20250110","2000","8000.00","6100","MRS1",NULL,NULL,NULL,"WF0000","2025-01-08 08:20:39","20250111","0400","QC4-6467-000","000","M718","80.00","M/C","2","00"
"RA","4209200005","20230809","1300","16.00","6100","MRS1",NULL,NULL,NULL,"WF0000","2023-08-07 08:22:58","20230809","1300","QC7-8730-000","000","TAFJ","90.00","M/C","2","00"
"RA","4209200005","20230809","1300","64.00","6100","MRS1",NULL,NULL,NULL,"WF0000","2023-08-07 08:22:58","20230809","1400","QC7-8730-000","000","TAFJ","90.00","M/C","2","00"
"RA","4209200005","20230809","1500","76.00","6100","MRS1",NULL,NULL,NULL,"WF0000","2023-08-07 08:22:58","20230809","1500","QC7-8730-000","000","TAFJ","90.00","M/C","2","00"
"RA","4209200005","20230809","2300","56.00","6100","MRS1",NULL,NULL,NULL,"WF0000","2023-08-07 08:22:58","20230810","0400","QC7-8730-000","000","TAFJ","90.00","M/C","2","00"
"RA","4355250000","20250115","2000","8000.00","6100","MRS1",NULL,NULL,NULL,"WF0000","2025-01-13 08:20:36","20250116","0100","QC4-6467-000","000","M718","80.00","M/C","2","00"
"RA","4413570008","20250116","2000","8000.00","6100","MRS1",NULL,NULL,NULL,"WF0000","2025-01-14 08:23:05","20250117","0300","QC4-6467-000","000","M718","80.00","M/C","2","00"
"RA","4469060000","20250117","2000","8000.00","6100","MRS1",NULL,NULL,NULL,"WF0000","2025-01-15 08:23:06","20250118","0400","QC4-6467-000","000","M718","80.00","M/C","2","00"
"RA","4640980009","20250121","2000","8000.00","6100","MRS1",NULL,NULL,NULL,"WF0000","2025-01-18 08:20:59","20250122","0400","QC4-6467-000","000","M718","80.00","M/C","2","00"
"RA","4877300003","20240520","2000","8000.00","6100","MRS1",NULL,NULL,NULL,"WF0000","2024-05-15 08:22:33","20240521","0300","QC4-6467-000","000","M718","80.00","M/C","3","00"
"RA","5162310006","20240527","2000","8000.00","6100","MRS1",NULL,NULL,NULL,"WF0000","2024-05-24 08:21:07","20240527","2300","QC4-6467-000","000","M718","80.00","M/C","2","00"
"RA","5162310006","20240527","2000","8000.00","6100","MRS1",NULL,NULL,NULL,"WF0000","2024-05-24 08:21:07","20240528","0300","QC4-6467-000","000","M718","80.00","M/C","2","00"
"RA","5219520000","20240528","2000","8000.00","6100","MRS1",NULL,NULL,NULL,"WF0000","2024-05-25 08:19:45","20240528","2000","QC4-6467-000","000","M718","80.00","M/C","2","00"
"RA","5219520000","20240528","2000","8000.00","6100","MRS1",NULL,NULL,NULL,"WF0000","2024-05-25 08:19:45","20240529","0100","QC4-6467-000","000","M718","80.00","M/C","2","00"
"RA","5219520000","20240528","2000","8000.00","6100","MRS1",NULL,NULL,NULL,"WF0000","2024-05-25 08:19:45","20240529","0400","QC4-6467-000","000","M718","80.00","M/C","2","00"
"RA","5277230002","20240529","2000","8000.00","6100","MRS1",NULL,NULL,NULL,"WF0000","2024-05-27 08:19:33","20240530","0400","QC4-6467-000","000","M718","80.00","M/C","2","00"
"RA","6192050008","20240620","2000","8000.00","6100","MRS1",NULL,NULL,NULL,"WF0000","2024-06-18 08:20:08","20240621","0400","QC4-6467-000","000","M718","80.00","M/C","2","00"
"RA","7380000001","20231031","2000","4000.00","6100","MRS1",NULL,NULL,NULL,"WF0000","2023-10-28 08:21:05","20231101","0400","QC4-6467-000","000","M718","80.00","M/C","2","00"
"RA","7530040003","20231103","2000","4000.00","6100","MRS1",NULL,NULL,NULL,"WF0000","2023-11-01 08:24:45","20231103","1500","QC4-6467-000","000","M718","80.00","M/C","2","00"
"RA","7530040003","20231103","2000","4000.00","6100","MRS1",NULL,NULL,NULL,"WF0000","2023-11-01 08:24:45","20231104","0400","QC4-6467-000","000","M718","80.00","M/C","2","00"
"RA","7729200001","20231109","2000","8000.00","6100","MRS1",NULL,NULL,NULL,"WF0000","2023-11-07 08:23:25","20231109","1500","QC4-6467-000","000","M718","80.00","M/C","2","00"
"RA","7922460004","20231114","2000","8000.00","6100","MRS1",NULL,NULL,NULL,"WF0000","2023-11-11 08:20:46","20231114","1500","QC4-6467-000","000","M718","80.00","M/C","2","00"
"RA","8047430002","20231120","2000","8000.00","6100","MRS1",NULL,NULL,NULL,"WF0000","2023-11-15 08:24:46","20231121","0400","QC4-6467-000","000","M718","80.00","M/C","3","00"
"RA","8169920002","20231122","2000","8000.00","6100","MRS1",NULL,NULL,NULL,"WF0000","2023-11-20 08:21:44","20231122","1500","QC4-6467-000","000","M718","80.00","M/C","2","00"
"RA","8169920002","20231122","2000","8000.00","6100","MRS1",NULL,NULL,NULL,"WF0000","2023-11-20 08:21:44","20231123","0400","QC4-6467-000","000","M718","80.00","M/C","2","00"
"RA","8458830003","20231129","2000","8000.00","6100","MRS1",NULL,NULL,NULL,"WF0000","2023-11-27 08:26:14","20231130","0400","QC4-6467-000","000","M718","80.00","M/C","2","00"
"RA","8503890003","20240816","2000","8000.00","6100","MRS1",NULL,NULL,NULL,"WF0000","2024-08-14 08:23:47","20240817","0400","QC4-6467-000","000","M718","80.00","M/C","2","00"
"RA","8508650000","20231130","2000","8000.00","6100","MRS1",NULL,NULL,NULL,"WF0000","2023-11-28 08:29:04","20231201","0400","QC4-6467-000","000","M718","80.00","M/C","2","00"
"RA","8732570006","20240821","2000","8000.00","6100","MRS1",NULL,NULL,NULL,"WF0000","2024-08-19 08:20:27","20240822","0400","QC4-6467-000","000","M718","80.00","M/C","2","00"
"RA","9012350008","20240828","2000","8000.00","6100","MRS1",NULL,NULL,NULL,"WF0000","2024-08-26 08:23:10","20240829","0400","QC4-6467-000","000","M718","80.00","M/C","2","00"
"RA","9051060008","20231215","2000","8000.00","6100","MRS1",NULL,NULL,NULL,"WF0000","2023-12-13 08:27:18","20231216","0400","QC4-6467-000","000","M718","80.00","M/C","2","00"
"RA","9177390001","20240902","2000","8000.00","6100","MRS1",NULL,NULL,NULL,"WF0000","2024-08-29 08:22:23","20240903","0400","QC4-6467-000","000","M718","80.00","M/C","2","00"
"RA","9289580001","20260109","1400","80.00","6100","MRS1",NULL,NULL,NULL,"WF0000","2026-01-07 11:15:42","20260109","1500","QC5-2416-000","000","SAPN","100.00","M/C","2","00"
"RA","9289580001","20260109","1400","160.00","6100","MRS1",NULL,NULL,NULL,"WF0000","2026-01-07 11:15:42","20260109","1600","QC5-2416-000","000","SAPN","100.00","M/C","2","00"
"RA","9289580001","20260109","1400","160.00","6100","MRS1",NULL,NULL,NULL,"WF0000","2026-01-07 11:15:42","20260109","2000","QC5-2416-000","000","SAPN","100.00","M/C","2","00"
"RA","9289580001","20260109","1400","160.00","6100","MRS1",NULL,NULL,NULL,"WF0000","2026-01-07 11:15:42","20260109","2100","QC5-2416-000","000","SAPN","100.00","M/C","2","00"
"RA","9289580001","20260109","2200","80.00","6100","MRS1",NULL,NULL,NULL,"WF0000","2026-01-07 11:15:42","20260109","2300","QC5-2416-000","000","SAPN","100.00","M/C","2","00"
"RA","9289580001","20260109","2200","160.00","6100","MRS1",NULL,NULL,NULL,"WF0000","2026-01-07 11:15:42","20260109","2200","QC5-2416-000","000","SAPN","100.00","M/C","2","00"
"RA","9289590007","20260109","1400","80.00","6100","MRS1",NULL,NULL,NULL,"WF0000","2026-01-07 11:15:42","20260109","1500","QC5-2417-000","000","SAPN","100.00","M/C","2","00"
"RA","9289590007","20260109","1400","160.00","6100","MRS1",NULL,NULL,NULL,"WF0000","2026-01-07 11:15:42","20260109","1600","QC5-2417-000","000","SAPN","100.00","M/C","2","00"
"RA","9289590007","20260109","1400","160.00","6100","MRS1",NULL,NULL,NULL,"WF0000","2026-01-07 11:15:42","20260109","2100","QC5-2417-000","000","SAPN","100.00","M/C","2","00"
"RA","9289590007","20260109","1400","180.00","6100","MRS1",NULL,NULL,NULL,"WF0000","2026-01-07 11:15:42","20260109","2000","QC5-2417-000","000","SAPN","100.00","M/C","2","00"
"RA","9289590007","20260109","2200","80.00","6100","MRS1",NULL,NULL,NULL,"WF0000","2026-01-07 11:15:42","20260109","2300","QC5-2417-000","000","SAPN","100.00","M/C","2","00"
"RA","9289590007","20260109","2200","140.00","6100","MRS1",NULL,NULL,NULL,"WF0000","2026-01-07 11:15:42","20260109","2200","QC5-2417-000","000","SAPN","100.00","M/C","2","00"
"RA","9289600005","20260109","1400","80.00","6100","MRS1",NULL,NULL,NULL,"WF0000","2026-01-07 11:15:42","20260109","1500","QC5-2418-000","000","SAPN","100.00","M/C","2","00"
"RA","9289600005","20260109","1400","140.00","6100","MRS1",NULL,NULL,NULL,"WF0000","2026-01-07 11:15:42","20260109","2100","QC5-2418-000","000","SAPN","100.00","M/C","2","00"
"RA","9289600005","20260109","1400","160.00","6100","MRS1",NULL,NULL,NULL,"WF0000","2026-01-07 11:15:42","20260109","1600","QC5-2418-000","000","SAPN","100.00","M/C","2","00"
"RA","9289600005","20260109","1400","180.00","6100","MRS1",NULL,NULL,NULL,"WF0000","2026-01-07 11:15:42","20260109","2000","QC5-2418-000","000","SAPN","100.00","M/C","2","00"
"RA","9289600005","20260109","2200","80.00","6100","MRS1",NULL,NULL,NULL,"WF0000","2026-01-07 11:15:42","20260109","2300","QC5-2418-000","000","SAPN","100.00","M/C","2","00"
"RA","9289600005","20260109","2200","140.00","6100","MRS1",NULL,NULL,NULL,"WF0000","2026-01-07 11:15:42","20260109","2200","QC5-2418-000","000","SAPN","100.00","M/C","2","00"
"RA","9289850008","20260109","1000","140.00","6100","MRS1",NULL,NULL,NULL,"WF0000","2026-01-07 11:15:42","20260109","1000","QC5-5528-000","000","SAPN","100.00","M/C","2","00"
"RA","9289850008","20260109","1000","140.00","6100","MRS1",NULL,NULL,NULL,"WF0000","2026-01-07 11:15:42","20260109","1100","QC5-5528-000","000","SAPN","100.00","M/C","2","00"
"RA","9289850008","20260109","1000","160.00","6100","MRS1",NULL,NULL,NULL,"WF0000","2026-01-07 11:15:42","20260109","1300","QC5-5528-000","000","SAPN","100.00","M/C","2","00"
"RA","9289850008","20260109","1400","40.00","6100","MRS1",NULL,NULL,NULL,"WF0000","2026-01-07 11:15:42","20260109","1500","QC5-5528-000","000","SAPN","100.00","M/C","2","00"
"RA","9289850008","20260109","1400","140.00","6100","MRS1",NULL,NULL,NULL,"WF0000","2026-01-07 11:15:42","20260109","1400","QC5-5528-000","000","SAPN","100.00","M/C","2","00"
"RA","9289850008","20260109","2200","80.00","6100","MRS1",NULL,NULL,NULL,"WF0000","2026-01-07 11:15:42","20260109","2300","QC5-5528-000","000","SAPN","100.00","M/C","2","00"
"RA","9289860004","20260109","1000","140.00","6100","MRS1",NULL,NULL,NULL,"WF0000","2026-01-07 11:15:42","20260109","1000","QC5-5531-000","000","SAPN","100.00","M/C","2","00"
"RA","9289860004","20260109","1000","140.00","6100","MRS1",NULL,NULL,NULL,"WF0000","2026-01-07 11:15:42","20260109","1100","QC5-5531-000","000","SAPN","100.00","M/C","2","00"
"RA","9289860004","20260109","1000","140.00","6100","MRS1",NULL,NULL,NULL,"WF0000","2026-01-07 11:15:42","20260109","1300","QC5-5531-000","000","SAPN","100.00","M/C","2","00"
"RA","9289860004","20260109","1400","40.00","6100","MRS1",NULL,NULL,NULL,"WF0000","2026-01-07 11:15:42","20260109","1500","QC5-5531-000","000","SAPN","100.00","M/C","2","00"
"RA","9289860004","20260109","1400","160.00","6100","MRS1",NULL,NULL,NULL,"WF0000","2026-01-07 11:15:42","20260109","1400","QC5-5531-000","000","SAPN","100.00","M/C","2","00"
"RA","9289860004","20260109","2200","60.00","6100","MRS1",NULL,NULL,NULL,"WF0000","2026-01-07 11:15:42","20260109","2300","QC5-5531-000","000","SAPN","100.00","M/C","2","00"
"RA","9289870001","20260109","1000","80.00","6100","MRS1",NULL,NULL,NULL,"WF0000","2026-01-07 11:15:42","20260109","1000","QC5-5532-000","000","SAPN","100.00","M/C","2","00"
"RA","9289870001","20260109","1000","160.00","6100","MRS1",NULL,NULL,NULL,"WF0000","2026-01-07 11:15:42","20260109","1100","QC5-5532-000","000","SAPN","100.00","M/C","2","00"
"RA","9289870001","20260109","1000","160.00","6100","MRS1",NULL,NULL,NULL,"WF0000","2026-01-07 11:15:42","20260109","1300","QC5-5532-000","000","SAPN","100.00","M/C","2","00"
"RA","9289870001","20260109","1400","160.00","6100","MRS1",NULL,NULL,NULL,"WF0000","2026-01-07 11:15:42","20260109","1400","QC5-5532-000","000","SAPN","100.00","M/C","2","00"
"RA","9289870001","20260109","2200","80.00","6100","MRS1",NULL,NULL,NULL,"WF0000","2026-01-07 11:15:42","20260109","2300","QC5-5532-000","000","SAPN","100.00","M/C","2","00"
"RA","9290080006","20260109","1000","40.00","    ","MRS1","  ",NULL,NULL,"WF0000","2026-01-07 11:15:42","20260109","1000","QC6-8786-000","000","SAPN","100.00","M/T","2","00"
"RA","9341820001","20260109","2200","140.00","6100","MRS1",NULL,NULL,NULL,"WF0000","2026-01-07 11:15:42","20260110","0100","QC5-5528-000","000","SAPN","100.00","M/C","2","00"
"RA","9341820001","20260109","2200","140.00","6100","MRS1",NULL,NULL,NULL,"WF0000","2026-01-07 11:15:42","20260110","0300","QC5-5528-000","000","SAPN","100.00","M/C","2","00"
"RA","9341820001","20260109","2200","140.00","6100","MRS1",NULL,NULL,NULL,"WF0000","2026-01-07 11:15:42","20260110","0400","QC5-5528-000","000","SAPN","100.00","M/C","2","00"
"RA","9341820001","20260109","2200","160.00","6100","MRS1",NULL,NULL,NULL,"WF0000","2026-01-07 11:15:42","20260110","0200","QC5-5528-000","000","SAPN","100.00","M/C","2","00"
"RA","9341820001","20260109","2200","160.00","6100","MRS1",NULL,NULL,NULL,"WF0000","2026-01-07 11:15:42","20260112","0900","QC5-5528-000","000","SAPN","100.00","M/C","2","00"
"RA","9341820001","20260109","2200","200.00","6100","MRS1",NULL,NULL,NULL,"WF0000","2026-01-07 11:15:42","20260112","0800","QC5-5528-000","000","SAPN","100.00","M/C","2","00"
"RA","9341830007","20260109","2200","120.00","6100","MRS1",NULL,NULL,NULL,"WF0000","2026-01-07 11:15:42","20260110","0300","QC5-5531-000","000","SAPN","100.00","M/C","2","00"
"RA","9341830007","20260109","2200","140.00","6100","MRS1",NULL,NULL,NULL,"WF0000","2026-01-07 11:15:42","20260112","0900","QC5-5531-000","000","SAPN","100.00","M/C","2","00"
"RA","9341830007","20260109","2200","160.00","6100","MRS1",NULL,NULL,NULL,"WF0000","2026-01-07 11:15:42","20260110","0100","QC5-5531-000","000","SAPN","100.00","M/C","2","00"
"RA","9341830007","20260109","2200","160.00","6100","MRS1",NULL,NULL,NULL,"WF0000","2026-01-07 11:15:42","20260110","0200","QC5-5531-000","000","SAPN","100.00","M/C","2","00"
"RA","9341830007","20260109","2200","160.00","6100","MRS1",NULL,NULL,NULL,"WF0000","2026-01-07 11:15:42","20260110","0400","QC5-5531-000","000","SAPN","100.00","M/C","2","00"
"RA","9341830007","20260109","2200","200.00","6100","MRS1",NULL,NULL,NULL,"WF0000","2026-01-07 11:15:42","20260112","0800","QC5-5531-000","000","SAPN","100.00","M/C","2","00"
"RA","9341840003","20260109","2200","160.00","6100","MRS1",NULL,NULL,NULL,"WF0000","2026-01-07 11:15:42","20260110","0100","QC5-5532-000","000","SAPN","100.00","M/C","2","00"
"RA","9341840003","20260109","2200","160.00","6100","MRS1",NULL,NULL,NULL,"WF0000","2026-01-07 11:15:42","20260110","0200","QC5-5532-000","000","SAPN","100.00","M/C","2","00"
"RA","9341840003","20260109","2200","160.00","6100","MRS1",NULL,NULL,NULL,"WF0000","2026-01-07 11:15:42","20260110","0300","QC5-5532-000","000","SAPN","100.00","M/C","2","00"
"RA","9341840003","20260109","2200","160.00","6100","MRS1",NULL,NULL,NULL,"WF0000","2026-01-07 11:15:42","20260110","0400","QC5-5532-000","000","SAPN","100.00","M/C","2","00"
"RA","9341840003","20260109","2200","160.00","6100","MRS1",NULL,NULL,NULL,"WF0000","2026-01-07 11:15:42","20260112","0800","QC5-5532-000","000","SAPN","100.00","M/C","2","00"
"RA","9341840003","20260109","2200","160.00","6100","MRS1",NULL,NULL,NULL,"WF0000","2026-01-07 11:15:42","20260112","0900","QC5-5532-000","000","SAPN","100.00","M/C","2","00"
"RA","9342480001","20260109","1000","20.00","    ","MRS1","  ",NULL,NULL,"WF0000","2026-01-07 11:15:42","20260109","1000","QC6-8786-000","000","SAPN","100.00","M/T","2","00"
"RA","9342480001","20260109","1000","60.00","    ","MRS1","  ",NULL,NULL,"WF0000","2026-01-07 11:15:42","20260109","1100","QC6-8786-000","000","SAPN","100.00","M/T","2","00"
"RA","9342480001","20260109","1000","60.00","    ","MRS1","  ",NULL,NULL,"WF0000","2026-01-07 11:15:42","20260109","1300","QC6-8786-000","000","SAPN","100.00","M/T","2","00"
"RA","9342480001","20260109","1400","40.00","    ","MRS1","  ",NULL,NULL,"WF0000","2026-01-07 11:15:42","20260109","1500","QC6-8786-000","000","SAPN","100.00","M/T","2","00"
"RA","9342480001","20260109","1400","60.00","    ","MRS1","  ",NULL,NULL,"WF0000","2026-01-07 11:15:42","20260109","1400","QC6-8786-000","000","SAPN","100.00","M/T","2","00"
"RA","9342480001","20260109","2200","60.00","    ","MRS1","  ",NULL,NULL,"WF0000","2026-01-07 11:15:42","20260112","0900","QC6-8786-000","000","SAPN","100.00","M/T","2","00"
"RA","9342480001","20260109","2200","80.00","    ","MRS1","  ",NULL,NULL,"WF0000","2026-01-07 11:15:42","20260110","0400","QC6-8786-000","000","SAPN","100.00","M/T","2","00"
"RA","9342480001","20260109","2200","80.00","    ","MRS1","  ",NULL,NULL,"WF0000","2026-01-07 11:15:42","20260112","0800","QC6-8786-000","000","SAPN","100.00","M/T","2","00"
"RA","9406210002","20240906","2000","8000.00","6100","MRS1",NULL,NULL,NULL,"WF0000","2024-09-04 08:23:03","20240907","0400","QC4-6467-000","000","M718","80.00","M/C","2","00"
"RA","9484990001","20260109","1400","10.00","6200","MRS1",NULL,NULL,NULL,"WF0000","2026-01-07 11:15:42","20260109","2000","QC6-6999-000","000","S811","100.00","M/C","2","00"
"RA","9484990001","20260109","1400","20.00","6200","MRS1",NULL,NULL,NULL,"WF0000","2026-01-07 11:15:42","20260109","1600","QC6-6999-000","000","S811","100.00","M/C","2","00"
"RA","9484990001","20260109","1400","20.00","6200","MRS1",NULL,NULL,NULL,"WF0000","2026-01-07 11:15:42","20260109","2100","QC6-6999-000","000","S811","100.00","M/C","2","00"
"RA","9518090008","20260109","1000","200.00","    ","MRS1","  ",NULL,NULL,"WF0000","2026-01-07 11:15:42","20260109","1000","QC5-3651-000","000","T731","100.00","M/T","2","01"
"RA","9518090008","20260109","1000","200.00","    ","MRS1","  ",NULL,NULL,"WF0000","2026-01-07 11:15:42","20260109","1100","QC5-3651-000","000","T731","100.00","M/T","2","01"
"RA","9518090008","20260109","1000","200.00","    ","MRS1","  ",NULL,NULL,"WF0000","2026-01-07 11:15:42","20260109","1300","QC5-3651-000","000","T731","100.00","M/T","2","01"
"RA","9518090008","20260109","1400","200.00","    ","MRS1","  ",NULL,NULL,"WF0000","2026-01-07 11:15:42","20260109","1400","QC5-3651-000","000","T731","100.00","M/T","2","01"
"RA","9518090008","20260109","1400","200.00","    ","MRS1","  ",NULL,NULL,"WF0000","2026-01-07 11:15:42","20260109","1500","QC5-3651-000","000","T731","100.00","M/T","2","01"
"RA","9518090008","20260109","1400","200.00","    ","MRS1","  ",NULL,NULL,"WF0000","2026-01-07 11:15:42","20260109","2000","QC5-3651-000","000","T731","100.00","M/T","2","01"
"RA","9518090008","20260109","2200","200.00","    ","MRS1","  ",NULL,NULL,"WF0000","2026-01-07 11:15:42","20260109","2200","QC5-3651-000","000","T731","100.00","M/T","2","01"
"RA","9518090008","20260109","2200","200.00","    ","MRS1","  ",NULL,NULL,"WF0000","2026-01-07 11:15:42","20260109","2300","QC5-3651-000","000","T731","100.00","M/T","2","01"
"RA","9518090008","20260109","2200","200.00","    ","MRS1","  ",NULL,NULL,"WF0000","2026-01-07 11:15:42","20260110","0200","QC5-3651-000","000","T731","100.00","M/T","2","01"
"RA","9518090008","20260109","2200","200.00","    ","MRS1","  ",NULL,NULL,"WF0000","2026-01-07 11:15:42","20260110","0300","QC5-3651-000","000","T731","100.00","M/T","2","01"
"RA","9518090008","20260109","2200","200.00","    ","MRS1","  ",NULL,NULL,"WF0000","2026-01-07 11:15:42","20260110","0400","QC5-3651-000","000","T731","100.00","M/T","2","01"
"RA","9518090008","20260109","2200","200.00","    ","MRS1","  ",NULL,NULL,"WF0000","2026-01-07 11:15:42","20260112","0900","QC5-3651-000","000","T731","100.00","M/T","2","01"
"RA","9519850001","20260109","1400","100.00","6100","MRS1",NULL,NULL,NULL,"WF0000","2026-01-07 11:15:42","20260109","1400","QC7-8747-000","000","T731","100.00","M/C","2","01"
"RA","9519850001","20260109","1400","140.00","6100","MRS1",NULL,NULL,NULL,"WF0000","2026-01-07 11:15:42","20260109","1500","QC7-8747-000","000","T731","100.00","M/C","2","01"
"RA","9529940003","20250521","2000","8000.00","6100","MRS1",NULL,NULL,NULL,"WF0000","2025-05-19 08:21:02","20250521","0800","QC4-6467-000","000","M718","80.00","M/C","2","00"
"RA","9529940003","20250521","2000","8000.00","6100","MRS1",NULL,NULL,NULL,"WF0000","2025-05-19 08:21:02","20250521","1400","QC4-6467-000","000","M718","80.00","M/C","2","00"
"RA","9536080000","20260109","2100","80.00","6100","MRS1",NULL,NULL,NULL,"WF0000","2026-01-07 11:15:42","20260112","1400","QT6-1648-000","000","F016","100.00","M/C","2","00"
"RA","9536080000","20260109","2100","80.00","6100","MRS1",NULL,NULL,NULL,"WF0000","2026-01-07 11:15:42","20260112","2000","QT6-1648-000","000","F016","100.00","M/C","2","00"
"RA","9536080000","20260109","2100","160.00","6100","MRS1",NULL,NULL,NULL,"WF0000","2026-01-07 11:15:42","20260112","1500","QT6-1648-000","000","F016","100.00","M/C","2","00"
"RA","9536080000","20260109","2100","200.00","6100","MRS1",NULL,NULL,NULL,"WF0000","2026-01-07 11:15:42","20260112","1600","QT6-1648-000","000","F016","100.00","M/C","2","00"
"RA","9536090006","20260109","2100","40.00","6100","MRS1",NULL,NULL,NULL,"WF0000","2026-01-07 11:15:42","20260112","0800","QT6-1658-000","000","F016","100.00","M/C","2","00"
"RA","9536090006","20260109","2100","60.00","6100","MRS1",NULL,NULL,NULL,"WF0000","2026-01-07 11:15:42","20260112","0900","QT6-1658-000","000","F016","100.00","M/C","2","00"
"RA","9536090006","20260109","2100","80.00","6100","MRS1",NULL,NULL,NULL,"WF0000","2026-01-07 11:15:42","20260112","2000","QT6-1658-000","000","F016","100.00","M/C","2","00"
"RA","9536100004","20260109","2100","40.00","6100","MRS1",NULL,NULL,NULL,"WF0000","2026-01-07 11:15:42","20260112","1100","QT6-1659-000","000","F016","100.00","M/C","2","00"
"RA","9536100004","20260109","2100","80.00","6100","MRS1",NULL,NULL,NULL,"WF0000","2026-01-07 11:15:42","20260112","2000","QT6-1659-000","000","F016","100.00","M/C","2","00"
"RA","9536100004","20260109","2100","120.00","6100","MRS1",NULL,NULL,NULL,"WF0000","2026-01-07 11:15:42","20260112","1400","QT6-1659-000","000","F016","100.00","M/C","2","00"
"RA","9536100004","20260109","2100","160.00","6100","MRS1",NULL,NULL,NULL,"WF0000","2026-01-07 11:15:42","20260112","1300","QT6-1659-000","000","F016","100.00","M/C","2","00"
"RA","9536100004","20260109","2100","160.00","6100","MRS1",NULL,NULL,NULL,"WF0000","2026-01-07 11:15:42","20260112","1500","QT6-1659-000","000","F016","100.00","M/C","2","00"
"RA","9536100004","20260109","2100","200.00","6100","MRS1",NULL,NULL,NULL,"WF0000","2026-01-07 11:15:42","20260112","1600","QT6-1659-000","000","F016","100.00","M/C","2","00"
"RA","9536200000","20260109","2100","20.00","6200","MRS1",NULL,NULL,NULL,"WF0000","2026-01-07 11:15:42","20260112","1300","QT6-2852-000","000","F016","100.00","M/C","2","00"
"RA","9536200000","20260109","2100","20.00","6200","MRS1",NULL,NULL,NULL,"WF0000","2026-01-07 11:15:42","20260112","1500","QT6-2852-000","000","F016","100.00","M/C","2","00"
"RA","9536200000","20260109","2100","40.00","6200","MRS1",NULL,NULL,NULL,"WF0000","2026-01-07 11:15:42","20260112","1100","QT6-2852-000","000","F016","100.00","M/C","2","00"
"RA","9536200000","20260109","2100","40.00","6200","MRS1",NULL,NULL,NULL,"WF0000","2026-01-07 11:15:42","20260112","1400","QT6-2852-000","000","F016","100.00","M/C","2","00"
"RA","9536200000","20260109","2100","40.00","6200","MRS1",NULL,NULL,NULL,"WF0000","2026-01-07 11:15:42","20260112","1600","QT6-2852-000","000","F016","100.00","M/C","2","00"
"RA","9536200000","20260109","2100","40.00","6200","MRS1",NULL,NULL,NULL,"WF0000","2026-01-07 11:15:42","20260112","2000","QT6-2852-000","000","F016","100.00","M/C","2","00"
"RA","9536210006","20260109","2100","20.00","6200","MRS1",NULL,NULL,NULL,"WF0000","2026-01-07 11:15:42","20260112","1300","QT6-2853-000","000","F016","100.00","M/C","2","00"
"RA","9536210006","20260109","2100","20.00","6200","MRS1",NULL,NULL,NULL,"WF0000","2026-01-07 11:15:42","20260112","1500","QT6-2853-000","000","F016","100.00","M/C","2","00"
"RA","9536210006","20260109","2100","40.00","6200","MRS1",NULL,NULL,NULL,"WF0000","2026-01-07 11:15:42","20260112","1100","QT6-2853-000","000","F016","100.00","M/C","2","00"
"RA","9536210006","20260109","2100","40.00","6200","MRS1",NULL,NULL,NULL,"WF0000","2026-01-07 11:15:42","20260112","1400","QT6-2853-000","000","F016","100.00","M/C","2","00"
"RA","9536210006","20260109","2100","40.00","6200","MRS1",NULL,NULL,NULL,"WF0000","2026-01-07 11:15:42","20260112","1600","QT6-2853-000","000","F016","100.00","M/C","2","00"
"RA","9536210006","20260109","2100","40.00","6200","MRS1",NULL,NULL,NULL,"WF0000","2026-01-07 11:15:42","20260112","2000","QT6-2853-000","000","F016","100.00","M/C","2","00"
"RA","9536240005","20260109","2100","20.00","6200","MRS1",NULL,NULL,NULL,"WF0000","2026-01-07 11:15:42","20260109","1500","QT6-3775-000","000","F016","100.00","M/C","2","00"
"RA","9536240005","20260109","2100","20.00","6200","MRS1",NULL,NULL,NULL,"WF0000","2026-01-07 11:15:42","20260112","0900","QT6-3775-000","000","F016","100.00","M/C","2","00"
"RA","9536240005","20260109","2100","60.00","6200","MRS1",NULL,NULL,NULL,"WF0000","2026-01-07 11:15:42","20260110","0400","QT6-3775-000","000","F016","100.00","M/C","2","00"
"RA","9536240005","20260109","2100","60.00","6200","MRS1",NULL,NULL,NULL,"WF0000","2026-01-07 11:15:42","20260112","0800","QT6-3775-000","000","F016","100.00","M/C","2","00"
"RA","9563510000","20260109","1500","20.00","6200","MRS1",NULL,NULL,NULL,"WF0000","2026-01-07 11:15:42","20260112","1300","QC7-4865-000","000","R200","100.00","M/C","2","00"
"RA","9563510000","20260109","1500","100.00","6200","MRS1",NULL,NULL,NULL,"WF0000","2026-01-07 11:15:42","20260112","1400","QC7-4865-000","000","R200","100.00","M/C","2","00"
"RA","9565310008","20260109","0900","300.00","6200","MRS1",NULL,NULL,NULL,"WF0000","2026-01-07 11:15:42","20260109","0900","QC5-3635-000","000","S811","100.00","M/C","2","00"
"RA","9565310008","20260109","0900","300.00","6200","MRS1",NULL,NULL,NULL,"WF0000","2026-01-07 11:15:42","20260109","1300","QC5-3635-000","000","S811","100.00","M/C","2","00"
"RA","9565310008","20260109","1400","300.00","6200","MRS1",NULL,NULL,NULL,"WF0000","2026-01-07 11:15:42","20260109","1600","QC5-3635-000","000","S811","100.00","M/C","2","00"
"RA","9565310008","20260109","1400","300.00","6200","MRS1",NULL,NULL,NULL,"WF0000","2026-01-07 11:15:42","20260109","2200","QC5-3635-000","000","S811","100.00","M/C","2","00"
"RA","9565500002","20260109","0900","40.00","6200","MRS1",NULL,NULL,NULL,"WF0000","2026-01-07 11:15:42","20260109","0900","QC5-5630-000","000","S811","100.00","M/C","2","00"
"RA","9565540008","20260109","0900","30.00","6200","MRS1",NULL,NULL,NULL,"WF0000","2026-01-07 11:15:42","20260109","0900","QC5-5752-000","000","S811","100.00","M/C","2","00"
"RA","9565920007","20260109","0900","70.00","6200","MRS1",NULL,NULL,NULL,"WF0000","2026-01-07 11:15:42","20260109","0900","QC6-6616-000","000","S811","100.00","M/C","2","00"
"RA","9565920007","20260109","0900","70.00","6200","MRS1",NULL,NULL,NULL,"WF0000","2026-01-07 11:15:42","20260109","1000","QC6-6616-000","000","S811","100.00","M/C","2","00"
"RA","9565920007","20260109","0900","110.00","6200","MRS1",NULL,NULL,NULL,"WF0000","2026-01-07 11:15:42","20260109","1100","QC6-6616-000","000","S811","100.00","M/C","2","00"
"RA","9565920007","20260109","0900","110.00","6200","MRS1",NULL,NULL,NULL,"WF0000","2026-01-07 11:15:42","20260109","1300","QC6-6616-000","000","S811","100.00","M/C","2","00"
"RA","9565920007","20260109","1400","20.00","6200","MRS1",NULL,NULL,NULL,"WF0000","2026-01-07 11:15:42","20260109","1400","QC6-6616-000","000","S811","100.00","M/C","2","00"
"RA","9565950006","20260109","1400","20.00","6200","MRS1",NULL,NULL,NULL,"WF0000","2026-01-07 11:15:42","20260109","1600","QC6-6807-000","000","S811","100.00","M/C","2","00"
"RA","9566010006","20260109","1400","40.00","6200","MRS1",NULL,NULL,NULL,"WF0000","2026-01-07 11:15:42","20260109","1600","QC6-6975-000","000","S811","100.00","M/C","2","00"
"RA","9566010006","20260109","1400","40.00","6200","MRS1",NULL,NULL,NULL,"WF0000","2026-01-07 11:15:42","20260109","2100","QC6-6975-000","000","S811","100.00","M/C","2","00"
"RA","9566020002","20260109","1400","10.00","6200","MRS1",NULL,NULL,NULL,"WF0000","2026-01-07 11:15:42","20260109","2300","QC6-6999-000","000","S811","100.00","M/C","2","00"
"RA","9566030009","20260109","1400","180.00","6200","MRS1",NULL,NULL,NULL,"WF0000","2026-01-07 11:15:42","20260109","2100","QC6-7002-000","000","S811","100.00","M/C","2","00"
"RA","9566040005","20260109","1400","20.00","6200","MRS1",NULL,NULL,NULL,"WF0000","2026-01-07 11:15:42","20260109","1600","QC6-7010-000","000","S811","100.00","M/C","2","00"
"RA","9566040005","20260109","1400","20.00","6200","MRS1",NULL,NULL,NULL,"WF0000","2026-01-07 11:15:42","20260109","2000","QC6-7010-000","000","S811","100.00","M/C","2","00"
"RA","9566040005","20260109","1400","20.00","6200","MRS1",NULL,NULL,NULL,"WF0000","2026-01-07 11:15:42","20260109","2200","QC6-7010-000","000","S811","100.00","M/C","2","00"
"RA","9566050001","20260109","1400","20.00","6200","MRS1",NULL,NULL,NULL,"WF0000","2026-01-07 11:15:42","20260109","1600","QC6-8442-000","000","S811","100.00","M/C","2","00"
"RA","9566050001","20260109","1400","20.00","6200","MRS1",NULL,NULL,NULL,"WF0000","2026-01-07 11:15:42","20260109","2000","QC6-8442-000","000","S811","100.00","M/C","2","00"
"RA","9566050001","20260109","1400","20.00","6200","MRS1",NULL,NULL,NULL,"WF0000","2026-01-07 11:15:42","20260109","2100","QC6-8442-000","000","S811","100.00","M/C","2","00"
"RA","9566200001","20260109","0900","40.00","    ","MRS1","  ",NULL,NULL,"WF0000","2026-01-07 11:15:42","20260109","0900","QC8-0953-000","000","S811","100.00","M/T","2","00"
"RA","9566200001","20260109","0900","40.00","    ","MRS1","  ",NULL,NULL,"WF0000","2026-01-07 11:15:42","20260109","1000","QC8-0953-000","000","S811","100.00","M/T","2","00"
"RA","9566200001","20260109","0900","60.00","    ","MRS1","  ",NULL,NULL,"WF0000","2026-01-07 11:15:42","20260109","1100","QC8-0953-000","000","S811","100.00","M/T","2","00"
"RA","9580240006","20260109","0800","160.00","6200","MRH1",NULL,NULL,NULL,"WF0000","2026-01-07 11:15:43","20260109","0800","QX2-5376-000","000","SACP","100.00","M/C","2","00"
"RA","9580240006","20260109","1000","160.00","6200","MRH1",NULL,NULL,NULL,"WF0000","2026-01-07 11:15:43","20260109","1100","QX2-5376-000","000","SACP","100.00","M/C","2","00"
"RA","9580270005","20260109","0800","50.00","6200","MRS1",NULL,NULL,NULL,"WF0000","2026-01-07 11:15:43","20260109","0900","QX2-5967-000","000","SACP","100.00","M/C","2","00"
"RA","9580270005","20260109","0800","70.00","6200","MRS1",NULL,NULL,NULL,"WF0000","2026-01-07 11:15:43","20260109","0800","QX2-5967-000","000","SACP","100.00","M/C","2","00"
"RA","9580270005","20260109","1000","30.00","6200","MRS1",NULL,NULL,NULL,"WF0000","2026-01-07 11:15:43","20260109","1100","QX2-5967-000","000","SACP","100.00","M/C","2","00"
"RA","9580270005","20260109","1000","40.00","6200","MRS1",NULL,NULL,NULL,"WF0000","2026-01-07 11:15:43","20260109","1000","QX2-5967-000","000","SACP","100.00","M/C","2","00"
"RA","9580510003","20260109","0800","160.00","6200","MRH1",NULL,NULL,NULL,"WF0000","2026-01-07 11:15:43","20260109","0900","QX2-7151-000","000","SACP","100.00","M/C","2","00"
"RA","9580510003","20260109","1500","160.00","6200","MRH1",NULL,NULL,NULL,"WF0000","2026-01-07 11:15:43","20260109","1500","QX2-7151-000","000","SACP","100.00","M/C","2","00"
"RA","9580510003","20260109","1500","160.00","6200","MRH1",NULL,NULL,NULL,"WF0000","2026-01-07 11:15:43","20260109","2300","QX2-7151-000","000","SACP","100.00","M/C","2","00"
"RA","9586900006","20260109","1000","40.00","    ","MRS1","  ",NULL,NULL,"WF0000","2026-01-07 11:15:42","20260109","1000","QC5-5693-000","000","SAPN","100.00","M/T","2","00"
"RA","9587900001","20260109","1000","20.00","    ","MRS1","  ",NULL,NULL,"WF0000","2026-01-07 11:15:42","20260109","1000","QC7-4908-000","000","SAPN","100.00","M/T","2","00"
"RA","9587900001","20260109","1000","60.00","    ","MRS1","  ",NULL,NULL,"WF0000","2026-01-07 11:15:42","20260109","1100","QC7-4908-000","000","SAPN","100.00","M/T","2","00"
"RA","9587900001","20260109","1000","60.00","    ","MRS1","  ",NULL,NULL,"WF0000","2026-01-07 11:15:42","20260109","1300","QC7-4908-000","000","SAPN","100.00","M/T","2","00"
"RA","9587900001","20260109","1400","40.00","    ","MRS1","  ",NULL,NULL,"WF0000","2026-01-07 11:15:42","20260109","1400","QC7-4908-000","000","SAPN","100.00","M/T","2","00"
"RA","9587900001","20260109","1400","60.00","    ","MRS1","  ",NULL,NULL,"WF0000","2026-01-07 11:15:42","20260109","1500","QC7-4908-000","000","SAPN","100.00","M/T","2","00"
"RA","9587900001","20260109","1400","60.00","    ","MRS1","  ",NULL,NULL,"WF0000","2026-01-07 11:15:42","20260109","1600","QC7-4908-000","000","SAPN","100.00","M/T","2","00"
"RA","9587900001","20260109","1400","60.00","    ","MRS1","  ",NULL,NULL,"WF0000","2026-01-07 11:15:42","20260109","2000","QC7-4908-000","000","SAPN","100.00","M/T","2","00"
"RA","9587900001","20260109","1400","60.00","    ","MRS1","  ",NULL,NULL,"WF0000","2026-01-07 11:15:42","20260109","2100","QC7-4908-000","000","SAPN","100.00","M/T","2","00"
"RA","9587900001","20260109","2200","40.00","    ","MRS1","  ",NULL,NULL,"WF0000","2026-01-07 11:15:42","20260109","2200","QC7-4908-000","000","SAPN","100.00","M/T","2","00"
"RA","9588160000","20260109","1000","30.00","    ","MRS1","  ",NULL,NULL,"WF0000","2026-01-07 11:15:42","20260109","1000","QC8-0961-000","000","SAPN","100.00","M/T","2","00"
"RA","9588160000","20260109","1000","30.00","    ","MRS1","  ",NULL,NULL,"WF0000","2026-01-07 11:15:42","20260109","1100","QC8-0961-000","000","SAPN","100.00","M/T","2","00"
"RA","9588160000","20260109","1000","30.00","    ","MRS1","  ",NULL,NULL,"WF0000","2026-01-07 11:15:42","20260109","1300","QC8-0961-000","000","SAPN","100.00","M/T","2","00"
"RA","9588160000","20260109","1400","20.00","    ","MRS1","  ",NULL,NULL,"WF0000","2026-01-07 11:15:42","20260109","1600","QC8-0961-000","000","SAPN","100.00","M/T","2","00"
"RA","9588160000","20260109","1400","30.00","    ","MRS1","  ",NULL,NULL,"WF0000","2026-01-07 11:15:42","20260109","1400","QC8-0961-000","000","SAPN","100.00","M/T","2","00"
"RA","9588160000","20260109","1400","30.00","    ","MRS1","  ",NULL,NULL,"WF0000","2026-01-07 11:15:42","20260109","1500","QC8-0961-000","000","SAPN","100.00","M/T","2","00"
"RA","9588160000","20260109","1400","30.00","    ","MRS1","  ",NULL,NULL,"WF0000","2026-01-07 11:15:42","20260109","2100","QC8-0961-000","000","SAPN","100.00","M/T","2","00"
"RA","9588160000","20260109","1400","50.00","    ","MRS1","  ",NULL,NULL,"WF0000","2026-01-07 11:15:42","20260109","2000","QC8-0961-000","000","SAPN","100.00","M/T","2","00"
"RA","9588160000","20260109","2200","10.00","    ","MRS1","  ",NULL,NULL,"WF0000","2026-01-07 11:15:42","20260109","2200","QC8-0961-000","000","SAPN","100.00","M/T","2","00"
"RA","9589980001","20260109","1600","100.00","    ","MRS1","  ",NULL,NULL,"WF0000","2026-01-07 11:15:42","20260112","1500","QC6-4366-000","000","SBAA","100.00","M/T","2","00"
"RA","9590720004","20260109","0800","16.00","6200","MRH1",NULL,NULL,NULL,"WF0000","2026-01-07 11:15:42","20260109","1000","QX1-7204-000","000","T423","100.00","M/C","2","00"
"RA","9590720004","20260109","0800","32.00","6200","MRH1",NULL,NULL,NULL,"WF0000","2026-01-07 11:15:42","20260109","0900","QX1-7204-000","000","T423","100.00","M/C","2","00"
"RA","9590720004","20260109","0800","32.00","6200","MRH1",NULL,NULL,NULL,"WF0000","2026-01-07 11:15:42","20260109","1100","QX1-7204-000","000","T423","100.00","M/C","2","00"
"RA","9590720004","20260109","0800","32.00","6200","MRH1",NULL,NULL,NULL,"WF0000","2026-01-07 11:15:42","20260109","1300","QX1-7204-000","000","T423","100.00","M/C","2","00"
"RA","9590720004","20260109","0800","32.00","6200","MRH1",NULL,NULL,NULL,"WF0000","2026-01-07 11:15:42","20260109","1400","QX1-7204-000","000","T423","100.00","M/C","2","00"
"RA","9590720004","20260109","0800","48.00","6200","MRH1",NULL,NULL,NULL,"WF0000","2026-01-07 11:15:42","20260109","0800","QX1-7204-000","000","T423","100.00","M/C","2","00"
"RA","9590720004","20260109","1500","16.00","6200","MRH1",NULL,NULL,NULL,"WF0000","2026-01-07 11:15:42","20260109","1500","QX1-7204-000","000","T423","100.00","M/C","2","00"
"RA","9590720004","20260109","1500","16.00","6200","MRH1",NULL,NULL,NULL,"WF0000","2026-01-07 11:15:42","20260109","2200","QX1-7204-000","000","T423","100.00","M/C","2","00"
"RA","9590720004","20260109","1500","32.00","6200","MRH1",NULL,NULL,NULL,"WF0000","2026-01-07 11:15:42","20260109","1600","QX1-7204-000","000","T423","100.00","M/C","2","00"
"RA","9590720004","20260109","1500","32.00","6200","MRH1",NULL,NULL,NULL,"WF0000","2026-01-07 11:15:42","20260109","2100","QX1-7204-000","000","T423","100.00","M/C","2","00"
"RA","9590720004","20260109","1500","32.00","6200","MRH1",NULL,NULL,NULL,"WF0000","2026-01-07 11:15:42","20260109","2300","QX1-7204-000","000","T423","100.00","M/C","2","00"
"RA","9590720004","20260109","1500","48.00","6200","MRH1",NULL,NULL,NULL,"WF0000","2026-01-07 11:15:42","20260109","2000","QX1-7204-000","000","T423","100.00","M/C","2","00"
"RA","9590730001","20260109","0800","16.00","6200","MRH1",NULL,NULL,NULL,"WF0000","2026-01-07 11:15:43","20260109","1100","QX1-7205-000","000","T423","100.00","M/C","2","00"
"RA","9590730001","20260109","0800","32.00","6200","MRH1",NULL,NULL,NULL,"WF0000","2026-01-07 11:15:43","20260109","0900","QX1-7205-000","000","T423","100.00","M/C","2","00"
"RA","9590730001","20260109","0800","32.00","6200","MRH1",NULL,NULL,NULL,"WF0000","2026-01-07 11:15:43","20260109","1000","QX1-7205-000","000","T423","100.00","M/C","2","00"
"RA","9590730001","20260109","0800","32.00","6200","MRH1",NULL,NULL,NULL,"WF0000","2026-01-07 11:15:43","20260109","1300","QX1-7205-000","000","T423","100.00","M/C","2","00"
"RA","9590730001","20260109","0800","32.00","6200","MRH1",NULL,NULL,NULL,"WF0000","2026-01-07 11:15:43","20260109","1400","QX1-7205-000","000","T423","100.00","M/C","2","00"
"RA","9590730001","20260109","0800","48.00","6200","MRH1",NULL,NULL,NULL,"WF0000","2026-01-07 11:15:43","20260109","0800","QX1-7205-000","000","T423","100.00","M/C","2","00"
"RA","9590730001","20260109","1500","16.00","6200","MRH1",NULL,NULL,NULL,"WF0000","2026-01-07 11:15:43","20260109","1600","QX1-7205-000","000","T423","100.00","M/C","2","00"
"RA","9590730001","20260109","1500","16.00","6200","MRH1",NULL,NULL,NULL,"WF0000","2026-01-07 11:15:43","20260109","2300","QX1-7205-000","000","T423","100.00","M/C","2","00"
"RA","9590730001","20260109","1500","32.00","6200","MRH1",NULL,NULL,NULL,"WF0000","2026-01-07 11:15:43","20260109","1500","QX1-7205-000","000","T423","100.00","M/C","2","00"
"RA","9590730001","20260109","1500","32.00","6200","MRH1",NULL,NULL,NULL,"WF0000","2026-01-07 11:15:43","20260109","2100","QX1-7205-000","000","T423","100.00","M/C","2","00"
"RA","9590730001","20260109","1500","32.00","6200","MRH1",NULL,NULL,NULL,"WF0000","2026-01-07 11:15:43","20260109","2200","QX1-7205-000","000","T423","100.00","M/C","2","00"
"RA","9590730001","20260109","1500","48.00","6200","MRH1",NULL,NULL,NULL,"WF0000","2026-01-07 11:15:43","20260109","2000","QX1-7205-000","000","T423","100.00","M/C","2","00"
"RA","9594130006","20260109","1000","200.00","6200","MRS1",NULL,NULL,NULL,"WF0000","2026-01-07 11:15:42","20260109","1000","QC5-4171-000","000","T731","100.00","M/C","2","00"
"RA","9594130006","20260109","1000","200.00","6200","MRS1",NULL,NULL,NULL,"WF0000","2026-01-07 11:15:42","20260109","1100","QC5-4171-000","000","T731","100.00","M/C","2","00"
"RA","9594200002","20260109","1000","40.00","    ","MRS1","  ",NULL,NULL,"WF0000","2026-01-07 11:15:42","20260109","1000","QC5-5681-000","000","T731","100.00","M/T","2","01"
"RA","9594410000","20250521","2000","8000.00","6100","MRS1",NULL,NULL,NULL,"WF0000","2025-05-19 08:21:02","20250521","2300","QC4-6467-000","000","M718","80.00","M/C","2","00"
"RA","9594700000","20260109","1000","20.00","    ","MRS1","  ",NULL,NULL,"WF0000","2026-01-07 11:15:42","20260109","1000","QC6-3055-000","000","T731","100.00","M/T","2","01"
"RA","9594740005","20260109","1000","100.00","    ","MRS1","  ",NULL,NULL,"WF0000","2026-01-07 11:15:42","20260109","1100","QC6-4276-000","000","T731","100.00","M/T","2","01"
"RA","9594740005","20260109","1400","100.00","    ","MRS1","  ",NULL,NULL,"WF0000","2026-01-07 11:15:42","20260109","1500","QC6-4276-000","000","T731","100.00","M/T","2","01"
"RA","9594740005","20260109","1400","100.00","    ","MRS1","  ",NULL,NULL,"WF0000","2026-01-07 11:15:42","20260109","2100","QC6-4276-000","000","T731","100.00","M/T","2","01"
"RA","9594770004","20260109","1000","20.00","    ","MRS1","  ",NULL,NULL,"WF0000","2026-01-07 11:15:42","20260109","1000","QC6-4355-000","000","T731","100.00","M/T","2","01"
"RA","9594770004","20260109","1000","20.00","    ","MRS1","  ",NULL,NULL,"WF0000","2026-01-07 11:15:42","20260109","1100","QC6-4355-000","000","T731","100.00","M/T","2","01"
"RA","9594910007","20260109","1000","60.00","    ","MRS1","  ",NULL,NULL,"WF0000","2026-01-07 11:15:42","20260109","1000","QC6-6619-000","000","T731","100.00","M/T","2","01"
"RA","9594910007","20260109","1000","120.00","    ","MRS1","  ",NULL,NULL,"WF0000","2026-01-07 11:15:42","20260109","1100","QC6-6619-000","000","T731","100.00","M/T","2","01"
"RA","9594910007","20260109","1000","120.00","    ","MRS1","  ",NULL,NULL,"WF0000","2026-01-07 11:15:42","20260109","1300","QC6-6619-000","000","T731","100.00","M/T","2","01"
"RA","9594910007","20260109","1400","40.00","    ","MRS1","  ",NULL,NULL,"WF0000","2026-01-07 11:15:42","20260109","1500","QC6-6619-000","000","T731","100.00","M/T","2","01"
"RA","9594910007","20260109","1400","100.00","    ","MRS1","  ",NULL,NULL,"WF0000","2026-01-07 11:15:42","20260109","1400","QC6-6619-000","000","T731","100.00","M/T","2","01"
"RA","9594920003","20260109","1000","80.00","    ","MRS1","  ",NULL,NULL,"WF0000","2026-01-07 11:15:42","20260109","1000","QC6-6716-000","000","T731","100.00","M/T","2","01"
"RA","9594920003","20260109","1000","100.00","    ","MRS1","  ",NULL,NULL,"WF0000","2026-01-07 11:15:42","20260109","1100","QC6-6716-000","000","T731","100.00","M/T","2","01"
"RA","9594920003","20260109","1000","120.00","    ","MRS1","  ",NULL,NULL,"WF0000","2026-01-07 11:15:42","20260109","1300","QC6-6716-000","000","T731","100.00","M/T","2","01"
"RA","9594930000","20260109","1400","10.00","6200","MRS1",NULL,NULL,NULL,"WF0000","2026-01-07 11:15:42","20260109","2100","QC6-6806-000","000","T731","100.00","M/C","2","01"
"RA","9594930000","20260109","1400","15.00","6200","MRS1",NULL,NULL,NULL,"WF0000","2026-01-07 11:15:42","20260109","2000","QC6-6806-000","000","T731","100.00","M/C","2","01"
"RA","9594930000","20260109","1400","20.00","6200","MRS1",NULL,NULL,NULL,"WF0000","2026-01-07 11:15:42","20260109","1600","QC6-6806-000","000","T731","100.00","M/C","2","01"
"RA","9594930000","20260109","2200","5.00","6200","MRS1",NULL,NULL,NULL,"WF0000","2026-01-07 11:15:42","20260109","2200","QC6-6806-000","000","T731","100.00","M/C","2","01"
"RA","9594940006","20260109","1400","40.00","6200","MRS1",NULL,NULL,NULL,"WF0000","2026-01-07 11:15:42","20260109","1600","QC6-6884-000","000","T731","100.00","M/C","2","01"
"RA","9594940006","20260109","2200","40.00","6200","MRS1",NULL,NULL,NULL,"WF0000","2026-01-07 11:15:42","20260109","2200","QC6-6884-000","000","T731","100.00","M/C","2","01"
"RA","9594950002","20260109","1400","10.00","6200","MRS1",NULL,NULL,NULL,"WF0000","2026-01-07 11:15:42","20260109","2100","QC6-6935-000","000","T731","100.00","M/C","2","01"
"RA","9594950002","20260109","1400","20.00","6200","MRS1",NULL,NULL,NULL,"WF0000","2026-01-07 11:15:42","20260109","1600","QC6-6935-000","000","T731","100.00","M/C","2","01"
"RA","9594950002","20260109","1400","20.00","6200","MRS1",NULL,NULL,NULL,"WF0000","2026-01-07 11:15:42","20260109","2000","QC6-6935-000","000","T731","100.00","M/C","2","01"
"RA","9594950002","20260109","2200","10.00","6200","MRS1",NULL,NULL,NULL,"WF0000","2026-01-07 11:15:42","20260109","2200","QC6-6935-000","000","T731","100.00","M/C","2","01"
"RA","9594960009","20260109","1400","20.00","6200","MRS1",NULL,NULL,NULL,"WF0000","2026-01-07 11:15:42","20260109","1600","QC6-6973-000","000","T731","100.00","M/C","2","01"
"RA","9594960009","20260109","1400","20.00","6200","MRS1",NULL,NULL,NULL,"WF0000","2026-01-07 11:15:42","20260109","2000","QC6-6973-000","000","T731","100.00","M/C","2","01"
"RA","9595030005","20260109","1400","20.00","6200","MRS1",NULL,NULL,NULL,"WF0000","2026-01-07 11:15:42","20260109","1600","QC6-6988-000","000","T731","100.00","M/C","2","01"
"RA","9595030005","20260109","1400","20.00","6200","MRS1",NULL,NULL,NULL,"WF0000","2026-01-07 11:15:42","20260109","2000","QC6-6988-000","000","T731","100.00","M/C","2","01"
"RA","9595050008","20260109","1400","10.00","6200","MRS1",NULL,NULL,NULL,"WF0000","2026-01-07 11:15:42","20260109","2100","QC6-7006-000","000","T731","100.00","M/C","2","01"
"RA","9595050008","20260109","1400","20.00","6200","MRS1",NULL,NULL,NULL,"WF0000","2026-01-07 11:15:42","20260109","1600","QC6-7006-000","000","T731","100.00","M/C","2","01"
"RA","9595050008","20260109","1400","20.00","6200","MRS1",NULL,NULL,NULL,"WF0000","2026-01-07 11:15:42","20260109","2000","QC6-7006-000","000","T731","100.00","M/C","2","01"
"RA","9595060004","20260109","1400","100.00","6200","MRS1",NULL,NULL,NULL,"WF0000","2026-01-07 11:15:42","20260109","2000","QC6-7007-000","000","T731","100.00","M/C","2","01"
"RA","9595100001","20260109","1400","20.00","6200","MRS1",NULL,NULL,NULL,"WF0000","2026-01-07 11:15:42","20260109","1600","QC6-8452-000","000","T731","100.00","M/C","2","01"
"RA","9595100001","20260109","1400","20.00","6200","MRS1",NULL,NULL,NULL,"WF0000","2026-01-07 11:15:42","20260109","2000","QC6-8452-000","000","T731","100.00","M/C","2","01"
"RA","9595150003","20260109","1400","10.00","6200","MRS1",NULL,NULL,NULL,"WF0000","2026-01-07 11:15:42","20260109","2000","QC6-9417-000","000","T731","100.00","M/C","2","01"
"RA","9595150003","20260109","1400","10.00","6200","MRS1",NULL,NULL,NULL,"WF0000","2026-01-07 11:15:42","20260109","2100","QC6-9417-000","000","T731","100.00","M/C","2","01"
"RA","9595150003","20260109","1400","20.00","6200","MRS1",NULL,NULL,NULL,"WF0000","2026-01-07 11:15:42","20260109","1600","QC6-9417-000","000","T731","100.00","M/C","2","01"
"RA","9595610005","20260109","1000","40.00","    ","MRS1","  ",NULL,NULL,"WF0000","2026-01-07 11:15:42","20260109","1000","QC7-4897-000","000","T731","100.00","M/T","2","01"
"RA","9595610005","20260109","1000","40.00","    ","MRS1","  ",NULL,NULL,"WF0000","2026-01-07 11:15:42","20260109","1300","QC7-4897-000","000","T731","100.00","M/T","2","01"
"RA","9595610005","20260109","1000","80.00","    ","MRS1","  ",NULL,NULL,"WF0000","2026-01-07 11:15:42","20260109","1100","QC7-4897-000","000","T731","100.00","M/T","2","01"
"RA","9595610005","20260109","1400","40.00","    ","MRS1","  ",NULL,NULL,"WF0000","2026-01-07 11:15:42","20260109","1500","QC7-4897-000","000","T731","100.00","M/T","2","01"
"RA","9595610005","20260109","1400","40.00","    ","MRS1","  ",NULL,NULL,"WF0000","2026-01-07 11:15:42","20260109","2000","QC7-4897-000","000","T731","100.00","M/T","2","01"
"RA","9595610005","20260109","1400","40.00","    ","MRS1","  ",NULL,NULL,"WF0000","2026-01-07 11:15:42","20260109","2100","QC7-4897-000","000","T731","100.00","M/T","2","01"
"RA","9595610005","20260109","1400","80.00","    ","MRS1","  ",NULL,NULL,"WF0000","2026-01-07 11:15:42","20260109","1400","QC7-4897-000","000","T731","100.00","M/T","2","01"
"RA","9595610005","20260109","1400","80.00","    ","MRS1","  ",NULL,NULL,"WF0000","2026-01-07 11:15:42","20260109","1600","QC7-4897-000","000","T731","100.00","M/T","2","01"
"RA","9595610005","20260109","2200","40.00","    ","MRS1","  ",NULL,NULL,"WF0000","2026-01-07 11:15:42","20260109","2200","QC7-4897-000","000","T731","100.00","M/T","2","01"
"RA","9596080001","20260109","1000","300.00","6100","MRS1",NULL,NULL,NULL,"WF0000","2026-01-07 11:15:42","20260109","1100","QC7-8727-000","000","T731","100.00","M/C","2","01"
"RA","9596080001","20260109","1400","300.00","6100","MRS1",NULL,NULL,NULL,"WF0000","2026-01-07 11:15:42","20260109","1400","QC7-8727-000","000","T731","100.00","M/C","2","01"
"RA","9596080001","20260109","1400","300.00","6100","MRS1",NULL,NULL,NULL,"WF0000","2026-01-07 11:15:42","20260109","1600","QC7-8727-000","000","T731","100.00","M/C","2","01"
"RA","9596080001","20260109","1400","300.00","6100","MRS1",NULL,NULL,NULL,"WF0000","2026-01-07 11:15:42","20260109","2100","QC7-8727-000","000","T731","100.00","M/C","2","01"
"RA","9596080001","20260109","2200","300.00","6100","MRS1",NULL,NULL,NULL,"WF0000","2026-01-07 11:15:42","20260109","2300","QC7-8727-000","000","T731","100.00","M/C","2","01"
"RA","9596080001","20260109","2200","300.00","6100","MRS1",NULL,NULL,NULL,"WF0000","2026-01-07 11:15:42","20260110","0200","QC7-8727-000","000","T731","100.00","M/C","2","01"
"RA","9596080001","20260109","2200","300.00","6100","MRS1",NULL,NULL,NULL,"WF0000","2026-01-07 11:15:42","20260110","0400","QC7-8727-000","000","T731","100.00","M/C","2","01"
"RA","9596090008","20260109","2200","60.00","6100","MRS1",NULL,NULL,NULL,"WF0000","2026-01-07 11:15:42","20260109","2200","QC7-8733-000","000","T731","100.00","M/C","2","01"
"RA","9596100006","20260109","2200","60.00","6100","MRS1",NULL,NULL,NULL,"WF0000","2026-01-07 11:15:42","20260112","0900","QC7-8737-000","000","T731","100.00","M/C","2","01"
"RA","9596110002","20260109","1000","140.00","6100","MRS1",NULL,NULL,NULL,"WF0000","2026-01-07 11:15:42","20260109","1000","QC7-8745-000","000","T731","100.00","M/C","2","01"
"RA","9596110002","20260109","1000","140.00","6100","MRS1",NULL,NULL,NULL,"WF0000","2026-01-07 11:15:42","20260109","1100","QC7-8745-000","000","T731","100.00","M/C","2","01"
"RA","9596110002","20260109","1000","160.00","6100","MRS1",NULL,NULL,NULL,"WF0000","2026-01-07 11:15:42","20260109","1300","QC7-8745-000","000","T731","100.00","M/C","2","01"
"RA","9596110002","20260109","1400","40.00","6100","MRS1",NULL,NULL,NULL,"WF0000","2026-01-07 11:15:42","20260109","1400","QC7-8745-000","000","T731","100.00","M/C","2","01"
"RA","9596130005","20260109","1400","140.00","6100","MRS1",NULL,NULL,NULL,"WF0000","2026-01-07 11:15:42","20260109","2000","QC7-8747-000","000","T731","100.00","M/C","2","01"
"RA","9596130005","20260109","1400","140.00","6100","MRS1",NULL,NULL,NULL,"WF0000","2026-01-07 11:15:42","20260109","2100","QC7-8747-000","000","T731","100.00","M/C","2","01"
"RA","9596130005","20260109","1400","200.00","6100","MRS1",NULL,NULL,NULL,"WF0000","2026-01-07 11:15:42","20260109","1600","QC7-8747-000","000","T731","100.00","M/C","2","01"
"RA","9596130005","20260109","2200","80.00","6100","MRS1",NULL,NULL,NULL,"WF0000","2026-01-07 11:15:42","20260109","2200","QC7-8747-000","000","T731","100.00","M/C","2","01"
"RA","9605910001","20260109","1600","240.00","6200","MRS1",NULL,NULL,NULL,"WF0000","2026-01-07 11:15:42","20260112","1400","QC6-4306-000","000","C060","100.00","M/C","2","00"
"RA","9617590003","20260109","1500","40.00","    ","MRS1","  ",NULL,NULL,"WF0000","2026-01-07 11:15:42","20260109","1100","QC5-5658-000","000","K624","100.00","M/T","2","00"
"RA","9617590003","20260109","1500","40.00","    ","MRS1","  ",NULL,NULL,"WF0000","2026-01-07 11:15:42","20260109","1400","QC5-5658-000","000","K624","100.00","M/T","2","00"
"RA","9617590003","20260109","1500","40.00","    ","MRS1","  ",NULL,NULL,"WF0000","2026-01-07 11:15:42","20260109","1500","QC5-5658-000","000","K624","100.00","M/T","2","00"
"RA","9617590003","20260109","1500","40.00","    ","MRS1","  ",NULL,NULL,"WF0000","2026-01-07 11:15:42","20260110","0400","QC5-5658-000","000","K624","100.00","M/T","2","00"
"RA","9617590003","20260109","1500","40.00","    ","MRS1","  ",NULL,NULL,"WF0000","2026-01-07 11:15:42","20260112","0900","QC5-5658-000","000","K624","100.00","M/T","2","00"
"RA","9617590003","20260109","1500","40.00","    ","MRS1","  ",NULL,NULL,"WF0000","2026-01-07 11:15:42","20260112","1000","QC5-5658-000","000","K624","100.00","M/T","2","00"
"RA","9617590003","20260109","1500","80.00","    ","MRS1","  ",NULL,NULL,"WF0000","2026-01-07 11:15:42","20260109","1300","QC5-5658-000","000","K624","100.00","M/T","2","00"
"RA","9617590003","20260109","1500","80.00","    ","MRS1","  ",NULL,NULL,"WF0000","2026-01-07 11:15:42","20260112","0800","QC5-5658-000","000","K624","100.00","M/T","2","00"
"RA","9617600001","20260109","1500","20.00","    ","MRS1","  ",NULL,NULL,"WF0000","2026-01-07 11:15:42","20260109","1000","QC5-5700-000","000","K624","100.00","M/T","2","00"
"RA","9617600001","20260109","1500","60.00","    ","MRS1","  ",NULL,NULL,"WF0000","2026-01-07 11:15:42","20260112","1000","QC5-5700-000","000","K624","100.00","M/T","2","00"
"RA","9617600001","20260109","1500","80.00","    ","MRS1","  ",NULL,NULL,"WF0000","2026-01-07 11:15:42","20260109","1100","QC5-5700-000","000","K624","100.00","M/T","2","00"
"RA","9617600001","20260109","1500","80.00","    ","MRS1","  ",NULL,NULL,"WF0000","2026-01-07 11:15:42","20260109","1300","QC5-5700-000","000","K624","100.00","M/T","2","00"
"RA","9617600001","20260109","1500","80.00","    ","MRS1","  ",NULL,NULL,"WF0000","2026-01-07 11:15:42","20260109","1400","QC5-5700-000","000","K624","100.00","M/T","2","00"
"RA","9617600001","20260109","1500","80.00","    ","MRS1","  ",NULL,NULL,"WF0000","2026-01-07 11:15:42","20260109","1500","QC5-5700-000","000","K624","100.00","M/T","2","00"
"RA","9617600001","20260109","1500","80.00","    ","MRS1","  ",NULL,NULL,"WF0000","2026-01-07 11:15:42","20260112","0800","QC5-5700-000","000","K624","100.00","M/T","2","00"
"RA","9617600001","20260109","1500","80.00","    ","MRS1","  ",NULL,NULL,"WF0000","2026-01-07 11:15:42","20260112","0900","QC5-5700-000","000","K624","100.00","M/T","2","00"
"RA","9617600001","20260109","1500","100.00","    ","MRS1","  ",NULL,NULL,"WF0000","2026-01-07 11:15:42","20260110","0400","QC5-5700-000","000","K624","100.00","M/T","2","00"
"RA","9617610008","20260109","1500","10.00","    ","MRS1","  ",NULL,NULL,"WF0000","2026-01-07 11:15:42","20260112","1300","QC6-6905-000","000","K624","100.00","M/T","2","00"
"RA","9617610008","20260109","1500","10.00","    ","MRS1","  ",NULL,NULL,"WF0000","2026-01-07 11:15:42","20260112","1400","QC6-6905-000","000","K624","100.00","M/T","2","00"
"RA","9617610008","20260109","1500","20.00","    ","MRS1","  ",NULL,NULL,"WF0000","2026-01-07 11:15:42","20260112","1100","QC6-6905-000","000","K624","100.00","M/T","2","00"
"RA","9617620004","20260109","1500","10.00","    ","MRS1","  ",NULL,NULL,"WF0000","2026-01-07 11:15:42","20260112","1100","QC6-6925-000","000","K624","100.00","M/T","2","00"
"RA","9617620004","20260109","1500","10.00","    ","MRS1","  ",NULL,NULL,"WF0000","2026-01-07 11:15:42","20260112","1400","QC6-6925-000","000","K624","100.00","M/T","2","00"
"RA","9617620004","20260109","1500","20.00","    ","MRS1","  ",NULL,NULL,"WF0000","2026-01-07 11:15:42","20260112","1300","QC6-6925-000","000","K624","100.00","M/T","2","00"
"RA","9617630001","20260109","1500","10.00","    ","MRS1","  ",NULL,NULL,"WF0000","2026-01-07 11:15:42","20260109","2300","QC6-6932-000","000","K624","100.00","M/T","2","00"
"RA","9617630001","20260109","1500","10.00","    ","MRS1","  ",NULL,NULL,"WF0000","2026-01-07 11:15:42","20260112","1100","QC6-6932-000","000","K624","100.00","M/T","2","00"
"RA","9617630001","20260109","1500","10.00","    ","MRS1","  ",NULL,NULL,"WF0000","2026-01-07 11:15:42","20260112","1400","QC6-6932-000","000","K624","100.00","M/T","2","00"
"RA","9617630001","20260109","1500","20.00","    ","MRS1","  ",NULL,NULL,"WF0000","2026-01-07 11:15:42","20260112","1300","QC6-6932-000","000","K624","100.00","M/T","2","00"
"RA","9617640007","20260109","1500","40.00","    ","MRS1","  ",NULL,NULL,"WF0000","2026-01-07 11:15:42","20260109","1300","QC6-8743-000","000","K624","100.00","M/T","2","00"
"RA","9617640007","20260109","1500","40.00","    ","MRS1","  ",NULL,NULL,"WF0000","2026-01-07 11:15:42","20260109","1500","QC6-8743-000","000","K624","100.00","M/T","2","00"
"RA","9617640007","20260109","1500","40.00","    ","MRS1","  ",NULL,NULL,"WF0000","2026-01-07 11:15:42","20260112","0900","QC6-8743-000","000","K624","100.00","M/T","2","00"
"RA","9617640007","20260109","1500","40.00","    ","MRS1","  ",NULL,NULL,"WF0000","2026-01-07 11:15:42","20260112","1000","QC6-8743-000","000","K624","100.00","M/T","2","00"
"RA","9617640007","20260109","1500","80.00","    ","MRS1","  ",NULL,NULL,"WF0000","2026-01-07 11:15:42","20260109","1100","QC6-8743-000","000","K624","100.00","M/T","2","00"
"RA","9617640007","20260109","1500","80.00","    ","MRS1","  ",NULL,NULL,"WF0000","2026-01-07 11:15:42","20260109","1400","QC6-8743-000","000","K624","100.00","M/T","2","00"
"RA","9617640007","20260109","1500","80.00","    ","MRS1","  ",NULL,NULL,"WF0000","2026-01-07 11:15:42","20260110","0400","QC6-8743-000","000","K624","100.00","M/T","2","00"
"RA","9617640007","20260109","1500","80.00","    ","MRS1","  ",NULL,NULL,"WF0000","2026-01-07 11:15:42","20260112","0800","QC6-8743-000","000","K624","100.00","M/T","2","00"
"RA","9617650003","20260109","1500","40.00","    ","MRS1","  ",NULL,NULL,"WF0000","2026-01-07 11:15:42","20260109","1000","QC6-8758-000","000","K624","100.00","M/T","2","00"
"RA","9617650003","20260109","1500","40.00","    ","MRS1","  ",NULL,NULL,"WF0000","2026-01-07 11:15:42","20260109","1100","QC6-8758-000","000","K624","100.00","M/T","2","00"
"RA","9617650003","20260109","1500","40.00","    ","MRS1","  ",NULL,NULL,"WF0000","2026-01-07 11:15:42","20260109","1400","QC6-8758-000","000","K624","100.00","M/T","2","00"
"RA","9617650003","20260109","1500","40.00","    ","MRS1","  ",NULL,NULL,"WF0000","2026-01-07 11:15:42","20260109","1500","QC6-8758-000","000","K624","100.00","M/T","2","00"
"RA","9617650003","20260109","1500","40.00","    ","MRS1","  ",NULL,NULL,"WF0000","2026-01-07 11:15:42","20260112","0900","QC6-8758-000","000","K624","100.00","M/T","2","00"
"RA","9617650003","20260109","1500","80.00","    ","MRS1","  ",NULL,NULL,"WF0000","2026-01-07 11:15:42","20260109","1300","QC6-8758-000","000","K624","100.00","M/T","2","00"
"RA","9617650003","20260109","1500","80.00","    ","MRS1","  ",NULL,NULL,"WF0000","2026-01-07 11:15:42","20260110","0400","QC6-8758-000","000","K624","100.00","M/T","2","00"
"RA","9617650003","20260109","1500","80.00","    ","MRS1","  ",NULL,NULL,"WF0000","2026-01-07 11:15:42","20260112","0800","QC6-8758-000","000","K624","100.00","M/T","2","00"
"RA","9617650003","20260109","1500","80.00","    ","MRS1","  ",NULL,NULL,"WF0000","2026-01-07 11:15:42","20260112","1000","QC6-8758-000","000","K624","100.00","M/T","2","00"
"RA","9618840002","20260109","2000","2.00","6200","MRH1",NULL,NULL,NULL,"WF0000","2026-01-07 11:15:43","20260112","1000","QX2-1323-000","000","L204","100.00","M/C","2","00"
"RA","9618840002","20260109","2000","3.00","6200","MRH1",NULL,NULL,NULL,"WF0000","2026-01-07 11:15:43","20260109","1600","QX2-1323-000","000","L204","100.00","M/C","2","00"
"RA","9618840002","20260109","2000","3.00","6200","MRH1",NULL,NULL,NULL,"WF0000","2026-01-07 11:15:43","20260112","0900","QX2-1323-000","000","L204","100.00","M/C","2","00"
"RA","9618840002","20260109","2000","4.00","6200","MRH1",NULL,NULL,NULL,"WF0000","2026-01-07 11:15:43","20260112","0800","QX2-1323-000","000","L204","100.00","M/C","2","00"
"RA","9621120003","20260109","1600","100.00","6200","MRS1",NULL,NULL,NULL,"WF0000","2026-01-07 11:15:42","20260112","0800","QC5-5655-000","000","M411","100.00","M/C","2","00"
"RA","9621120003","20260109","1600","100.00","6200","MRS1",NULL,NULL,NULL,"WF0000","2026-01-07 11:15:42","20260112","1000","QC5-5655-000","000","M411","100.00","M/C","2","00"
"RA","9621450009","20260109","1600","400.00","6100","MRS1",NULL,NULL,NULL,"WF0000","2026-01-07 11:15:42","20260110","0400","QC6-3023-000","000","M411","100.00","M/C","2","00"
"RA","9623510008","20260109","2000","8000.00","6100","MRS1",NULL,NULL,NULL,"WF0000","2026-01-07 11:15:43","20260112","1100","QC4-6467-000","000","M718","80.00","M/C","2","00"
"RA","9623520004","20260109","2000","600.00","6100","MRS1",NULL,NULL,NULL,"WF0000","2026-01-07 11:15:42","20260112","1000","QC4-6468-000","000","M718","100.00","M/C","2","00"
"RA","9623520004","20260109","2000","600.00","6100","MRS1",NULL,NULL,NULL,"WF0000","2026-01-07 11:15:42","20260112","1500","QC4-6468-000","000","M718","100.00","M/C","2","00"
"RA","9623650009","20260109","2000","600.00","6200","MRS1",NULL,NULL,NULL,"WF0000","2026-01-07 11:15:42","20260112","1000","QC5-3631-000","000","M718","100.00","M/C","2","00"
"RA","9623710009","20260109","2000","1200.00","6100","MRS1",NULL,NULL,NULL,"WF0000","2026-01-07 11:15:42","20260112","1500","QC5-5539-000","000","M718","100.00","M/C","2","00"
"RA","9630930002","20260109","2000","1.00","6100","MRH1",NULL,NULL,NULL,"WF0000","2026-01-07 11:15:43","20260109","1300","QX2-2664-000","000","P377","100.00","M/C","2","00"
"RA","9630930002","20260109","2000","1.00","6100","MRH1",NULL,NULL,NULL,"WF0000","2026-01-07 11:15:43","20260109","1400","QX2-2664-000","000","P377","100.00","M/C","2","00"
"RA","9630950005","20260109","2000","1.00","6100","MRH1",NULL,NULL,NULL,"WF0000","2026-01-07 11:15:43","20260109","1300","QX2-3450-000","000","P377","100.00","M/C","2","00"
"RA","9630950005","20260109","2000","1.00","6100","MRH1",NULL,NULL,NULL,"WF0000","2026-01-07 11:15:43","20260109","1400","QX2-3450-000","000","P377","100.00","M/C","2","00"
"RA","9630950005","20260109","2000","1.00","6100","MRH1",NULL,NULL,NULL,"WF0000","2026-01-07 11:15:43","20260109","1500","QX2-3450-000","000","P377","100.00","M/C","2","00"
"RA","9630960001","20260109","2000","1.00","6100","MRS1",NULL,NULL,NULL,"WF0000","2026-01-07 11:15:43","20260109","1300","QX2-3727-000","000","P377","100.00","M/C","2","00"
"RA","9630960001","20260109","2000","1.00","6100","MRS1",NULL,NULL,NULL,"WF0000","2026-01-07 11:15:43","20260109","1400","QX2-3727-000","000","P377","100.00","M/C","2","00"
"RA","9630960001","20260109","2000","1.00","6100","MRS1",NULL,NULL,NULL,"WF0000","2026-01-07 11:15:43","20260109","1500","QX2-3727-000","000","P377","100.00","M/C","2","00"
"RA","9630960001","20260109","2000","1.00","6100","MRS1",NULL,NULL,NULL,"WF0000","2026-01-07 11:15:43","20260109","1600","QX2-3727-000","000","P377","100.00","M/C","2","00"
"RA","9630960001","20260109","2000","1.00","6100","MRS1",NULL,NULL,NULL,"WF0000","2026-01-07 11:15:43","20260112","0800","QX2-3727-000","000","P377","100.00","M/C","2","00"
"RA","9630960001","20260109","2000","1.00","6100","MRS1",NULL,NULL,NULL,"WF0000","2026-01-07 11:15:43","20260112","0900","QX2-3727-000","000","P377","100.00","M/C","2","00"
"RA","9630960001","20260109","2000","1.00","6100","MRS1",NULL,NULL,NULL,"WF0000","2026-01-07 11:15:43","20260112","1100","QX2-3727-000","000","P377","100.00","M/C","2","00"
"RA","9631270004","20260109","1500","140.00","6200","MRS1",NULL,NULL,NULL,"WF0000","2026-01-07 11:15:42","20260112","0900","QC5-5683-000","000","R200","100.00","M/C","2","00"
"RA","9632970007","20260109","1400","300.00","6200","MRS1",NULL,NULL,NULL,"WF0000","2026-01-07 11:15:42","20260110","0200","QC5-3635-000","000","S811","100.00","M/C","2","00"
"RA","9633160001","20260109","0900","40.00","6200","MRS1",NULL,NULL,NULL,"WF0000","2026-01-07 11:15:42","20260109","1000","QC5-5630-000","000","S811","100.00","M/C","2","00"
"RA","9633160001","20260109","0900","40.00","6200","MRS1",NULL,NULL,NULL,"WF0000","2026-01-07 11:15:42","20260109","1100","QC5-5630-000","000","S811","100.00","M/C","2","00"
"RA","9633160001","20260109","0900","80.00","6200","MRS1",NULL,NULL,NULL,"WF0000","2026-01-07 11:15:42","20260109","1300","QC5-5630-000","000","S811","100.00","M/C","2","00"
"RA","9633160001","20260109","1400","40.00","6200","MRS1",NULL,NULL,NULL,"WF0000","2026-01-07 11:15:42","20260109","1400","QC5-5630-000","000","S811","100.00","M/C","2","00"
"RA","9633160001","20260109","1400","40.00","6200","MRS1",NULL,NULL,NULL,"WF0000","2026-01-07 11:15:42","20260109","1500","QC5-5630-000","000","S811","100.00","M/C","2","00"
"RA","9633160001","20260109","1400","40.00","6200","MRS1",NULL,NULL,NULL,"WF0000","2026-01-07 11:15:42","20260112","0800","QC5-5630-000","000","S811","100.00","M/C","2","00"
"RA","9633160001","20260109","1400","80.00","6200","MRS1",NULL,NULL,NULL,"WF0000","2026-01-07 11:15:42","20260110","0400","QC5-5630-000","000","S811","100.00","M/C","2","00"
"RA","9633200009","20260109","0900","30.00","6200","MRS1",NULL,NULL,NULL,"WF0000","2026-01-07 11:15:42","20260109","0900","QC5-5752-000","000","S811","100.00","M/C","2","00"
"RA","9633200009","20260109","0900","30.00","6200","MRS1",NULL,NULL,NULL,"WF0000","2026-01-07 11:15:42","20260109","1000","QC5-5752-000","000","S811","100.00","M/C","2","00"
"RA","9633200009","20260109","0900","60.00","6200","MRS1",NULL,NULL,NULL,"WF0000","2026-01-07 11:15:42","20260109","1100","QC5-5752-000","000","S811","100.00","M/C","2","00"
"RA","9633200009","20260109","0900","60.00","6200","MRS1",NULL,NULL,NULL,"WF0000","2026-01-07 11:15:42","20260109","1300","QC5-5752-000","000","S811","100.00","M/C","2","00"
"RA","9633200009","20260109","1400","30.00","6200","MRS1",NULL,NULL,NULL,"WF0000","2026-01-07 11:15:42","20260109","1400","QC5-5752-000","000","S811","100.00","M/C","2","00"
"RA","9633200009","20260109","1400","60.00","6200","MRS1",NULL,NULL,NULL,"WF0000","2026-01-07 11:15:42","20260109","1500","QC5-5752-000","000","S811","100.00","M/C","2","00"
"RA","9633200009","20260109","1400","60.00","6200","MRS1",NULL,NULL,NULL,"WF0000","2026-01-07 11:15:42","20260110","0400","QC5-5752-000","000","S811","100.00","M/C","2","00"
"RA","9633200009","20260109","1400","60.00","6200","MRS1",NULL,NULL,NULL,"WF0000","2026-01-07 11:15:42","20260112","0800","QC5-5752-000","000","S811","100.00","M/C","2","00"
"RA","9633320007","20260109","0900","10.00","6100","MRS1",NULL,NULL,NULL,"WF0000","2026-01-07 11:15:42","20260109","0800","QC5-9580-000","000","S811","100.00","M/C","2","00"
"RA","9633320007","20260109","0900","30.00","6100","MRS1",NULL,NULL,NULL,"WF0000","2026-01-07 11:15:42","20260109","0900","QC5-9580-000","000","S811","100.00","M/C","2","00"
"RA","9633320007","20260109","0900","30.00","6100","MRS1",NULL,NULL,NULL,"WF0000","2026-01-07 11:15:42","20260109","1000","QC5-9580-000","000","S811","100.00","M/C","2","00"
"RA","9633320007","20260109","0900","30.00","6100","MRS1",NULL,NULL,NULL,"WF0000","2026-01-07 11:15:42","20260109","1100","QC5-9580-000","000","S811","100.00","M/C","2","00"
"RA","9633320007","20260109","0900","30.00","6100","MRS1",NULL,NULL,NULL,"WF0000","2026-01-07 11:15:42","20260109","1300","QC5-9580-000","000","S811","100.00","M/C","2","00"
"RA","9633320007","20260109","1400","20.00","6100","MRS1",NULL,NULL,NULL,"WF0000","2026-01-07 11:15:42","20260112","0800","QC5-9580-000","000","S811","100.00","M/C","2","00"
"RA","9633320007","20260109","1400","30.00","6100","MRS1",NULL,NULL,NULL,"WF0000","2026-01-07 11:15:42","20260109","1400","QC5-9580-000","000","S811","100.00","M/C","2","00"
"RA","9633320007","20260109","1400","30.00","6100","MRS1",NULL,NULL,NULL,"WF0000","2026-01-07 11:15:42","20260109","1500","QC5-9580-000","000","S811","100.00","M/C","2","00"
"RA","9633320007","20260109","1400","40.00","6100","MRS1",NULL,NULL,NULL,"WF0000","2026-01-07 11:15:42","20260110","0400","QC5-9580-000","000","S811","100.00","M/C","2","00"
"RA","9633330003","20260109","0900","30.00","6100","MRS1",NULL,NULL,NULL,"WF0000","2026-01-07 11:15:42","20260109","0900","QC5-9615-000","000","S811","100.00","M/C","2","00"
"RA","9633330003","20260109","0900","30.00","6100","MRS1",NULL,NULL,NULL,"WF0000","2026-01-07 11:15:42","20260109","1000","QC5-9615-000","000","S811","100.00","M/C","2","00"
"RA","9633330003","20260109","0900","30.00","6100","MRS1",NULL,NULL,NULL,"WF0000","2026-01-07 11:15:42","20260109","1100","QC5-9615-000","000","S811","100.00","M/C","2","00"
"RA","9633330003","20260109","0900","30.00","6100","MRS1",NULL,NULL,NULL,"WF0000","2026-01-07 11:15:42","20260109","1300","QC5-9615-000","000","S811","100.00","M/C","2","00"
"RA","9633330003","20260109","1400","30.00","6100","MRS1",NULL,NULL,NULL,"WF0000","2026-01-07 11:15:42","20260109","1400","QC5-9615-000","000","S811","100.00","M/C","2","00"
"RA","9633330003","20260109","1400","30.00","6100","MRS1",NULL,NULL,NULL,"WF0000","2026-01-07 11:15:42","20260109","1500","QC5-9615-000","000","S811","100.00","M/C","2","00"
"RA","9633330003","20260109","1400","30.00","6100","MRS1",NULL,NULL,NULL,"WF0000","2026-01-07 11:15:42","20260112","0800","QC5-9615-000","000","S811","100.00","M/C","2","00"
"RA","9633330003","20260109","1400","40.00","6100","MRS1",NULL,NULL,NULL,"WF0000","2026-01-07 11:15:42","20260110","0400","QC5-9615-000","000","S811","100.00","M/C","2","00"
"RA","9633430009","20260109","0900","40.00","6100","MRS1",NULL,NULL,NULL,"WF0000","2026-01-07 11:15:42","20260109","0800","QC6-3030-000","000","S811","100.00","M/C","2","00"
"RA","9633430009","20260109","0900","40.00","6100","MRS1",NULL,NULL,NULL,"WF0000","2026-01-07 11:15:42","20260109","0900","QC6-3030-000","000","S811","100.00","M/C","2","00"
"RA","9633430009","20260109","0900","40.00","6100","MRS1",NULL,NULL,NULL,"WF0000","2026-01-07 11:15:42","20260109","1100","QC6-3030-000","000","S811","100.00","M/C","2","00"
"RA","9633430009","20260109","0900","40.00","6100","MRS1",NULL,NULL,NULL,"WF0000","2026-01-07 11:15:42","20260109","1300","QC6-3030-000","000","S811","100.00","M/C","2","00"
"RA","9633430009","20260109","1400","40.00","6100","MRS1",NULL,NULL,NULL,"WF0000","2026-01-07 11:15:42","20260109","1400","QC6-3030-000","000","S811","100.00","M/C","2","00"
"RA","9633430009","20260109","1400","40.00","6100","MRS1",NULL,NULL,NULL,"WF0000","2026-01-07 11:15:42","20260110","0400","QC6-3030-000","000","S811","100.00","M/C","2","00"
"RA","9633430009","20260109","1400","40.00","6100","MRS1",NULL,NULL,NULL,"WF0000","2026-01-07 11:15:42","20260112","0800","QC6-3030-000","000","S811","100.00","M/C","2","00"
"RA","9633540001","20260109","0900","40.00","6200","MRS1",NULL,NULL,NULL,"WF0000","2026-01-07 11:15:42","20260109","1000","QC6-4363-000","000","S811","100.00","M/C","2","00"
"RA","9633540001","20260109","0900","40.00","6200","MRS1",NULL,NULL,NULL,"WF0000","2026-01-07 11:15:42","20260109","1100","QC6-4363-000","000","S811","100.00","M/C","2","00"
"RA","9633540001","20260109","0900","40.00","6200","MRS1",NULL,NULL,NULL,"WF0000","2026-01-07 11:15:42","20260109","1300","QC6-4363-000","000","S811","100.00","M/C","2","00"
"RA","9633540001","20260109","1400","40.00","6200","MRS1",NULL,NULL,NULL,"WF0000","2026-01-07 11:15:42","20260109","1500","QC6-4363-000","000","S811","100.00","M/C","2","00"
"RA","9633540001","20260109","1400","40.00","6200","MRS1",NULL,NULL,NULL,"WF0000","2026-01-07 11:15:42","20260109","1600","QC6-4363-000","000","S811","100.00","M/C","2","00"
"RA","9633540001","20260109","1400","40.00","6200","MRS1",NULL,NULL,NULL,"WF0000","2026-01-07 11:15:42","20260109","2000","QC6-4363-000","000","S811","100.00","M/C","2","00"
"RA","9633540001","20260109","1400","40.00","6200","MRS1",NULL,NULL,NULL,"WF0000","2026-01-07 11:15:42","20260109","2100","QC6-4363-000","000","S811","100.00","M/C","2","00"
"RA","9633540001","20260109","1400","40.00","6200","MRS1",NULL,NULL,NULL,"WF0000","2026-01-07 11:15:42","20260109","2300","QC6-4363-000","000","S811","100.00","M/C","2","00"
"RA","9633540001","20260109","1400","40.00","6200","MRS1",NULL,NULL,NULL,"WF0000","2026-01-07 11:15:42","20260110","0100","QC6-4363-000","000","S811","100.00","M/C","2","00"
"RA","9633540001","20260109","1400","40.00","6200","MRS1",NULL,NULL,NULL,"WF0000","2026-01-07 11:15:42","20260110","0200","QC6-4363-000","000","S811","100.00","M/C","2","00"
"RA","9633540001","20260109","1400","40.00","6200","MRS1",NULL,NULL,NULL,"WF0000","2026-01-07 11:15:42","20260110","0400","QC6-4363-000","000","S811","100.00","M/C","2","00"
"RA","9633540001","20260109","1400","40.00","6200","MRS1",NULL,NULL,NULL,"WF0000","2026-01-07 11:15:42","20260112","0800","QC6-4363-000","000","S811","100.00","M/C","2","00"
"RA","9633560003","20260109","1400","70.00","6200","MRS1",NULL,NULL,NULL,"WF0000","2026-01-07 11:15:42","20260110","0200","QC6-6616-000","000","S811","100.00","M/C","2","00"
"RA","9633560003","20260109","1400","80.00","6200","MRS1",NULL,NULL,NULL,"WF0000","2026-01-07 11:15:42","20260109","1400","QC6-6616-000","000","S811","100.00","M/C","2","00"
"RA","9633560003","20260109","1400","80.00","6200","MRS1",NULL,NULL,NULL,"WF0000","2026-01-07 11:15:42","20260109","2300","QC6-6616-000","000","S811","100.00","M/C","2","00"
"RA","9633560003","20260109","1400","80.00","6200","MRS1",NULL,NULL,NULL,"WF0000","2026-01-07 11:15:42","20260110","0300","QC6-6616-000","000","S811","100.00","M/C","2","00"
"RA","9633560003","20260109","1400","90.00","6200","MRS1",NULL,NULL,NULL,"WF0000","2026-01-07 11:15:42","20260109","2200","QC6-6616-000","000","S811","100.00","M/C","2","00"
"RA","9633560003","20260109","1400","90.00","6200","MRS1",NULL,NULL,NULL,"WF0000","2026-01-07 11:15:42","20260110","0100","QC6-6616-000","000","S811","100.00","M/C","2","00"
"RA","9633560003","20260109","1400","90.00","6200","MRS1",NULL,NULL,NULL,"WF0000","2026-01-07 11:15:42","20260112","0800","QC6-6616-000","000","S811","100.00","M/C","2","00"
"RA","9633560003","20260109","1400","100.00","6200","MRS1",NULL,NULL,NULL,"WF0000","2026-01-07 11:15:42","20260109","2100","QC6-6616-000","000","S811","100.00","M/C","2","00"
"RA","9633560003","20260109","1400","100.00","6200","MRS1",NULL,NULL,NULL,"WF0000","2026-01-07 11:15:42","20260110","0400","QC6-6616-000","000","S811","100.00","M/C","2","00"
"RA","9633560003","20260109","1400","110.00","6200","MRS1",NULL,NULL,NULL,"WF0000","2026-01-07 11:15:42","20260109","1500","QC6-6616-000","000","S811","100.00","M/C","2","00"
"RA","9633560003","20260109","1400","120.00","6200","MRS1",NULL,NULL,NULL,"WF0000","2026-01-07 11:15:42","20260109","2000","QC6-6616-000","000","S811","100.00","M/C","2","00"
"RA","9633560003","20260109","1400","140.00","6200","MRS1",NULL,NULL,NULL,"WF0000","2026-01-07 11:15:42","20260109","1600","QC6-6616-000","000","S811","100.00","M/C","2","00"
"RA","9633590002","20260109","1400","20.00","6200","MRS1",NULL,NULL,NULL,"WF0000","2026-01-07 11:15:42","20260109","2000","QC6-6807-000","000","S811","100.00","M/C","2","00"
"RA","9633590002","20260109","1400","20.00","6200","MRS1",NULL,NULL,NULL,"WF0000","2026-01-07 11:15:42","20260109","2100","QC6-6807-000","000","S811","100.00","M/C","2","00"
"RA","9633610007","20260109","1400","40.00","6200","MRS1",NULL,NULL,NULL,"WF0000","2026-01-07 11:15:42","20260109","2300","QC6-6975-000","000","S811","100.00","M/C","2","00"
"RA","9633790003","20260109","0900","40.00","    ","MRS1","  ",NULL,NULL,"WF0000","2026-01-07 11:15:42","20260109","1300","QC8-0953-000","000","S811","100.00","M/T","2","00"
"RA","9633790003","20260109","1400","40.00","    ","MRS1","  ",NULL,NULL,"WF0000","2026-01-07 11:15:42","20260109","1500","QC8-0953-000","000","S811","100.00","M/T","2","00"
"RA","9633790003","20260109","1400","40.00","    ","MRS1","  ",NULL,NULL,"WF0000","2026-01-07 11:15:42","20260109","1600","QC8-0953-000","000","S811","100.00","M/T","2","00"
"RA","9633790003","20260109","1400","60.00","    ","MRS1","  ",NULL,NULL,"WF0000","2026-01-07 11:15:42","20260109","1400","QC8-0953-000","000","S811","100.00","M/T","2","00"
"RA","9633790003","20260109","1400","80.00","    ","MRS1","  ",NULL,NULL,"WF0000","2026-01-07 11:15:42","20260112","0800","QC8-0953-000","000","S811","100.00","M/T","2","00"
"RA","9647180006","20260109","1300","160.00","6200","MRH1",NULL,NULL,NULL,"WF0000","2026-01-07 11:15:43","20260109","1300","QX2-5378-000","000","SACP","100.00","M/C","2","00"
"RA","9647180006","20260109","1500","160.00","6200","MRH1",NULL,NULL,NULL,"WF0000","2026-01-07 11:15:43","20260109","1600","QX2-5378-000","000","SACP","100.00","M/C","2","00"
"RA","9647220003","20260109","1000","20.00","6200","MRS1",NULL,NULL,NULL,"WF0000","2026-01-07 11:15:43","20260109","1100","QX2-5967-000","000","SACP","100.00","M/C","2","00"
"RA","9647220003","20260109","1300","10.00","6200","MRS1",NULL,NULL,NULL,"WF0000","2026-01-07 11:15:43","20260109","1300","QX2-5967-000","000","SACP","100.00","M/C","2","00"
"RA","9653610004","20260109","1000","40.00","    ","MRS1","  ",NULL,NULL,"WF0000","2026-01-07 11:15:42","20260109","1300","QC5-5693-000","000","SAPN","100.00","M/T","2","00"
"RA","9653610004","20260109","1000","60.00","    ","MRS1","  ",NULL,NULL,"WF0000","2026-01-07 11:15:42","20260109","1100","QC5-5693-000","000","SAPN","100.00","M/T","2","00"
"RA","9653610004","20260109","1400","40.00","    ","MRS1","  ",NULL,NULL,"WF0000","2026-01-07 11:15:42","20260109","1500","QC5-5693-000","000","SAPN","100.00","M/T","2","00"
"RA","9653610004","20260109","1400","60.00","    ","MRS1","  ",NULL,NULL,"WF0000","2026-01-07 11:15:42","20260109","1400","QC5-5693-000","000","SAPN","100.00","M/T","2","00"
"RA","9653610004","20260109","2200","40.00","    ","MRS1","  ",NULL,NULL,"WF0000","2026-01-07 11:15:42","20260112","0900","QC5-5693-000","000","SAPN","100.00","M/T","2","00"
"RA","9653610004","20260109","2200","60.00","    ","MRS1","  ",NULL,NULL,"WF0000","2026-01-07 11:15:42","20260110","0400","QC5-5693-000","000","SAPN","100.00","M/T","2","00"
"RA","9653610004","20260109","2200","60.00","    ","MRS1","  ",NULL,NULL,"WF0000","2026-01-07 11:15:42","20260112","0800","QC5-5693-000","000","SAPN","100.00","M/T","2","00"
"RA","9654430001","20260109","2200","20.00","    ","MRS1","  ",NULL,NULL,"WF0000","2026-01-07 11:15:42","20260109","2300","QC7-4908-000","000","SAPN","100.00","M/T","2","00"
"RA","9654430001","20260109","2200","20.00","    ","MRS1","  ",NULL,NULL,"WF0000","2026-01-07 11:15:42","20260110","0200","QC7-4908-000","000","SAPN","100.00","M/T","2","00"
"RA","9654430001","20260109","2200","20.00","    ","MRS1","  ",NULL,NULL,"WF0000","2026-01-07 11:15:42","20260110","0300","QC7-4908-000","000","SAPN","100.00","M/T","2","00"
"RA","9654430001","20260109","2200","20.00","    ","MRS1","  ",NULL,NULL,"WF0000","2026-01-07 11:15:42","20260112","0800","QC7-4908-000","000","SAPN","100.00","M/T","2","00"
"RA","9654430001","20260109","2200","40.00","    ","MRS1","  ",NULL,NULL,"WF0000","2026-01-07 11:15:42","20260110","0100","QC7-4908-000","000","SAPN","100.00","M/T","2","00"
"RA","9654430001","20260109","2200","40.00","    ","MRS1","  ",NULL,NULL,"WF0000","2026-01-07 11:15:42","20260110","0400","QC7-4908-000","000","SAPN","100.00","M/T","2","00"
"RA","9654430001","20260109","2200","40.00","    ","MRS1","  ",NULL,NULL,"WF0000","2026-01-07 11:15:42","20260112","0900","QC7-4908-000","000","SAPN","100.00","M/T","2","00"
"RA","9654640008","20260109","2200","20.00","    ","MRS1","  ",NULL,NULL,"WF0000","2026-01-07 11:15:42","20260109","2200","QC8-0961-000","000","SAPN","100.00","M/T","2","00"
"RA","9654640008","20260109","2200","20.00","    ","MRS1","  ",NULL,NULL,"WF0000","2026-01-07 11:15:42","20260110","0400","QC8-0961-000","000","SAPN","100.00","M/T","2","00"
"RA","9654640008","20260109","2200","30.00","    ","MRS1","  ",NULL,NULL,"WF0000","2026-01-07 11:15:42","20260109","2300","QC8-0961-000","000","SAPN","100.00","M/T","2","00"
"RA","9654640008","20260109","2200","30.00","    ","MRS1","  ",NULL,NULL,"WF0000","2026-01-07 11:15:42","20260110","0100","QC8-0961-000","000","SAPN","100.00","M/T","2","00"
"RA","9654640008","20260109","2200","30.00","    ","MRS1","  ",NULL,NULL,"WF0000","2026-01-07 11:15:42","20260110","0200","QC8-0961-000","000","SAPN","100.00","M/T","2","00"
"RA","9654640008","20260109","2200","30.00","    ","MRS1","  ",NULL,NULL,"WF0000","2026-01-07 11:15:42","20260110","0300","QC8-0961-000","000","SAPN","100.00","M/T","2","00"
"RA","9654640008","20260109","2200","30.00","    ","MRS1","  ",NULL,NULL,"WF0000","2026-01-07 11:15:42","20260112","0900","QC8-0961-000","000","SAPN","100.00","M/T","2","00"
"RA","9654640008","20260109","2200","50.00","    ","MRS1","  ",NULL,NULL,"WF0000","2026-01-07 11:15:42","20260112","0800","QC8-0961-000","000","SAPN","100.00","M/T","2","00"
"RA","9657390007","20260109","1500","16.00","6200","MRH1",NULL,NULL,NULL,"WF0000","2026-01-07 11:15:43","20260110","0300","QX1-7204-000","000","T423","100.00","M/C","2","00"
"RA","9657390007","20260109","1500","32.00","6200","MRH1",NULL,NULL,NULL,"WF0000","2026-01-07 11:15:43","20260110","0100","QX1-7204-000","000","T423","100.00","M/C","2","00"
"RA","9657390007","20260109","1500","32.00","6200","MRH1",NULL,NULL,NULL,"WF0000","2026-01-07 11:15:43","20260110","0200","QX1-7204-000","000","T423","100.00","M/C","2","00"
"RA","9657390007","20260109","1500","32.00","6200","MRH1",NULL,NULL,NULL,"WF0000","2026-01-07 11:15:43","20260110","0400","QX1-7204-000","000","T423","100.00","M/C","2","00"
"RA","9657400005","20260109","1500","16.00","6200","MRH1",NULL,NULL,NULL,"WF0000","2026-01-07 11:15:43","20260110","0400","QX1-7205-000","000","T423","100.00","M/C","2","00"
"RA","9657400005","20260109","1500","32.00","6200","MRH1",NULL,NULL,NULL,"WF0000","2026-01-07 11:15:43","20260110","0100","QX1-7205-000","000","T423","100.00","M/C","2","00"
"RA","9657400005","20260109","1500","32.00","6200","MRH1",NULL,NULL,NULL,"WF0000","2026-01-07 11:15:43","20260110","0200","QX1-7205-000","000","T423","100.00","M/C","2","00"
"RA","9657400005","20260109","1500","32.00","6200","MRH1",NULL,NULL,NULL,"WF0000","2026-01-07 11:15:43","20260110","0300","QX1-7205-000","000","T423","100.00","M/C","2","00"
"RA","9657580001","20260109","0800","40.00","6200","MRH1",NULL,NULL,NULL,"WF0000","2026-01-07 11:15:43","20260109","1300","QX2-1316-000","000","T423","100.00","M/C","2","00"
"RA","9657580001","20260109","0800","50.00","6200","MRH1",NULL,NULL,NULL,"WF0000","2026-01-07 11:15:43","20260109","1400","QX2-1316-000","000","T423","100.00","M/C","2","00"
"RA","9657580001","20260109","1500","50.00","6200","MRH1",NULL,NULL,NULL,"WF0000","2026-01-07 11:15:43","20260109","1500","QX2-1316-000","000","T423","100.00","M/C","2","00"
"RA","9657580001","20260109","1500","50.00","6200","MRH1",NULL,NULL,NULL,"WF0000","2026-01-07 11:15:43","20260109","1600","QX2-1316-000","000","T423","100.00","M/C","2","00"
"RA","9657590008","20260109","0800","40.00","6200","MRH1",NULL,NULL,NULL,"WF0000","2026-01-07 11:15:43","20260109","1300","QX2-1317-000","000","T423","100.00","M/C","2","00"
"RA","9657590008","20260109","0800","50.00","6200","MRH1",NULL,NULL,NULL,"WF0000","2026-01-07 11:15:43","20260109","1400","QX2-1317-000","000","T423","100.00","M/C","2","00"
"RA","9657590008","20260109","1500","50.00","6200","MRH1",NULL,NULL,NULL,"WF0000","2026-01-07 11:15:43","20260109","1500","QX2-1317-000","000","T423","100.00","M/C","2","00"
"RA","9657590008","20260109","1500","50.00","6200","MRH1",NULL,NULL,NULL,"WF0000","2026-01-07 11:15:43","20260109","1600","QX2-1317-000","000","T423","100.00","M/C","2","00"
"RA","9660660006","20260109","1000","200.00","6200","MRS1",NULL,NULL,NULL,"WF0000","2026-01-07 11:15:42","20260109","1300","QC5-4171-000","000","T731","100.00","M/C","2","00"
"RA","9660660006","20260109","1400","200.00","6200","MRS1",NULL,NULL,NULL,"WF0000","2026-01-07 11:15:42","20260109","1400","QC5-4171-000","000","T731","100.00","M/C","2","00"
"RA","9660660006","20260109","1400","200.00","6200","MRS1",NULL,NULL,NULL,"WF0000","2026-01-07 11:15:42","20260109","1500","QC5-4171-000","000","T731","100.00","M/C","2","00"
"RA","9660660006","20260109","1400","200.00","6200","MRS1",NULL,NULL,NULL,"WF0000","2026-01-07 11:15:42","20260109","2000","QC5-4171-000","000","T731","100.00","M/C","2","00"
"RA","9660660006","20260109","1400","200.00","6200","MRS1",NULL,NULL,NULL,"WF0000","2026-01-07 11:15:42","20260109","2100","QC5-4171-000","000","T731","100.00","M/C","2","00"
"RA","9660660006","20260109","2200","200.00","6200","MRS1",NULL,NULL,NULL,"WF0000","2026-01-07 11:15:42","20260109","2300","QC5-4171-000","000","T731","100.00","M/C","2","00"
"RA","9660660006","20260109","2200","200.00","6200","MRS1",NULL,NULL,NULL,"WF0000","2026-01-07 11:15:42","20260110","0100","QC5-4171-000","000","T731","100.00","M/C","2","00"
"RA","9660660006","20260109","2200","200.00","6200","MRS1",NULL,NULL,NULL,"WF0000","2026-01-07 11:15:42","20260110","0300","QC5-4171-000","000","T731","100.00","M/C","2","00"
"RA","9660660006","20260109","2200","200.00","6200","MRS1",NULL,NULL,NULL,"WF0000","2026-01-07 11:15:42","20260110","0400","QC5-4171-000","000","T731","100.00","M/C","2","00"
"RA","9660660006","20260109","2200","200.00","6200","MRS1",NULL,NULL,NULL,"WF0000","2026-01-07 11:15:42","20260112","0800","QC5-4171-000","000","T731","100.00","M/C","2","00"
"RA","9660700003","20260109","1000","60.00","    ","MRS1","  ",NULL,NULL,"WF0000","2026-01-07 11:15:42","20260109","0900","QC5-5620-000","000","T731","100.00","M/T","2","01"
"RA","9660700003","20260109","1000","60.00","    ","MRS1","  ",NULL,NULL,"WF0000","2026-01-07 11:15:42","20260109","1300","QC5-5620-000","000","T731","100.00","M/T","2","01"
"RA","9660700003","20260109","1000","80.00","    ","MRS1","  ",NULL,NULL,"WF0000","2026-01-07 11:15:42","20260109","1100","QC5-5620-000","000","T731","100.00","M/T","2","01"
"RA","9660700003","20260109","1000","100.00","    ","MRS1","  ",NULL,NULL,"WF0000","2026-01-07 11:15:42","20260109","0800","QC5-5620-000","000","T731","100.00","M/T","2","01"
"RA","9660700003","20260109","1000","100.00","    ","MRS1","  ",NULL,NULL,"WF0000","2026-01-07 11:15:42","20260109","1000","QC5-5620-000","000","T731","100.00","M/T","2","01"
"RA","9660700003","20260109","1400","80.00","    ","MRS1","  ",NULL,NULL,"WF0000","2026-01-07 11:15:42","20260109","1400","QC5-5620-000","000","T731","100.00","M/T","2","01"
"RA","9660700003","20260109","2200","80.00","    ","MRS1","  ",NULL,NULL,"WF0000","2026-01-07 11:15:42","20260110","0400","QC5-5620-000","000","T731","100.00","M/T","2","01"
"RA","9660700003","20260109","2200","100.00","    ","MRS1","  ",NULL,NULL,"WF0000","2026-01-07 11:15:42","20260110","0300","QC5-5620-000","000","T731","100.00","M/T","2","01"
"RA","9660730002","20260109","1000","40.00","    ","MRS1","  ",NULL,NULL,"WF0000","2026-01-07 11:15:42","20260109","1300","QC5-5681-000","000","T731","100.00","M/T","2","01"
"RA","9660730002","20260109","1000","60.00","    ","MRS1","  ",NULL,NULL,"WF0000","2026-01-07 11:15:42","20260109","1100","QC5-5681-000","000","T731","100.00","M/T","2","01"
"RA","9660730002","20260109","1400","40.00","    ","MRS1","  ",NULL,NULL,"WF0000","2026-01-07 11:15:42","20260109","1500","QC5-5681-000","000","T731","100.00","M/T","2","01"
"RA","9660730002","20260109","1400","60.00","    ","MRS1","  ",NULL,NULL,"WF0000","2026-01-07 11:15:42","20260109","1400","QC5-5681-000","000","T731","100.00","M/T","2","01"
"RA","9660730002","20260109","2200","40.00","    ","MRS1","  ",NULL,NULL,"WF0000","2026-01-07 11:15:42","20260112","0900","QC5-5681-000","000","T731","100.00","M/T","2","01"
"RA","9660730002","20260109","2200","60.00","    ","MRS1","  ",NULL,NULL,"WF0000","2026-01-07 11:15:42","20260110","0400","QC5-5681-000","000","T731","100.00","M/T","2","01"
"RA","9660730002","20260109","2200","60.00","    ","MRS1","  ",NULL,NULL,"WF0000","2026-01-07 11:15:42","20260112","0800","QC5-5681-000","000","T731","100.00","M/T","2","01"
"RA","9661130004","20260109","1000","10.00","    ","MRS1","  ",NULL,NULL,"WF0000","2026-01-07 11:15:42","20260109","1300","QC6-3055-000","000","T731","100.00","M/T","2","01"
"RA","9661130004","20260109","1000","30.00","    ","MRS1","  ",NULL,NULL,"WF0000","2026-01-07 11:15:42","20260109","1100","QC6-3055-000","000","T731","100.00","M/T","2","01"
"RA","9661130004","20260109","1400","10.00","    ","MRS1","  ",NULL,NULL,"WF0000","2026-01-07 11:15:42","20260109","1400","QC6-3055-000","000","T731","100.00","M/T","2","01"
"RA","9661130004","20260109","1400","40.00","    ","MRS1","  ",NULL,NULL,"WF0000","2026-01-07 11:15:42","20260109","1500","QC6-3055-000","000","T731","100.00","M/T","2","01"
"RA","9661130004","20260109","2200","30.00","    ","MRS1","  ",NULL,NULL,"WF0000","2026-01-07 11:15:42","20260112","0800","QC6-3055-000","000","T731","100.00","M/T","2","01"
"RA","9661130004","20260109","2200","30.00","    ","MRS1","  ",NULL,NULL,"WF0000","2026-01-07 11:15:42","20260112","0900","QC6-3055-000","000","T731","100.00","M/T","2","01"
"RA","9661130004","20260109","2200","40.00","    ","MRS1","  ",NULL,NULL,"WF0000","2026-01-07 11:15:42","20260110","0400","QC6-3055-000","000","T731","100.00","M/T","2","01"
"RA","9661170000","20260109","2200","100.00","    ","MRS1","  ",NULL,NULL,"WF0000","2026-01-07 11:15:42","20260110","0100","QC6-4276-000","000","T731","100.00","M/T","2","01"
"RA","9661170000","20260109","2200","100.00","    ","MRS1","  ",NULL,NULL,"WF0000","2026-01-07 11:15:42","20260110","0400","QC6-4276-000","000","T731","100.00","M/T","2","01"
"RA","9661200001","20260109","1000","40.00","    ","MRS1","  ",NULL,NULL,"WF0000","2026-01-07 11:15:42","20260109","1300","QC6-4355-000","000","T731","100.00","M/T","2","01"
"RA","9661200001","20260109","1400","20.00","    ","MRS1","  ",NULL,NULL,"WF0000","2026-01-07 11:15:42","20260109","1400","QC6-4355-000","000","T731","100.00","M/T","2","01"
"RA","9661200001","20260109","1400","20.00","    ","MRS1","  ",NULL,NULL,"WF0000","2026-01-07 11:15:42","20260109","2100","QC6-4355-000","000","T731","100.00","M/T","2","01"
"RA","9661200001","20260109","1400","40.00","    ","MRS1","  ",NULL,NULL,"WF0000","2026-01-07 11:15:42","20260109","1500","QC6-4355-000","000","T731","100.00","M/T","2","01"
"RA","9661200001","20260109","1400","40.00","    ","MRS1","  ",NULL,NULL,"WF0000","2026-01-07 11:15:42","20260109","1600","QC6-4355-000","000","T731","100.00","M/T","2","01"
"RA","9661200001","20260109","1400","40.00","    ","MRS1","  ",NULL,NULL,"WF0000","2026-01-07 11:15:42","20260109","2000","QC6-4355-000","000","T731","100.00","M/T","2","01"
"RA","9661200001","20260109","2200","20.00","    ","MRS1","  ",NULL,NULL,"WF0000","2026-01-07 11:15:42","20260109","2200","QC6-4355-000","000","T731","100.00","M/T","2","01"
"RA","9661200001","20260109","2200","20.00","    ","MRS1","  ",NULL,NULL,"WF0000","2026-01-07 11:15:42","20260110","0200","QC6-4355-000","000","T731","100.00","M/T","2","01"
"RA","9661200001","20260109","2200","20.00","    ","MRS1","  ",NULL,NULL,"WF0000","2026-01-07 11:15:42","20260110","0300","QC6-4355-000","000","T731","100.00","M/T","2","01"
"RA","9661200001","20260109","2200","20.00","    ","MRS1","  ",NULL,NULL,"WF0000","2026-01-07 11:15:42","20260112","0800","QC6-4355-000","000","T731","100.00","M/T","2","01"
"RA","9661200001","20260109","2200","40.00","    ","MRS1","  ",NULL,NULL,"WF0000","2026-01-07 11:15:42","20260109","2300","QC6-4355-000","000","T731","100.00","M/T","2","01"
"RA","9661200001","20260109","2200","40.00","    ","MRS1","  ",NULL,NULL,"WF0000","2026-01-07 11:15:42","20260110","0100","QC6-4355-000","000","T731","100.00","M/T","2","01"
"RA","9661200001","20260109","2200","40.00","    ","MRS1","  ",NULL,NULL,"WF0000","2026-01-07 11:15:42","20260112","0900","QC6-4355-000","000","T731","100.00","M/T","2","01"
"RA","9661200001","20260109","2200","60.00","    ","MRS1","  ",NULL,NULL,"WF0000","2026-01-07 11:15:42","20260110","0400","QC6-4355-000","000","T731","100.00","M/T","2","01"
"RA","9661230000","20260109","1000","30.00","    ","MRS1","  ",NULL,NULL,"WF0000","2026-01-07 11:15:42","20260109","1300","QC6-5176-000","000","T731","100.00","M/T","2","01"
"RA","9661230000","20260109","1400","10.00","    ","MRS1","  ",NULL,NULL,"WF0000","2026-01-07 11:15:42","20260109","1400","QC6-5176-000","000","T731","100.00","M/T","2","01"
"RA","9661290008","20260109","1400","60.00","    ","MRS1","  ",NULL,NULL,"WF0000","2026-01-07 11:15:42","20260109","1500","QC6-6619-000","000","T731","100.00","M/T","2","01"
"RA","9661290008","20260109","1400","100.00","    ","MRS1","  ",NULL,NULL,"WF0000","2026-01-07 11:15:42","20260109","2100","QC6-6619-000","000","T731","100.00","M/T","2","01"
"RA","9661290008","20260109","1400","120.00","    ","MRS1","  ",NULL,NULL,"WF0000","2026-01-07 11:15:42","20260109","2000","QC6-6619-000","000","T731","100.00","M/T","2","01"
"RA","9661290008","20260109","1400","140.00","    ","MRS1","  ",NULL,NULL,"WF0000","2026-01-07 11:15:42","20260109","1600","QC6-6619-000","000","T731","100.00","M/T","2","01"
"RA","9661290008","20260109","2200","60.00","    ","MRS1","  ",NULL,NULL,"WF0000","2026-01-07 11:15:42","20260110","0200","QC6-6619-000","000","T731","100.00","M/T","2","01"
"RA","9661290008","20260109","2200","80.00","    ","MRS1","  ",NULL,NULL,"WF0000","2026-01-07 11:15:42","20260109","2200","QC6-6619-000","000","T731","100.00","M/T","2","01"
"RA","9661290008","20260109","2200","80.00","    ","MRS1","  ",NULL,NULL,"WF0000","2026-01-07 11:15:42","20260110","0100","QC6-6619-000","000","T731","100.00","M/T","2","01"
"RA","9661290008","20260109","2200","80.00","    ","MRS1","  ",NULL,NULL,"WF0000","2026-01-07 11:15:42","20260110","0300","QC6-6619-000","000","T731","100.00","M/T","2","01"
"RA","9661290008","20260109","2200","80.00","    ","MRS1","  ",NULL,NULL,"WF0000","2026-01-07 11:15:42","20260112","0800","QC6-6619-000","000","T731","100.00","M/T","2","01"
"RA","9661290008","20260109","2200","80.00","    ","MRS1","  ",NULL,NULL,"WF0000","2026-01-07 11:15:42","20260112","0900","QC6-6619-000","000","T731","100.00","M/T","2","01"
"RA","9661290008","20260109","2200","100.00","    ","MRS1","  ",NULL,NULL,"WF0000","2026-01-07 11:15:42","20260109","2300","QC6-6619-000","000","T731","100.00","M/T","2","01"
"RA","9661290008","20260109","2200","120.00","    ","MRS1","  ",NULL,NULL,"WF0000","2026-01-07 11:15:42","20260110","0400","QC6-6619-000","000","T731","100.00","M/T","2","01"
"RA","9661300006","20260109","1400","100.00","    ","MRS1","  ",NULL,NULL,"WF0000","2026-01-07 11:15:42","20260109","1400","QC6-6716-000","000","T731","100.00","M/T","2","01"
"RA","9661300006","20260109","1400","100.00","    ","MRS1","  ",NULL,NULL,"WF0000","2026-01-07 11:15:42","20260109","1500","QC6-6716-000","000","T731","100.00","M/T","2","01"
"RA","9661300006","20260109","1400","100.00","    ","MRS1","  ",NULL,NULL,"WF0000","2026-01-07 11:15:42","20260109","2100","QC6-6716-000","000","T731","100.00","M/T","2","01"
"RA","9661300006","20260109","1400","120.00","    ","MRS1","  ",NULL,NULL,"WF0000","2026-01-07 11:15:42","20260109","2000","QC6-6716-000","000","T731","100.00","M/T","2","01"
"RA","9661300006","20260109","1400","140.00","    ","MRS1","  ",NULL,NULL,"WF0000","2026-01-07 11:15:42","20260109","1600","QC6-6716-000","000","T731","100.00","M/T","2","01"
"RA","9661300006","20260109","2200","60.00","    ","MRS1","  ",NULL,NULL,"WF0000","2026-01-07 11:15:42","20260110","0200","QC6-6716-000","000","T731","100.00","M/T","2","01"
"RA","9661300006","20260109","2200","80.00","    ","MRS1","  ",NULL,NULL,"WF0000","2026-01-07 11:15:42","20260109","2300","QC6-6716-000","000","T731","100.00","M/T","2","01"
"RA","9661300006","20260109","2200","80.00","    ","MRS1","  ",NULL,NULL,"WF0000","2026-01-07 11:15:42","20260110","0100","QC6-6716-000","000","T731","100.00","M/T","2","01"
"RA","9661300006","20260109","2200","80.00","    ","MRS1","  ",NULL,NULL,"WF0000","2026-01-07 11:15:42","20260112","0800","QC6-6716-000","000","T731","100.00","M/T","2","01"
"RA","9661300006","20260109","2200","80.00","    ","MRS1","  ",NULL,NULL,"WF0000","2026-01-07 11:15:42","20260112","0900","QC6-6716-000","000","T731","100.00","M/T","2","01"
"RA","9661300006","20260109","2200","100.00","    ","MRS1","  ",NULL,NULL,"WF0000","2026-01-07 11:15:42","20260109","2200","QC6-6716-000","000","T731","100.00","M/T","2","01"
"RA","9661300006","20260109","2200","100.00","    ","MRS1","  ",NULL,NULL,"WF0000","2026-01-07 11:15:42","20260110","0300","QC6-6716-000","000","T731","100.00","M/T","2","01"
"RA","9661300006","20260109","2200","100.00","    ","MRS1","  ",NULL,NULL,"WF0000","2026-01-07 11:15:42","20260110","0400","QC6-6716-000","000","T731","100.00","M/T","2","01"
"RA","9661310002","20260109","2200","5.00","6200","MRS1",NULL,NULL,NULL,"WF0000","2026-01-07 11:15:42","20260109","2200","QC6-6806-000","000","T731","100.00","M/C","2","01"
"RA","9661310002","20260109","2200","5.00","6200","MRS1",NULL,NULL,NULL,"WF0000","2026-01-07 11:15:42","20260110","0400","QC6-6806-000","000","T731","100.00","M/C","2","01"
"RA","9661350008","20260109","2200","20.00","6200","MRS1",NULL,NULL,NULL,"WF0000","2026-01-07 11:15:42","20260109","2200","QC6-6973-000","000","T731","100.00","M/C","2","01"
"RA","9661430001","20260109","1400","20.00","6200","MRS1",NULL,NULL,NULL,"WF0000","2026-01-07 11:15:42","20260109","2100","QC6-6988-000","000","T731","100.00","M/C","2","01"
"RA","9661450003","20260109","2200","10.00","6200","MRS1",NULL,NULL,NULL,"WF0000","2026-01-07 11:15:42","20260109","2200","QC6-7006-000","000","T731","100.00","M/C","2","01"
"RA","9661500007","20260109","2200","20.00","6200","MRS1",NULL,NULL,NULL,"WF0000","2026-01-07 11:15:42","20260109","2200","QC6-8452-000","000","T731","100.00","M/C","2","01"
"RA","9661570001","20260109","1400","10.00","6200","MRS1",NULL,NULL,NULL,"WF0000","2026-01-07 11:15:42","20260109","2100","QC6-9417-000","000","T731","100.00","M/C","2","01"
"RA","9661570001","20260109","2200","10.00","6200","MRS1",NULL,NULL,NULL,"WF0000","2026-01-07 11:15:42","20260109","2300","QC6-9417-000","000","T731","100.00","M/C","2","01"
"RA","9661960007","20260109","2200","40.00","    ","MRS1","  ",NULL,NULL,"WF0000","2026-01-07 11:15:42","20260110","0100","QC7-4897-000","000","T731","100.00","M/T","2","01"
"RA","9661960007","20260109","2200","40.00","    ","MRS1","  ",NULL,NULL,"WF0000","2026-01-07 11:15:42","20260110","0300","QC7-4897-000","000","T731","100.00","M/T","2","01"
"RA","9661960007","20260109","2200","40.00","    ","MRS1","  ",NULL,NULL,"WF0000","2026-01-07 11:15:42","20260112","0800","QC7-4897-000","000","T731","100.00","M/T","2","01"
"RA","9661960007","20260109","2200","40.00","    ","MRS1","  ",NULL,NULL,"WF0000","2026-01-07 11:15:42","20260112","0900","QC7-4897-000","000","T731","100.00","M/T","2","01"
"RA","9661960007","20260109","2200","80.00","    ","MRS1","  ",NULL,NULL,"WF0000","2026-01-07 11:15:42","20260109","2300","QC7-4897-000","000","T731","100.00","M/T","2","01"
"RA","9661960007","20260109","2200","80.00","    ","MRS1","  ",NULL,NULL,"WF0000","2026-01-07 11:15:42","20260110","0200","QC7-4897-000","000","T731","100.00","M/T","2","01"
"RA","9661960007","20260109","2200","80.00","    ","MRS1","  ",NULL,NULL,"WF0000","2026-01-07 11:15:42","20260110","0400","QC7-4897-000","000","T731","100.00","M/T","2","01"
"RA","9662390008","20260109","1000","200.00","6100","MRS1",NULL,NULL,NULL,"WF0000","2026-01-07 11:15:42","20260109","1100","QC7-8725-000","000","T731","100.00","M/C","2","01"
"RA","9662390008","20260109","1000","200.00","6100","MRS1",NULL,NULL,NULL,"WF0000","2026-01-07 11:15:42","20260109","1300","QC7-8725-000","000","T731","100.00","M/C","2","01"
"RA","9662390008","20260109","1400","200.00","6100","MRS1",NULL,NULL,NULL,"WF0000","2026-01-07 11:15:42","20260109","1400","QC7-8725-000","000","T731","100.00","M/C","2","01"
"RA","9662390008","20260109","1400","200.00","6100","MRS1",NULL,NULL,NULL,"WF0000","2026-01-07 11:15:42","20260109","1600","QC7-8725-000","000","T731","100.00","M/C","2","01"
"RA","9662390008","20260109","1400","200.00","6100","MRS1",NULL,NULL,NULL,"WF0000","2026-01-07 11:15:42","20260109","2000","QC7-8725-000","000","T731","100.00","M/C","2","01"
"RA","9662390008","20260109","1400","200.00","6100","MRS1",NULL,NULL,NULL,"WF0000","2026-01-07 11:15:42","20260109","2100","QC7-8725-000","000","T731","100.00","M/C","2","01"
"RA","9662390008","20260109","2200","200.00","6100","MRS1",NULL,NULL,NULL,"WF0000","2026-01-07 11:15:42","20260109","2300","QC7-8725-000","000","T731","100.00","M/C","2","01"
"RA","9662390008","20260109","2200","200.00","6100","MRS1",NULL,NULL,NULL,"WF0000","2026-01-07 11:15:42","20260110","0100","QC7-8725-000","000","T731","100.00","M/C","2","01"
"RA","9662390008","20260109","2200","200.00","6100","MRS1",NULL,NULL,NULL,"WF0000","2026-01-07 11:15:42","20260110","0200","QC7-8725-000","000","T731","100.00","M/C","2","01"
"RA","9662390008","20260109","2200","200.00","6100","MRS1",NULL,NULL,NULL,"WF0000","2026-01-07 11:15:42","20260110","0400","QC7-8725-000","000","T731","100.00","M/C","2","01"
"RA","9662390008","20260109","2200","200.00","6100","MRS1",NULL,NULL,NULL,"WF0000","2026-01-07 11:15:42","20260112","0800","QC7-8725-000","000","T731","100.00","M/C","2","01"
"RA","9662390008","20260109","2200","200.00","6100","MRS1",NULL,NULL,NULL,"WF0000","2026-01-07 11:15:42","20260112","0900","QC7-8725-000","000","T731","100.00","M/C","2","01"
"RA","9662400006","20260109","2200","300.00","6100","MRS1",NULL,NULL,NULL,"WF0000","2026-01-07 11:15:42","20260112","0900","QC7-8727-000","000","T731","100.00","M/C","2","01"
"RA","9662410002","20260109","2200","80.00","6100","MRS1",NULL,NULL,NULL,"WF0000","2026-01-07 11:15:42","20260112","0900","QC7-8728-000","000","T731","100.00","M/C","2","01"
"RA","9662410002","20260109","2200","140.00","6100","MRS1",NULL,NULL,NULL,"WF0000","2026-01-07 11:15:42","20260112","0800","QC7-8728-000","000","T731","100.00","M/C","2","01"
"RA","9662410002","20260109","2200","160.00","6100","MRS1",NULL,NULL,NULL,"WF0000","2026-01-07 11:15:42","20260110","0300","QC7-8728-000","000","T731","100.00","M/C","2","01"
"RA","9662410002","20260109","2200","200.00","6100","MRS1",NULL,NULL,NULL,"WF0000","2026-01-07 11:15:42","20260110","0400","QC7-8728-000","000","T731","100.00","M/C","2","01"
"RA","9662420009","20260109","2200","120.00","6100","MRS1",NULL,NULL,NULL,"WF0000","2026-01-07 11:15:42","20260110","0200","QC7-8733-000","000","T731","100.00","M/C","2","01"
"RA","9662420009","20260109","2200","160.00","6100","MRS1",NULL,NULL,NULL,"WF0000","2026-01-07 11:15:42","20260109","2300","QC7-8733-000","000","T731","100.00","M/C","2","01"
"RA","9662420009","20260109","2200","160.00","6100","MRS1",NULL,NULL,NULL,"WF0000","2026-01-07 11:15:42","20260110","0100","QC7-8733-000","000","T731","100.00","M/C","2","01"
"RA","9667830000","20260109","2000","20.00","6100","MRS1",NULL,NULL,NULL,"WF0000","2026-01-07 11:15:42","20260112","1000","QC5-9577-000","000","X411","100.00","M/C","2","01"
"RA","9667830000","20260109","2000","40.00","6100","MRS1",NULL,NULL,NULL,"WF0000","2026-01-07 11:15:42","20260112","0900","QC5-9577-000","000","X411","100.00","M/C","2","01"
"RA","9709580005","20240108","2000","8000.00","6100","MRS1",NULL,NULL,NULL,"WF0000","2024-01-05 08:25:11","20240109","0400","QC4-6467-000","000","M718","80.00","M/C","2","00"
"RA",NULL,"20230503","0800","136.00","6100",NULL,NULL,NULL,NULL,"WF0020","2023-05-01 08:23:10","20230503","0900","QC7-8730-000","000","TAFJ","90.00","M/C","2",NULL
"RA",NULL,"20230503","0800","148.00","6100",NULL,NULL,NULL,NULL,"WF0020","2023-05-01 08:23:10","20230503","1000","QC7-8730-000","000","TAFJ","90.00","M/C","2",NULL
"RA",NULL,"20230503","0800","148.00","6100",NULL,NULL,NULL,NULL,"WF0020","2023-05-01 08:23:10","20230503","1100","QC7-8730-000","000","TAFJ","90.00","M/C","2",NULL
"RA",NULL,"20230503","1300","128.00","6100",NULL,NULL,NULL,NULL,"WF0020","2023-05-01 08:23:10","20230503","1400","QC7-8730-000","000","TAFJ","90.00","M/C","2",NULL
"RA",NULL,"20230503","1300","152.00","6100",NULL,NULL,NULL,NULL,"WF0020","2023-05-01 08:23:10","20230503","1300","QC7-8730-000","000","TAFJ","90.00","M/C","2",NULL
"RA",NULL,"20230503","1500","152.00","6100",NULL,NULL,NULL,NULL,"WF0020","2023-05-01 08:23:10","20230503","1500","QC7-8730-000","000","TAFJ","90.00","M/C","2",NULL
"RA",NULL,"20230503","1500","188.00","6100",NULL,NULL,NULL,NULL,"WF0020","2023-05-01 08:23:10","20230503","1600","QC7-8730-000","000","TAFJ","90.00","M/C","2",NULL
"RA",NULL,"20230503","2000","104.00","6100",NULL,NULL,NULL,NULL,"WF0020","2023-05-01 08:23:10","20230504","0300","QC7-8730-000","000","TAFJ","90.00","M/C","2",NULL
"RA",NULL,"20230503","2000","128.00","6100",NULL,NULL,NULL,NULL,"WF0020","2023-05-01 08:23:10","20230504","0200","QC7-8730-000","000","TAFJ","90.00","M/C","2",NULL
"RA",NULL,"20230503","2000","136.00","6100",NULL,NULL,NULL,NULL,"WF0020","2023-05-01 08:23:10","20230503","2100","QC7-8730-000","000","TAFJ","90.00","M/C","2",NULL
"RA",NULL,"20230503","2000","148.00","6100",NULL,NULL,NULL,NULL,"WF0020","2023-05-01 08:23:10","20230503","2000","QC7-8730-000","000","TAFJ","90.00","M/C","2",NULL
"RA",NULL,"20230503","2000","148.00","6100",NULL,NULL,NULL,NULL,"WF0020","2023-05-01 08:23:10","20230503","2200","QC7-8730-000","000","TAFJ","90.00","M/C","2",NULL
"RA",NULL,"20230503","2000","148.00","6100",NULL,NULL,NULL,NULL,"WF0020","2023-05-01 08:23:10","20230503","2300","QC7-8730-000","000","TAFJ","90.00","M/C","2",NULL
"RA",NULL,"20230503","2000","152.00","6100",NULL,NULL,NULL,NULL,"WF0020","2023-05-01 08:23:10","20230504","0100","QC7-8730-000","000","TAFJ","90.00","M/C","2",NULL
"RA",NULL,"20230506","2000","148.00","6100",NULL,NULL,NULL,NULL,"WF0020","2023-05-04 08:27:59","20230507","0300","QC7-8730-000","000","TAFJ","90.00","M/C","2",NULL
"RA",NULL,"20230506","2000","184.00","6100",NULL,NULL,NULL,NULL,"WF0020","2023-05-04 08:27:59","20230507","0400","QC7-8730-000","000","TAFJ","90.00","M/C","2",NULL
"RA",NULL,"20230524","0100","72.00","6100",NULL,NULL,NULL,NULL,"WF0020","2023-05-20 08:29:42","20230524","0300","QC7-8730-000","000","TAFJ","90.00","M/C","2",NULL
"RA",NULL,"20230524","0100","188.00","6100",NULL,NULL,NULL,NULL,"WF0020","2023-05-20 08:29:42","20230524","0400","QC7-8730-000","000","TAFJ","90.00","M/C","2",NULL
"RA",NULL,"20230530","1500","148.00","6100",NULL,NULL,NULL,NULL,"WF0020","2023-05-27 08:27:14","20230530","1500","QC7-8730-000","000","TAFJ","90.00","M/C","2",NULL
"RA",NULL,"20230531","0100","188.00","6100",NULL,NULL,NULL,NULL,"WF0020","2023-05-27 08:27:14","20230531","0400","QC7-8730-000","000","TAFJ","90.00","M/C","2",NULL
"RA",NULL,"20230606","0800","148.00","6100",NULL,NULL,NULL,NULL,"WF0020","2023-06-03 08:21:38","20230606","1000","QC7-8730-000","000","TAFJ","90.00","M/C","2","00"
"RA",NULL,"20230606","0800","152.00","6100",NULL,NULL,NULL,NULL,"WF0020","2023-06-03 08:21:38","20230606","1100","QC7-8730-000","000","TAFJ","90.00","M/C","2","00"
"RA",NULL,"20230606","1300","132.00","6100",NULL,NULL,NULL,NULL,"WF0020","2023-06-03 08:21:38","20230606","1400","QC7-8730-000","000","TAFJ","90.00","M/C","2","00"
"RA",NULL,"20230606","1300","148.00","6100",NULL,NULL,NULL,NULL,"WF0020","2023-06-03 08:21:38","20230606","1300","QC7-8730-000","000","TAFJ","90.00","M/C","2","00"
"RA",NULL,"20230606","1500","148.00","6100",NULL,NULL,NULL,NULL,"WF0020","2023-06-03 08:21:38","20230606","1500","QC7-8730-000","000","TAFJ","90.00","M/C","2","00"
"RA",NULL,"20230607","0100","188.00","6100",NULL,NULL,NULL,NULL,"WF0020","2023-06-03 08:21:38","20230607","0400","QC7-8730-000","000","TAFJ","90.00","M/C","2","00"
"RA",NULL,"20230607","1300","48.00","6100",NULL,NULL,NULL,NULL,"WF0020","2023-06-05 08:25:43","20230607","1400","QC7-8730-000","000","TAFJ","90.00","M/C","2","00"
"RA",NULL,"20230620","0800","132.00","6100",NULL,NULL,NULL,NULL,"WF0020","2023-06-17 08:21:57","20230620","0900","QC7-8730-000","000","TAFJ","90.00","M/C","2","00"
"RA",NULL,"20230620","0800","148.00","6100",NULL,NULL,NULL,NULL,"WF0020","2023-06-17 08:21:57","20230620","1000","QC7-8730-000","000","TAFJ","90.00","M/C","2","00"
"RA",NULL,"20230620","0800","152.00","6100",NULL,NULL,NULL,NULL,"WF0020","2023-06-17 08:21:57","20230620","1100","QC7-8730-000","000","TAFJ","90.00","M/C","2","00"
"RA",NULL,"20230620","1300","132.00","6100",NULL,NULL,NULL,NULL,"WF0020","2023-06-17 08:21:57","20230620","1400","QC7-8730-000","000","TAFJ","90.00","M/C","2","00"
"RA",NULL,"20230620","1300","148.00","6100",NULL,NULL,NULL,NULL,"WF0020","2023-06-17 08:21:57","20230620","1300","QC7-8730-000","000","TAFJ","90.00","M/C","2","00"
"RA",NULL,"20230620","1500","148.00","6100",NULL,NULL,NULL,NULL,"WF0020","2023-06-17 08:21:57","20230620","1500","QC7-8730-000","000","TAFJ","90.00","M/C","2","00"
"RA",NULL,"20230621","0100","188.00","6100",NULL,NULL,NULL,NULL,"WF0020","2023-06-17 08:21:57","20230621","0400","QC7-8730-000","000","TAFJ","90.00","M/C","2","00"
"RA",NULL,"20230627","0800","152.00","6100",NULL,NULL,NULL,NULL,"WF0020","2023-06-24 08:21:28","20230627","1100","QC7-8730-000","000","TAFJ","90.00","M/C","2","00"
"RA",NULL,"20230627","1300","132.00","6100",NULL,NULL,NULL,NULL,"WF0020","2023-06-24 08:21:28","20230627","1400","QC7-8730-000","000","TAFJ","90.00","M/C","2","00"
"RA",NULL,"20230627","1300","148.00","6100",NULL,NULL,NULL,NULL,"WF0020","2023-06-24 08:21:28","20230627","1300","QC7-8730-000","000","TAFJ","90.00","M/C","2","00"
"RA",NULL,"20230627","1500","148.00","6100",NULL,NULL,NULL,NULL,"WF0020","2023-06-24 08:21:28","20230627","1500","QC7-8730-000","000","TAFJ","90.00","M/C","2","00"
"RA",NULL,"20230628","0100","188.00","6100",NULL,NULL,NULL,NULL,"WF0020","2023-06-24 08:21:28","20230628","0400","QC7-8730-000","000","TAFJ","90.00","M/C","2","00"
"RA",NULL,"20230629","0100","40.00","6100",NULL,NULL,NULL,NULL,"WF0020","2023-06-26 08:23:21","20230629","0400","QC7-8730-000","000","TAFJ","90.00","M/C","2","00"
"RA",NULL,"20230704","1300","128.00","6100",NULL,NULL,NULL,NULL,"WF0020","2023-07-01 08:23:23","20230704","1400","QC7-8730-000","000","TAFJ","90.00","M/C","2","00"
"RA",NULL,"20230704","1300","152.00","6100",NULL,NULL,NULL,NULL,"WF0020","2023-07-01 08:23:23","20230704","1300","QC7-8730-000","000","TAFJ","90.00","M/C","2","00"
"RA",NULL,"20230704","1500","152.00","6100",NULL,NULL,NULL,NULL,"WF0020","2023-07-01 08:23:23","20230704","1500","QC7-8730-000","000","TAFJ","90.00","M/C","2","00"
"RA",NULL,"20230705","0100","188.00","6100",NULL,NULL,NULL,NULL,"WF0020","2023-07-01 08:23:23","20230705","0400","QC7-8730-000","000","TAFJ","90.00","M/C","2","00"
"RA",NULL,"20230718","0800","132.00","6100",NULL,NULL,NULL,NULL,"WF0020","2023-07-15 08:22:50","20230718","0900","QC7-8730-000","000","TAFJ","90.00","M/C","2","00"
"RA",NULL,"20230718","0800","148.00","6100",NULL,NULL,NULL,NULL,"WF0020","2023-07-15 08:22:50","20230718","1000","QC7-8730-000","000","TAFJ","90.00","M/C","2","00"
"RA",NULL,"20230718","0800","152.00","6100",NULL,NULL,NULL,NULL,"WF0020","2023-07-15 08:22:50","20230718","1100","QC7-8730-000","000","TAFJ","90.00","M/C","2","00"
"RA",NULL,"20230718","1300","132.00","6100",NULL,NULL,NULL,NULL,"WF0020","2023-07-15 08:22:50","20230718","1400","QC7-8730-000","000","TAFJ","90.00","M/C","2","00"
"RA",NULL,"20230718","1300","148.00","6100",NULL,NULL,NULL,NULL,"WF0020","2023-07-15 08:22:50","20230718","1300","QC7-8730-000","000","TAFJ","90.00","M/C","2","00"
"RA",NULL,"20230718","1500","76.00","6100",NULL,NULL,NULL,NULL,"WF0020","2023-07-15 08:22:50","20230718","1500","QC7-8730-000","000","TAFJ","90.00","M/C","2","00"
"RA",NULL,"20230720","1300","12.00","6100",NULL,NULL,NULL,NULL,"WF0020","2023-07-18 08:23:09","20230720","1300","QC7-8730-000","000","TAFJ","90.00","M/C","2","00"
"RA",NULL,"20230725","0800","64.00","6100",NULL,NULL,NULL,NULL,"WF0020","2023-07-22 08:23:06","20230725","1000","QC7-8730-000","000","TAFJ","90.00","M/C","2","00"
"RA",NULL,"20230725","0800","76.00","6100",NULL,NULL,NULL,NULL,"WF0020","2023-07-22 08:23:06","20230725","1100","QC7-8730-000","000","TAFJ","90.00","M/C","2","00"
"RA",NULL,"20230725","1300","68.00","6100",NULL,NULL,NULL,NULL,"WF0020","2023-07-22 08:23:06","20230725","1400","QC7-8730-000","000","TAFJ","90.00","M/C","2","00"
"RA",NULL,"20230725","1300","72.00","6100",NULL,NULL,NULL,NULL,"WF0020","2023-07-22 08:23:06","20230725","1300","QC7-8730-000","000","TAFJ","90.00","M/C","2","00"
"RA",NULL,"20230725","1500","72.00","6100",NULL,NULL,NULL,NULL,"WF0020","2023-07-22 08:23:06","20230725","1500","QC7-8730-000","000","TAFJ","90.00","M/C","2","00"
"RA",NULL,"20230725","2300","96.00","6100",NULL,NULL,NULL,NULL,"WF0020","2023-07-22 08:23:06","20230726","0400","QC7-8730-000","000","TAFJ","90.00","M/C","2","00"
"RA",NULL,"20230810","0800","68.00","6100",NULL,NULL,NULL,NULL,"WF0020","2023-08-08 08:23:48","20230810","0900","QC7-8730-000","000","TAFJ","90.00","M/C","2","00"
"RA",NULL,"20230810","0800","72.00","6100",NULL,NULL,NULL,NULL,"WF0020","2023-08-08 08:23:48","20230810","1000","QC7-8730-000","000","TAFJ","90.00","M/C","2","00"
"RA",NULL,"20230810","0800","76.00","6100",NULL,NULL,NULL,NULL,"WF0020","2023-08-08 08:23:48","20230810","1100","QC7-8730-000","000","TAFJ","90.00","M/C","2","00"
"RA",NULL,"20230810","1300","64.00","6100",NULL,NULL,NULL,NULL,"WF0020","2023-08-08 08:23:48","20230810","1400","QC7-8730-000","000","TAFJ","90.00","M/C","2","00"
"RA",NULL,"20230810","1300","72.00","6100",NULL,NULL,NULL,NULL,"WF0020","2023-08-08 08:23:48","20230810","1300","QC7-8730-000","000","TAFJ","90.00","M/C","2","00"
"RA",NULL,"20230810","1500","76.00","6100",NULL,NULL,NULL,NULL,"WF0020","2023-08-08 08:23:48","20230810","1500","QC7-8730-000","000","TAFJ","90.00","M/C","2","00"
"RA",NULL,"20230810","2300","92.00","6100",NULL,NULL,NULL,NULL,"WF0020","2023-08-08 08:23:48","20230811","0400","QC7-8730-000","000","TAFJ","90.00","M/C","2","00"
"RA",NULL,"20230811","0800","68.00","6100",NULL,NULL,NULL,NULL,"WF0020","2023-08-09 08:24:52","20230811","0900","QC7-8730-000","000","TAFJ","90.00","M/C","2","00"
"RA",NULL,"20230811","0800","68.00","6100",NULL,NULL,NULL,NULL,"WF0020","2023-08-09 08:24:52","20230811","1000","QC7-8730-000","000","TAFJ","90.00","M/C","2","00"
"RA",NULL,"20230811","0800","72.00","6100",NULL,NULL,NULL,NULL,"WF0020","2023-08-09 08:24:52","20230811","1100","QC7-8730-000","000","TAFJ","90.00","M/C","2","00"
"RA",NULL,"20230811","1300","64.00","6100",NULL,NULL,NULL,NULL,"WF0020","2023-08-09 08:24:52","20230811","1400","QC7-8730-000","000","TAFJ","90.00","M/C","2","00"
"RA",NULL,"20230811","1300","76.00","6100",NULL,NULL,NULL,NULL,"WF0020","2023-08-09 08:24:52","20230811","1300","QC7-8730-000","000","TAFJ","90.00","M/C","2","00"
"RA",NULL,"20230811","1500","72.00","6100",NULL,NULL,NULL,NULL,"WF0020","2023-08-09 08:24:52","20230811","1500","QC7-8730-000","000","TAFJ","90.00","M/C","2","00"
"RA",NULL,"20230811","2300","64.00","6100",NULL,NULL,NULL,NULL,"WF0020","2023-08-09 08:24:52","20230812","0400","QC7-8730-000","000","TAFJ","90.00","M/C","2","00"
"RA",NULL,"20230814","0800","12.00","6100",NULL,NULL,NULL,NULL,"WF0020","2023-08-10 08:25:01","20230814","1000","QC7-8730-000","000","TAFJ","90.00","M/C","2","00"
"RA",NULL,"20230814","0800","68.00","6100",NULL,NULL,NULL,NULL,"WF0020","2023-08-10 08:25:01","20230814","0900","QC7-8730-000","000","TAFJ","90.00","M/C","2","00"
"RA",NULL,"20230815","1300","68.00","6100",NULL,NULL,NULL,NULL,"WF0020","2023-08-12 08:21:21","20230815","1400","QC7-8730-000","000","TAFJ","90.00","M/C","2","00"
"RA",NULL,"20230815","1300","72.00","6100",NULL,NULL,NULL,NULL,"WF0020","2023-08-12 08:21:21","20230815","1300","QC7-8730-000","000","TAFJ","90.00","M/C","2","00"
"RA",NULL,"20230815","1500","72.00","6100",NULL,NULL,NULL,NULL,"WF0020","2023-08-12 08:21:21","20230815","1500","QC7-8730-000","000","TAFJ","90.00","M/C","2","00"
"RA",NULL,"20230816","0100","96.00","6100",NULL,NULL,NULL,NULL,"WF0020","2023-08-12 08:21:21","20230816","0400","QC7-8730-000","000","TAFJ","90.00","M/C","2","00"
"RA",NULL,"20230816","0800","64.00","6100",NULL,NULL,NULL,NULL,"WF0020","2023-08-14 08:22:56","20230816","0900","QC7-8730-000","000","TAFJ","90.00","M/C","2","00"
"RA",NULL,"20230816","0800","76.00","6100",NULL,NULL,NULL,NULL,"WF0020","2023-08-14 08:22:56","20230816","1000","QC7-8730-000","000","TAFJ","90.00","M/C","2","00"
"RA",NULL,"20230816","0800","76.00","6100",NULL,NULL,NULL,NULL,"WF0020","2023-08-14 08:22:56","20230816","1100","QC7-8730-000","000","TAFJ","90.00","M/C","2","00"
"RA",NULL,"20230816","1300","68.00","6100",NULL,NULL,NULL,NULL,"WF0020","2023-08-14 08:22:56","20230816","1400","QC7-8730-000","000","TAFJ","90.00","M/C","2","00"
"RA",NULL,"20230816","1300","72.00","6100",NULL,NULL,NULL,NULL,"WF0020","2023-08-14 08:22:56","20230816","1300","QC7-8730-000","000","TAFJ","90.00","M/C","2","00"
"RA",NULL,"20230816","1500","72.00","6100",NULL,NULL,NULL,NULL,"WF0020","2023-08-14 08:22:56","20230816","1500","QC7-8730-000","000","TAFJ","90.00","M/C","2","00"
"RA",NULL,"20230817","0100","96.00","6100",NULL,NULL,NULL,NULL,"WF0020","2023-08-14 08:22:56","20230817","0400","QC7-8730-000","000","TAFJ","90.00","M/C","2","00"
"RA",NULL,"20230817","0800","64.00","6100",NULL,NULL,NULL,NULL,"WF0020","2023-08-15 08:27:10","20230817","0900","QC7-8730-000","000","TAFJ","90.00","M/C","2","00"
"RA",NULL,"20230817","0800","72.00","6100",NULL,NULL,NULL,NULL,"WF0020","2023-08-15 08:27:10","20230817","1100","QC7-8730-000","000","TAFJ","90.00","M/C","2","00"
"RA",NULL,"20230817","0800","76.00","6100",NULL,NULL,NULL,NULL,"WF0020","2023-08-15 08:27:10","20230817","1000","QC7-8730-000","000","TAFJ","90.00","M/C","2","00"
"RA",NULL,"20230817","1300","64.00","6100",NULL,NULL,NULL,NULL,"WF0020","2023-08-15 08:27:10","20230817","1400","QC7-8730-000","000","TAFJ","90.00","M/C","2","00"
"RA",NULL,"20230817","1300","76.00","6100",NULL,NULL,NULL,NULL,"WF0020","2023-08-15 08:27:10","20230817","1300","QC7-8730-000","000","TAFJ","90.00","M/C","2","00"
"RA",NULL,"20230817","1500","72.00","6100",NULL,NULL,NULL,NULL,"WF0020","2023-08-15 08:27:10","20230817","1500","QC7-8730-000","000","TAFJ","90.00","M/C","2","00"
"RA",NULL,"20230818","0100","96.00","6100",NULL,NULL,NULL,NULL,"WF0020","2023-08-15 08:27:10","20230818","0400","QC7-8730-000","000","TAFJ","90.00","M/C","2","00"
"RA",NULL,"20230818","0800","64.00","6100",NULL,NULL,NULL,NULL,"WF0020","2023-08-16 08:26:24","20230818","0900","QC7-8730-000","000","TAFJ","90.00","M/C","2","00"
"RA",NULL,"20230818","0800","72.00","6100",NULL,NULL,NULL,NULL,"WF0020","2023-08-16 08:26:24","20230818","1000","QC7-8730-000","000","TAFJ","90.00","M/C","2","00"
"RA",NULL,"20230818","0800","72.00","6100",NULL,NULL,NULL,NULL,"WF0020","2023-08-16 08:26:24","20230818","1100","QC7-8730-000","000","TAFJ","90.00","M/C","2","00"
"RA",NULL,"20230818","1300","64.00","6100",NULL,NULL,NULL,NULL,"WF0020","2023-08-16 08:26:24","20230818","1400","QC7-8730-000","000","TAFJ","90.00","M/C","2","00"
"RA",NULL,"20230818","1300","76.00","6100",NULL,NULL,NULL,NULL,"WF0020","2023-08-16 08:26:24","20230818","1300","QC7-8730-000","000","TAFJ","90.00","M/C","2","00"
"RA",NULL,"20230818","1500","72.00","6100",NULL,NULL,NULL,NULL,"WF0020","2023-08-16 08:26:24","20230818","1500","QC7-8730-000","000","TAFJ","90.00","M/C","2","00"
"RA",NULL,"20230818","2100","92.00","6100",NULL,NULL,NULL,NULL,"WF0020","2023-08-16 08:26:24","20230819","0400","QC7-8730-000","000","TAFJ","90.00","M/C","2","00"
"RA",NULL,"20230821","0800","64.00","6100",NULL,NULL,NULL,NULL,"WF0020","2023-08-17 08:25:54","20230821","0900","QC7-8730-000","000","TAFJ","90.00","M/C","2","00"
"RA",NULL,"20230821","0800","72.00","6100",NULL,NULL,NULL,NULL,"WF0020","2023-08-17 08:25:54","20230821","1000","QC7-8730-000","000","TAFJ","90.00","M/C","2","00"
"RA",NULL,"20230821","0800","72.00","6100",NULL,NULL,NULL,NULL,"WF0020","2023-08-17 08:25:54","20230821","1100","QC7-8730-000","000","TAFJ","90.00","M/C","2","00"
"RA",NULL,"20230821","1300","64.00","6100",NULL,NULL,NULL,NULL,"WF0020","2023-08-17 08:25:54","20230821","1400","QC7-8730-000","000","TAFJ","90.00","M/C","2","00"
"RA",NULL,"20230821","1300","76.00","6100",NULL,NULL,NULL,NULL,"WF0020","2023-08-17 08:25:54","20230821","1300","QC7-8730-000","000","TAFJ","90.00","M/C","2","00"
"RA",NULL,"20230821","1500","76.00","6100",NULL,NULL,NULL,NULL,"WF0020","2023-08-17 08:25:54","20230821","1500","QC7-8730-000","000","TAFJ","90.00","M/C","2","00"
"RA",NULL,"20230822","0100","28.00","6100",NULL,NULL,NULL,NULL,"WF0020","2023-08-17 08:25:54","20230822","0400","QC7-8730-000","000","TAFJ","90.00","M/C","2","00"
"RA",NULL,"20230822","0800","72.00","6100",NULL,NULL,NULL,NULL,"WF0020","2023-08-19 08:24:03","20230822","1100","QC7-8730-000","000","TAFJ","90.00","M/C","2","00"
"RA",NULL,"20230822","1300","64.00","6100",NULL,NULL,NULL,NULL,"WF0020","2023-08-19 08:24:03","20230822","1400","QC7-8730-000","000","TAFJ","90.00","M/C","2","00"
"RA",NULL,"20230822","1300","76.00","6100",NULL,NULL,NULL,NULL,"WF0020","2023-08-19 08:24:03","20230822","1300","QC7-8730-000","000","TAFJ","90.00","M/C","2","00"
"RA",NULL,"20230822","1500","76.00","6100",NULL,NULL,NULL,NULL,"WF0020","2023-08-19 08:24:03","20230822","1500","QC7-8730-000","000","TAFJ","90.00","M/C","2","00"
"RA",NULL,"20230823","0100","96.00","6100",NULL,NULL,NULL,NULL,"WF0020","2023-08-19 08:24:03","20230823","0400","QC7-8730-000","000","TAFJ","90.00","M/C","2","00"
"RA",NULL,"20230823","0800","44.00","6100",NULL,NULL,NULL,NULL,"WF0020","2023-08-21 08:24:48","20230823","1100","QC7-8730-000","000","TAFJ","90.00","M/C","2","00"
"RA",NULL,"20230823","0800","68.00","6100",NULL,NULL,NULL,NULL,"WF0020","2023-08-21 08:24:48","20230823","0900","QC7-8730-000","000","TAFJ","90.00","M/C","2","00"
"RA",NULL,"20230823","0800","76.00","6100",NULL,NULL,NULL,NULL,"WF0020","2023-08-21 08:24:48","20230823","1000","QC7-8730-000","000","TAFJ","90.00","M/C","2","00"
"RA",NULL,"20230823","1100","16.00","6100",NULL,NULL,NULL,NULL,"WF0020","2023-08-21 08:24:49","20230823","1300","QC7-8730-000","000","H653","10.00","M/C","2","00"
"RA",NULL,"20230824","0800","68.00","6100",NULL,NULL,NULL,NULL,"WF0020","2023-08-22 08:25:35","20230824","0900","QC7-8730-000","000","TAFJ","90.00","M/C","2","00"
"RA",NULL,"20230824","0800","72.00","6100",NULL,NULL,NULL,NULL,"WF0020","2023-08-22 08:25:35","20230824","1100","QC7-8730-000","000","TAFJ","90.00","M/C","2","00"
"RA",NULL,"20230824","0800","76.00","6100",NULL,NULL,NULL,NULL,"WF0020","2023-08-22 08:25:35","20230824","1000","QC7-8730-000","000","TAFJ","90.00","M/C","2","00"
"RA",NULL,"20230824","1300","36.00","6100",NULL,NULL,NULL,NULL,"WF0020","2023-08-22 08:25:35","20230824","1400","QC7-8730-000","000","TAFJ","90.00","M/C","2","00"
"RA",NULL,"20230824","1300","76.00","6100",NULL,NULL,NULL,NULL,"WF0020","2023-08-22 08:25:35","20230824","1300","QC7-8730-000","000","TAFJ","90.00","M/C","2","00"
"RA",NULL,"20230825","1300","12.00","6100",NULL,NULL,NULL,NULL,"WF0020","2023-08-23 08:25:57","20230825","1400","QC7-8730-000","000","TAFJ","90.00","M/C","2","00"
"RA",NULL,"20230825","1500","76.00","6100",NULL,NULL,NULL,NULL,"WF0020","2023-08-23 08:25:57","20230825","1500","QC7-8730-000","000","TAFJ","90.00","M/C","2","00"
"RA",NULL,"20230825","2100","92.00","6100",NULL,NULL,NULL,NULL,"WF0020","2023-08-23 08:25:57","20230826","0400","QC7-8730-000","000","TAFJ","90.00","M/C","2","00"
"RA",NULL,"20230828","0800","64.00","6100",NULL,NULL,NULL,NULL,"WF0020","2023-08-24 11:13:33","20230828","0900","QC7-8730-000","000","TAFJ","90.00","M/C","2","00"
"RA",NULL,"20230828","0800","68.00","6100",NULL,NULL,NULL,NULL,"WF0020","2023-08-24 11:13:33","20230828","1000","QC7-8730-000","000","TAFJ","90.00","M/C","2","00"
"RA",NULL,"20230828","0800","76.00","6100",NULL,NULL,NULL,NULL,"WF0020","2023-08-24 11:13:33","20230828","1100","QC7-8730-000","000","TAFJ","90.00","M/C","2","00"
"RA",NULL,"20230828","1300","64.00","6100",NULL,NULL,NULL,NULL,"WF0020","2023-08-24 11:13:33","20230828","1400","QC7-8730-000","000","TAFJ","90.00","M/C","2","00"
"RA",NULL,"20230828","1300","76.00","6100",NULL,NULL,NULL,NULL,"WF0020","2023-08-24 11:13:33","20230828","1300","QC7-8730-000","000","TAFJ","90.00","M/C","2","00"
"RA",NULL,"20230828","1500","76.00","6100",NULL,NULL,NULL,NULL,"WF0020","2023-08-24 11:13:33","20230828","1500","QC7-8730-000","000","TAFJ","90.00","M/C","2","00"
"RA",NULL,"20230829","0100","92.00","6100",NULL,NULL,NULL,NULL,"WF0020","2023-08-24 11:13:33","20230829","0400","QC7-8730-000","000","TAFJ","90.00","M/C","2","00"
"RA",NULL,"20230829","0800","64.00","6100",NULL,NULL,NULL,NULL,"WF0020","2023-08-26 08:22:29","20230829","0900","QC7-8730-000","000","TAFJ","90.00","M/C","2","00"
"RA",NULL,"20230829","0800","76.00","6100",NULL,NULL,NULL,NULL,"WF0020","2023-08-26 08:22:29","20230829","1000","QC7-8730-000","000","TAFJ","90.00","M/C","2","00"
"RA",NULL,"20230829","0800","76.00","6100",NULL,NULL,NULL,NULL,"WF0020","2023-08-26 08:22:29","20230829","1100","QC7-8730-000","000","TAFJ","90.00","M/C","2","00"
"RA",NULL,"20230829","1300","68.00","6100",NULL,NULL,NULL,NULL,"WF0020","2023-08-26 08:22:29","20230829","1400","QC7-8730-000","000","TAFJ","90.00","M/C","2","00"
"RA",NULL,"20230829","1300","72.00","6100",NULL,NULL,NULL,NULL,"WF0020","2023-08-26 08:22:29","20230829","1300","QC7-8730-000","000","TAFJ","90.00","M/C","2","00"
"RA",NULL,"20230829","1500","72.00","6100",NULL,NULL,NULL,NULL,"WF0020","2023-08-26 08:22:29","20230829","1500","QC7-8730-000","000","TAFJ","90.00","M/C","2","00"
"RA",NULL,"20230830","0100","84.00","6100",NULL,NULL,NULL,NULL,"WF0020","2023-08-26 08:22:29","20230830","0400","QC7-8730-000","000","TAFJ","90.00","M/C","2","00"
"RA",NULL,"20230830","0800","64.00","6100",NULL,NULL,NULL,NULL,"WF0020","2023-08-28 11:50:30","20230830","0900","QC7-8730-000","000","TAFJ","90.00","M/C","2","00"
"RA",NULL,"20230830","0800","76.00","6100",NULL,NULL,NULL,NULL,"WF0020","2023-08-28 11:50:30","20230830","1000","QC7-8730-000","000","TAFJ","90.00","M/C","2","00"
"RA",NULL,"20230830","0800","76.00","6100",NULL,NULL,NULL,NULL,"WF0020","2023-08-28 11:50:30","20230830","1100","QC7-8730-000","000","TAFJ","90.00","M/C","2","00"
"RA",NULL,"20230830","1300","68.00","6100",NULL,NULL,NULL,NULL,"WF0020","2023-08-28 11:50:30","20230830","1400","QC7-8730-000","000","TAFJ","90.00","M/C","2","00"
"RA",NULL,"20230830","1300","72.00","6100",NULL,NULL,NULL,NULL,"WF0020","2023-08-28 11:50:30","20230830","1300","QC7-8730-000","000","TAFJ","90.00","M/C","2","00"
"RA",NULL,"20230830","1500","72.00","6100",NULL,NULL,NULL,NULL,"WF0020","2023-08-28 11:50:30","20230830","1500","QC7-8730-000","000","TAFJ","90.00","M/C","2","00"
"RA",NULL,"20230831","0100","20.00","6100",NULL,NULL,NULL,NULL,"WF0020","2023-08-28 11:50:30","20230831","0400","QC7-8730-000","000","TAFJ","90.00","M/C","2","00"
"RA",NULL,"20230831","0800","64.00","6100",NULL,NULL,NULL,NULL,"WF0020","2023-08-29 08:27:23","20230831","0900","QC7-8730-000","000","TAFJ","90.00","M/C","2","00"
"RA",NULL,"20230831","0800","72.00","6100",NULL,NULL,NULL,NULL,"WF0020","2023-08-29 08:27:23","20230831","1000","QC7-8730-000","000","TAFJ","90.00","M/C","2","00"
"RA",NULL,"20230831","0800","76.00","6100",NULL,NULL,NULL,NULL,"WF0020","2023-08-29 08:27:23","20230831","1100","QC7-8730-000","000","TAFJ","90.00","M/C","2","00"
"RA",NULL,"20230831","1300","64.00","6100",NULL,NULL,NULL,NULL,"WF0020","2023-08-29 08:27:23","20230831","1400","QC7-8730-000","000","TAFJ","90.00","M/C","2","00"
"RA",NULL,"20230831","1300","72.00","6100",NULL,NULL,NULL,NULL,"WF0020","2023-08-29 08:27:23","20230831","1300","QC7-8730-000","000","TAFJ","90.00","M/C","2","00"
"RA",NULL,"20230831","1500","76.00","6100",NULL,NULL,NULL,NULL,"WF0020","2023-08-29 08:27:23","20230831","1500","QC7-8730-000","000","TAFJ","90.00","M/C","2","00"
"RA",NULL,"20230901","0100","32.00","6100",NULL,NULL,NULL,NULL,"WF0020","2023-08-29 08:27:23","20230901","0400","QC7-8730-000","000","TAFJ","90.00","M/C","2","00"
"RA",NULL,"20230901","0800","64.00","6100",NULL,NULL,NULL,NULL,"WF0020","2023-08-30 08:26:02","20230901","0900","QC7-8730-000","000","TAFJ","90.00","M/C","2","00"
"RA",NULL,"20230901","0800","72.00","6100",NULL,NULL,NULL,NULL,"WF0020","2023-08-30 08:26:02","20230901","1000","QC7-8730-000","000","TAFJ","90.00","M/C","2","00"
"RA",NULL,"20230901","0800","72.00","6100",NULL,NULL,NULL,NULL,"WF0020","2023-08-30 08:26:02","20230901","1100","QC7-8730-000","000","TAFJ","90.00","M/C","2","00"
"RA",NULL,"20230901","1300","64.00","6100",NULL,NULL,NULL,NULL,"WF0020","2023-08-30 08:26:02","20230901","1400","QC7-8730-000","000","TAFJ","90.00","M/C","2","00"
"RA",NULL,"20230901","1300","76.00","6100",NULL,NULL,NULL,NULL,"WF0020","2023-08-30 08:26:02","20230901","1300","QC7-8730-000","000","TAFJ","90.00","M/C","2","00"
"RA",NULL,"20230901","1500","72.00","6100",NULL,NULL,NULL,NULL,"WF0020","2023-08-30 08:26:02","20230901","1500","QC7-8730-000","000","TAFJ","90.00","M/C","2","00"
"RA",NULL,"20230901","2100","40.00","6100",NULL,NULL,NULL,NULL,"WF0020","2023-08-30 08:26:02","20230902","0400","QC7-8730-000","000","TAFJ","90.00","M/C","2","00"
"RA",NULL,"20230904","0800","64.00","6100",NULL,NULL,NULL,NULL,"WF0020","2023-08-31 08:25:53","20230904","0900","QC7-8730-000","000","TAFJ","90.00","M/C","2","00"
"RA",NULL,"20230904","0800","76.00","6100",NULL,NULL,NULL,NULL,"WF0020","2023-08-31 08:25:53","20230904","1000","QC7-8730-000","000","TAFJ","90.00","M/C","2","00"
"RA",NULL,"20230904","0800","132.00","6100",NULL,NULL,NULL,NULL,"WF0020","2023-08-31 08:25:53","20230904","1100","QC7-8730-000","000","TAFJ","90.00","M/C","2","00"
"RA",NULL,"20230905","0800","156.00","6100",NULL,NULL,NULL,NULL,"WF0020","2023-09-02 08:21:44","20230905","1100","QC7-8730-000","000","TAFJ","90.00","M/C","2","00"
"RA",NULL,"20230905","1300","64.00","6100",NULL,NULL,NULL,NULL,"WF0020","2023-09-02 08:21:44","20230905","1400","QC7-8730-000","000","TAFJ","90.00","M/C","2","00"
"RA",NULL,"20230905","1300","76.00","6100",NULL,NULL,NULL,NULL,"WF0020","2023-09-02 08:21:44","20230905","1300","QC7-8730-000","000","TAFJ","90.00","M/C","2","00"
"RA",NULL,"20230905","1500","76.00","6100",NULL,NULL,NULL,NULL,"WF0020","2023-09-02 08:21:44","20230905","1500","QC7-8730-000","000","TAFJ","90.00","M/C","2","00"
"RA",NULL,"20230906","0100","96.00","6100",NULL,NULL,NULL,NULL,"WF0020","2023-09-02 08:21:44","20230906","0400","QC7-8730-000","000","TAFJ","90.00","M/C","2","00"
"RA",NULL,"20230906","0800","64.00","6100",NULL,NULL,NULL,NULL,"WF0020","2023-09-04 08:23:04","20230906","0900","QC7-8730-000","000","TAFJ","90.00","M/C","2","00"
"RA",NULL,"20230906","0800","76.00","6100",NULL,NULL,NULL,NULL,"WF0020","2023-09-04 08:23:04","20230906","1000","QC7-8730-000","000","TAFJ","90.00","M/C","2","00"
"RA",NULL,"20230906","0800","76.00","6100",NULL,NULL,NULL,NULL,"WF0020","2023-09-04 08:23:04","20230906","1100","QC7-8730-000","000","TAFJ","90.00","M/C","2","00"
"RA",NULL,"20230906","1300","68.00","6100",NULL,NULL,NULL,NULL,"WF0020","2023-09-04 08:23:04","20230906","1400","QC7-8730-000","000","TAFJ","90.00","M/C","2","00"
"RA",NULL,"20230906","1300","72.00","6100",NULL,NULL,NULL,NULL,"WF0020","2023-09-04 08:23:04","20230906","1300","QC7-8730-000","000","TAFJ","90.00","M/C","2","00"
"RA",NULL,"20230906","1500","72.00","6100",NULL,NULL,NULL,NULL,"WF0020","2023-09-04 08:23:04","20230906","1500","QC7-8730-000","000","TAFJ","90.00","M/C","2","00"
"RA",NULL,"20230907","0100","60.00","6100",NULL,NULL,NULL,NULL,"WF0020","2023-09-04 08:23:04","20230907","0400","QC7-8730-000","000","TAFJ","90.00","M/C","2","00"
"RA",NULL,"20230907","0800","64.00","6100",NULL,NULL,NULL,NULL,"WF0020","2023-09-05 08:25:44","20230907","0900","QC7-8730-000","000","TAFJ","90.00","M/C","2","00"
"RA",NULL,"20230907","0800","76.00","6100",NULL,NULL,NULL,NULL,"WF0020","2023-09-05 08:25:44","20230907","1000","QC7-8730-000","000","TAFJ","90.00","M/C","2","00"
"RA",NULL,"20230907","0800","224.00","6100",NULL,NULL,NULL,NULL,"WF0020","2023-09-05 08:25:44","20230907","1100","QC7-8730-000","000","TAFJ","90.00","M/C","2","00"
"RA",NULL,"20230907","1300","64.00","6100",NULL,NULL,NULL,NULL,"WF0020","2023-09-05 08:25:44","20230907","1400","QC7-8730-000","000","TAFJ","90.00","M/C","2","00"
"RA",NULL,"20230907","1300","76.00","6100",NULL,NULL,NULL,NULL,"WF0020","2023-09-05 08:25:44","20230907","1300","QC7-8730-000","000","TAFJ","90.00","M/C","2","00"
"RA",NULL,"20230907","1500","76.00","6100",NULL,NULL,NULL,NULL,"WF0020","2023-09-05 08:25:44","20230907","1500","QC7-8730-000","000","TAFJ","90.00","M/C","2","00"
"RA",NULL,"20230908","0100","24.00","6100",NULL,NULL,NULL,NULL,"WF0020","2023-09-05 08:25:44","20230908","0400","QC7-8730-000","000","TAFJ","90.00","M/C","2","00"
"RA",NULL,"20230908","0800","68.00","6100",NULL,NULL,NULL,NULL,"WF0020","2023-09-06 19:55:03","20230908","0900","QC7-8730-000","000","TAFJ","90.00","M/C","2","00"
"RA",NULL,"20230908","0800","76.00","6100",NULL,NULL,NULL,NULL,"WF0020","2023-09-06 19:55:03","20230908","1000","QC7-8730-000","000","TAFJ","90.00","M/C","2","00"
"RA",NULL,"20230908","0800","220.00","6100",NULL,NULL,NULL,NULL,"WF0020","2023-09-06 19:55:03","20230908","1100","QC7-8730-000","000","TAFJ","90.00","M/C","2","00"
"RA",NULL,"20230908","1300","64.00","6100",NULL,NULL,NULL,NULL,"WF0020","2023-09-06 19:55:03","20230908","1400","QC7-8730-000","000","TAFJ","90.00","M/C","2","00"
"RA",NULL,"20230908","1300","76.00","6100",NULL,NULL,NULL,NULL,"WF0020","2023-09-06 19:55:03","20230908","1300","QC7-8730-000","000","TAFJ","90.00","M/C","2","00"
"RA",NULL,"20230908","1500","64.00","6100",NULL,NULL,NULL,NULL,"WF0020","2023-09-06 19:55:03","20230908","1500","QC7-8730-000","000","TAFJ","90.00","M/C","2","00"
"RA",NULL,"20230909","0800","64.00","6100",NULL,NULL,NULL,NULL,"WF0020","2023-09-07 08:43:54","20230909","0900","QC7-8730-000","000","TAFJ","90.00","M/C","2","00"
"RA",NULL,"20230909","0800","72.00","6100",NULL,NULL,NULL,NULL,"WF0020","2023-09-07 08:43:54","20230909","1000","QC7-8730-000","000","TAFJ","90.00","M/C","2","00"
"RA",NULL,"20230909","0800","72.00","6100",NULL,NULL,NULL,NULL,"WF0020","2023-09-07 08:43:54","20230909","1100","QC7-8730-000","000","TAFJ","90.00","M/C","2","00"
"RA",NULL,"20230909","1300","64.00","6100",NULL,NULL,NULL,NULL,"WF0020","2023-09-07 08:43:54","20230909","1400","QC7-8730-000","000","TAFJ","90.00","M/C","2","00"
"RA",NULL,"20230909","1300","76.00","6100",NULL,NULL,NULL,NULL,"WF0020","2023-09-07 08:43:54","20230909","1300","QC7-8730-000","000","TAFJ","90.00","M/C","2","00"
"RA",NULL,"20230909","1500","72.00","6100",NULL,NULL,NULL,NULL,"WF0020","2023-09-07 08:43:54","20230909","1500","QC7-8730-000","000","TAFJ","90.00","M/C","2","00"
"RA",NULL,"20230909","2100","4.00","6100",NULL,NULL,NULL,NULL,"WF0020","2023-09-07 08:43:54","20230910","0400","QC7-8730-000","000","TAFJ","90.00","M/C","2","00"
"RA",NULL,"20230911","0800","64.00","6100",NULL,NULL,NULL,NULL,"WF0020","2023-09-08 08:24:34","20230911","0900","QC7-8730-000","000","TAFJ","90.00","M/C","2","00"
"RA",NULL,"20230911","0800","76.00","6100",NULL,NULL,NULL,NULL,"WF0020","2023-09-08 08:24:34","20230911","1000","QC7-8730-000","000","TAFJ","90.00","M/C","2","00"
"RA",NULL,"20230911","0800","220.00","6100",NULL,NULL,NULL,NULL,"WF0020","2023-09-08 08:24:34","20230911","1100","QC7-8730-000","000","TAFJ","90.00","M/C","2","00"
"RA",NULL,"20230911","1300","68.00","6100",NULL,NULL,NULL,NULL,"WF0020","2023-09-08 08:24:34","20230911","1400","QC7-8730-000","000","TAFJ","90.00","M/C","2","00"
"RA",NULL,"20230911","1300","72.00","6100",NULL,NULL,NULL,NULL,"WF0020","2023-09-08 08:24:34","20230911","1300","QC7-8730-000","000","TAFJ","90.00","M/C","2","00"
"RA",NULL,"20230911","1500","72.00","6100",NULL,NULL,NULL,NULL,"WF0020","2023-09-08 08:24:34","20230911","1500","QC7-8730-000","000","TAFJ","90.00","M/C","2","00"
"RA",NULL,"20230912","0800","64.00","6100",NULL,NULL,NULL,NULL,"WF0020","2023-09-09 08:26:38","20230912","0900","QC7-8730-000","000","TAFJ","90.00","M/C","2","00"
"RA",NULL,"20230912","0800","76.00","6100",NULL,NULL,NULL,NULL,"WF0020","2023-09-09 08:26:38","20230912","1000","QC7-8730-000","000","TAFJ","90.00","M/C","2","00"
"RA",NULL,"20230912","0800","224.00","6100",NULL,NULL,NULL,NULL,"WF0020","2023-09-09 08:26:38","20230912","1100","QC7-8730-000","000","TAFJ","90.00","M/C","2","00"
"RA",NULL,"20230912","1300","60.00","6100",NULL,NULL,NULL,NULL,"WF0020","2023-09-09 08:26:38","20230912","1300","QC7-8730-000","000","TAFJ","90.00","M/C","2","00"
"RA",NULL,"20230913","0800","76.00","6100",NULL,NULL,NULL,NULL,"WF0020","2023-09-11 08:22:32","20230913","1100","QC7-8730-000","000","TAFJ","90.00","M/C","2","00"
"RA",NULL,"20230913","1300","64.00","6100",NULL,NULL,NULL,NULL,"WF0020","2023-09-11 08:22:32","20230913","1400","QC7-8730-000","000","TAFJ","90.00","M/C","2","00"
"RA",NULL,"20230913","1300","76.00","6100",NULL,NULL,NULL,NULL,"WF0020","2023-09-11 08:22:32","20230913","1300","QC7-8730-000","000","TAFJ","90.00","M/C","2","00"
"RA",NULL,"20230913","1500","64.00","6100",NULL,NULL,NULL,NULL,"WF0020","2023-09-11 08:22:32","20230913","1500","QC7-8730-000","000","TAFJ","90.00","M/C","2","00"
"RA",NULL,"20230914","0800","68.00","6100",NULL,NULL,NULL,NULL,"WF0020","2023-09-12 08:25:49","20230914","0900","QC7-8730-000","000","TAFJ","90.00","M/C","2","00"
"RA",NULL,"20230914","0800","76.00","6100",NULL,NULL,NULL,NULL,"WF0020","2023-09-12 08:25:49","20230914","1000","QC7-8730-000","000","TAFJ","90.00","M/C","2","00"
"RA",NULL,"20230914","0800","220.00","6100",NULL,NULL,NULL,NULL,"WF0020","2023-09-12 08:25:49","20230914","1100","QC7-8730-000","000","TAFJ","90.00","M/C","2","00"
"RA",NULL,"20230914","1300","64.00","6100",NULL,NULL,NULL,NULL,"WF0020","2023-09-12 08:25:49","20230914","1400","QC7-8730-000","000","TAFJ","90.00","M/C","2","00"
"RA",NULL,"20230914","1300","76.00","6100",NULL,NULL,NULL,NULL,"WF0020","2023-09-12 08:25:49","20230914","1300","QC7-8730-000","000","TAFJ","90.00","M/C","2","00"
"RA",NULL,"20230914","1500","64.00","6100",NULL,NULL,NULL,NULL,"WF0020","2023-09-12 08:25:49","20230914","1500","QC7-8730-000","000","TAFJ","90.00","M/C","2","00"
"RA",NULL,"20230915","0800","64.00","6100",NULL,NULL,NULL,NULL,"WF0020","2023-09-13 08:26:20","20230915","0900","QC7-8730-000","000","TAFJ","90.00","M/C","2","00"
"RA",NULL,"20230915","0800","72.00","6100",NULL,NULL,NULL,NULL,"WF0020","2023-09-13 08:26:20","20230915","1000","QC7-8730-000","000","TAFJ","90.00","M/C","2","00"
"RA",NULL,"20230915","0800","72.00","6100",NULL,NULL,NULL,NULL,"WF0020","2023-09-13 08:26:20","20230915","1100","QC7-8730-000","000","TAFJ","90.00","M/C","2","00"
"RA",NULL,"20230915","1300","64.00","6100",NULL,NULL,NULL,NULL,"WF0020","2023-09-13 08:26:20","20230915","1400","QC7-8730-000","000","TAFJ","90.00","M/C","2","00"
"RA",NULL,"20230915","1300","76.00","6100",NULL,NULL,NULL,NULL,"WF0020","2023-09-13 08:26:20","20230915","1300","QC7-8730-000","000","TAFJ","90.00","M/C","2","00"
"RA",NULL,"20230915","1500","40.00","6100",NULL,NULL,NULL,NULL,"WF0020","2023-09-13 08:26:20","20230915","1500","QC7-8730-000","000","TAFJ","90.00","M/C","2","00"
"RA",NULL,"20230918","0800","68.00","6100",NULL,NULL,NULL,NULL,"WF0020","2023-09-14 08:26:23","20230918","0900","QC7-8730-000","000","TAFJ","90.00","M/C","2","00"
"RA",NULL,"20230918","0800","68.00","6100",NULL,NULL,NULL,NULL,"WF0020","2023-09-14 08:26:23","20230918","1000","QC7-8730-000","000","TAFJ","90.00","M/C","2","00"
"RA",NULL,"20230918","0800","68.00","6100",NULL,NULL,NULL,NULL,"WF0020","2023-09-14 08:26:23","20230918","1100","QC7-8730-000","000","TAFJ","90.00","M/C","2","00"
"RA",NULL,"20230919","1300","36.00","6100",NULL,NULL,NULL,NULL,"WF0020","2023-09-16 08:22:45","20230919","1400","QC7-8730-000","000","TAFJ","90.00","M/C","2","00"
"RA",NULL,"20230919","1500","72.00","6100",NULL,NULL,NULL,NULL,"WF0020","2023-09-16 08:22:45","20230919","1500","QC7-8730-000","000","TAFJ","90.00","M/C","2","00"
"RA",NULL,"20230920","0100","96.00","6100",NULL,NULL,NULL,NULL,"WF0020","2023-09-16 08:22:45","20230920","0400","QC7-8730-000","000","TAFJ","90.00","M/C","2","00"
"RA",NULL,"20230920","0800","433.00","8888",NULL,NULL,NULL,NULL,"WF0017","2023-09-18 08:35:57","20230920","0800","QC7-8730-000","000",NULL,NULL,"M/T",NULL,NULL
"RA",NULL,"20230921","0800","770.00","8888",NULL,NULL,NULL,NULL,"WF0017","2023-09-19 08:40:18","20230921","0800","QC7-8730-000","000",NULL,NULL,"M/T",NULL,NULL
"RA",NULL,"20230922","0800","956.00","8888",NULL,NULL,NULL,NULL,"WF0017","2023-09-20 08:25:14","20230922","0800","QC7-8730-000","000",NULL,NULL,"M/T",NULL,NULL
"RA",NULL,"20230925","0800","904.00","8888",NULL,NULL,NULL,NULL,"WF0017","2023-09-21 08:24:35","20230925","0800","QC7-8730-000","000",NULL,NULL,"M/T",NULL,NULL
"RA",NULL,"20230926","0800","460.00","8888",NULL,NULL,NULL,NULL,"WF0017","2023-09-23 08:21:30","20230926","0800","QC7-8730-000","000",NULL,NULL,"M/T",NULL,NULL
"RA",NULL,"20230926","0800","913.00","8888",NULL,NULL,NULL,NULL,"WF0017","2023-09-22 08:23:18","20230926","0800","QC7-8730-000","000",NULL,NULL,"M/T",NULL,NULL
"RA",NULL,"20230927","0800","1060.00","8888",NULL,NULL,NULL,NULL,"WF0017","2023-09-25 08:22:27","20230927","0800","QC7-8730-000","000",NULL,NULL,"M/T",NULL,NULL
"RA",NULL,"20230928","0800","881.00","8888",NULL,NULL,NULL,NULL,"WF0017","2023-09-26 08:24:24","20230928","0800","QC7-8730-000","000",NULL,NULL,"M/T",NULL,NULL
"RA",NULL,"20230929","0800","895.00","8888",NULL,NULL,NULL,NULL,"WF0017","2023-09-27 08:23:50","20230929","0800","QC7-8730-000","000",NULL,NULL,"M/T",NULL,NULL
"RA",NULL,"20231002","0800","875.00","8888",NULL,NULL,NULL,NULL,"WF0017","2023-09-28 08:23:16","20231002","0800","QC7-8730-000","000",NULL,NULL,"M/T",NULL,NULL
"RA",NULL,"20231003","0800","906.00","8888",NULL,NULL,NULL,NULL,"WF0017","2023-09-29 08:22:17","20231003","0800","QC7-8730-000","000",NULL,NULL,"M/T",NULL,NULL
"RA",NULL,"20231004","0800","1124.00","8888",NULL,NULL,NULL,NULL,"WF0017","2023-10-02 08:22:56","20231004","0800","QC7-8730-000","000",NULL,NULL,"M/T",NULL,NULL
"RA",NULL,"20231005","0800","1192.00","8888",NULL,NULL,NULL,NULL,"WF0017","2023-10-03 08:24:37","20231005","0800","QC7-8730-000","000",NULL,NULL,"M/T",NULL,NULL
"RA",NULL,"20231006","0800","1245.00","8888",NULL,NULL,NULL,NULL,"WF0017","2023-10-04 08:23:51","20231006","0800","QC7-8730-000","000",NULL,NULL,"M/T",NULL,NULL
"RA",NULL,"20231009","0800","1593.00","8888",NULL,NULL,NULL,NULL,"WF0017","2023-10-05 08:22:44","20231009","0800","QC7-8730-000","000",NULL,NULL,"M/T",NULL,NULL
"RA",NULL,"20231010","0800","951.00","8888",NULL,NULL,NULL,NULL,"WF0017","2023-10-07 08:20:19","20231010","0800","QC7-8730-000","000",NULL,NULL,"M/T",NULL,NULL
"RA",NULL,"20231010","0800","1731.00","8888",NULL,NULL,NULL,NULL,"WF0017","2023-10-06 08:21:48","20231010","0800","QC7-8730-000","000",NULL,NULL,"M/T",NULL,NULL
"RA",NULL,"20231025","0800","0.00","6100",NULL,NULL,NULL,NULL,"WF0017","2023-10-23 22:39:28","20231025","0800","QC4-6467-000","000",NULL,NULL,"M/C",NULL,NULL
"RA",NULL,"20231025","0800","29047.00","6100",NULL,NULL,NULL,NULL,"WF0017","2023-10-20 17:12:52","20231025","0800","QC4-6467-000","000",NULL,NULL,"M/C",NULL,NULL
"RA",NULL,"20231026","0800","2535.00","6100",NULL,NULL,NULL,NULL,"WF0017","2023-10-24 08:24:39","20231026","0800","QC4-6467-000","000",NULL,NULL,"M/C",NULL,NULL
"RA",NULL,"20231027","0800","27763.00","6100",NULL,NULL,NULL,NULL,"WF0017","2023-10-25 08:22:56","20231027","0800","QC4-6467-000","000",NULL,NULL,"M/C",NULL,NULL
"RA",NULL,"20231030","2000","4000.00","6100",NULL,NULL,NULL,NULL,"WF0020","2023-10-27 08:55:44","20231031","0400","QC4-6467-000","000","M718","80.00","M/C","2","00"
"RA",NULL,"20231107","2000","4000.00","6100",NULL,NULL,NULL,NULL,"WF0020","2023-11-04 08:20:55","20231108","0400","QC4-6467-000","000","M718","80.00","M/C","2","00"
"RA",NULL,"20240409","2000","8000.00","6100",NULL,NULL,NULL,NULL,"WF0020","2024-04-06 08:21:04","20240410","0200","QC4-6467-000","000","M718","80.00","M/C","2","00"
"RA",NULL,"20240521","2000","8000.00","6100",NULL,NULL,NULL,NULL,"WF0020","2024-05-18 08:19:44","20240522","0200","QC4-6467-000","000","M718","80.00","M/C","2","00"
"RA",NULL,"20241001","2000","8000.00","6100",NULL,NULL,NULL,NULL,"WF0020","2024-09-28 08:19:46","20241002","0400","QC4-6467-000","000","M718","80.00","M/C","2","00"
"RA",NULL,"20241008","2000","8000.00","6100",NULL,NULL,NULL,NULL,"WF0020","2024-10-05 08:19:24","20241009","0300","QC4-6467-000","000","M718","80.00","M/C","2","00"
"RA",NULL,"20241022","2000","8000.00","6100",NULL,NULL,NULL,NULL,"WF0020","2024-10-19 08:20:07","20241023","0400","QC4-6467-000","000","M718","80.00","M/C","2","00"
"RA",NULL,"20241025","2000","8000.00","6100",NULL,NULL,NULL,NULL,"WF0020","2024-10-23 08:22:05","20241026","0400","QC4-6467-000","000","M718","80.00","M/C","2","00"
"RA",NULL,"20250107","2000","8000.00","6100",NULL,NULL,NULL,NULL,"WF0020","2024-12-28 08:19:04","20250107","1000","QC4-6467-000","000","M718","80.00","M/C","2","00"
"RA",NULL,"20250107","2000","8000.00","6100",NULL,NULL,NULL,NULL,"WF0020","2024-12-28 08:19:04","20250107","1400","QC4-6467-000","000","M718","80.00","M/C","2","00"
"RA",NULL,"20250107","2000","8000.00","6100",NULL,NULL,NULL,NULL,"WF0020","2024-12-28 08:19:04","20250108","0400","QC4-6467-000","000","M718","80.00","M/C","2","00"
"RA",NULL,"20250520","2000","8000.00","6100",NULL,NULL,NULL,NULL,"WF0020","2025-05-17 08:20:17","20250520","0900","QC4-6467-000","000","M718","80.00","M/C","2","00"
"RA",NULL,"20250520","2000","8000.00","6100",NULL,NULL,NULL,NULL,"WF0020","2025-05-17 08:20:17","20250520","2000","QC4-6467-000","000","M718","80.00","M/C","2","00"
"RA",NULL,"20250520","2000","8000.00","6100",NULL,NULL,NULL,NULL,"WF0020","2025-05-17 08:20:17","20250521","0300","QC4-6467-000","000","M718","80.00","M/C","2","00"
"RA",NULL,"20260109","0800","10.00","6100",NULL,NULL,NULL,NULL,"WF0018","2026-01-07 11:15:38","20260109","0800","QC5-9580-000","000","S811","100.00","M/C","2","00"
"RA",NULL,"20260109","0800","40.00","6100",NULL,NULL,NULL,NULL,"WF0018","2026-01-07 11:15:38","20260109","0800","QC6-3030-000","000","S811","100.00","M/C","2","00"
"RA",NULL,"20260109","0800","40.00","6100",NULL,NULL,NULL,NULL,"WF0018","2026-01-07 11:15:38","20260109","0800","QT6-1647-000","000","P087","100.00","M/C","2","00"
"RA",NULL,"20260109","0800","50.00","6200",NULL,NULL,NULL,NULL,"WF0018","2026-01-07 11:15:38","20260109","0800","QT6-2845-000","000","P087","100.00","M/C","2","00"
"RA",NULL,"20260109","0800","100.00","8888",NULL,NULL,NULL,NULL,"WF0018","2026-01-07 11:15:38","20260109","0800","QC5-5620-000","000","T731","100.00","M/T","2","01"
"RA",NULL,"20260109","0800","140.00","6200",NULL,NULL,NULL,NULL,"WF0018","2026-01-07 11:15:38","20260109","0800","QT6-3765-000","000","P087","100.00","M/C","2","00"
"RA",NULL,"20260109","0800","150.00","6200",NULL,NULL,NULL,NULL,"WF0018","2026-01-07 11:15:38","20260109","0800","QT6-2846-000","000","P087","100.00","M/C","2","00"
"RA",NULL,"20260109","0800","160.00","6200",NULL,NULL,NULL,NULL,"WF0018","2026-01-07 11:15:38","20260109","0800","QT6-3769-000","000","P087","100.00","M/C","2","00"
"RA",NULL,"20260109","0800","400.00","6100",NULL,NULL,NULL,NULL,"WF0018","2026-01-07 11:15:38","20260109","0800","QC5-5610-000","000","R200","100.00","M/C","2","00"
"RA",NULL,"20260109","0800","400.00","6100",NULL,NULL,NULL,NULL,"WF0018","2026-01-07 11:15:38","20260109","0800","QC5-9630-000","000","M411","100.00","M/C","2","00"
"RA",NULL,"20260109","0800","400.00","6100",NULL,NULL,NULL,NULL,"WF0018","2026-01-07 11:15:38","20260109","0800","QC6-3079-000","000","SABO","100.00","M/C","2","00"
"RA",NULL,"20260109","0800","600.00","6200",NULL,NULL,NULL,NULL,"WF0018","2026-01-07 11:15:38","20260109","0800","QC5-5610-000","000","R200","100.00","M/C","2","00"
"RA",NULL,"20260109","0800","800.00","6100",NULL,NULL,NULL,NULL,"WF0018","2026-01-07 11:15:38","20260109","0800","QC5-1124-000","000","X411","100.00","M/C","2","00"
"RA",NULL,"20260109","0800","800.00","6100",NULL,NULL,NULL,NULL,"WF0018","2026-01-07 11:15:38","20260109","0800","QC5-8879-000","000","X411","100.00","M/C","2","00"
"RA",NULL,"20260109","0800","800.00","6200",NULL,NULL,NULL,NULL,"WF0018","2026-01-07 11:15:38","20260109","0800","QC5-8879-000","000","X411","100.00","M/C","2","00"
"RA",NULL,"20260109","0800","1000.00","6200",NULL,NULL,NULL,NULL,"WF0018","2026-01-07 11:15:38","20260109","0800","QC6-4100-000","000","X411","100.00","M/C","2","01"
"RA",NULL,"20260109","0800","2000.00","6100",NULL,NULL,NULL,NULL,"WF0018","2026-01-07 11:15:38","20260109","0800","QC5-5741-000","000","X411","100.00","M/C","2","01"
"RA",NULL,"20260109","0800","2000.00","6200",NULL,NULL,NULL,NULL,"WF0018","2026-01-07 11:15:38","20260109","0800","QC5-1092-000","000","X411","100.00","M/C","2","01"
"RA",NULL,"20260109","0800","2000.00","6200",NULL,NULL,NULL,NULL,"WF0018","2026-01-07 11:15:38","20260109","0800","QC5-5741-000","000","X411","100.00","M/C","2","01"
"RA",NULL,"20260109","0800","2980.00","8888",NULL,NULL,NULL,NULL,"WF0018","2026-01-07 11:15:38","20260109","0800","QC6-6617-000","000","SABO","100.00","M/T","2","00"
"RA",NULL,"20260109","0800","4000.00","6200",NULL,NULL,NULL,NULL,"WF0018","2026-01-07 11:15:38","20260109","0800","QC5-3883-000","000","X411","100.00","M/C","2","01"
"RA",NULL,"20260109","0900","40.00","6200",NULL,NULL,NULL,NULL,"WF0018","2026-01-07 11:15:38","20260109","0900","QT6-3769-000","000","P087","100.00","M/C","2","00"
"RA",NULL,"20260109","0900","50.00","6200",NULL,NULL,NULL,NULL,"WF0018","2026-01-07 11:15:38","20260109","0900","QT6-2846-000","000","P087","100.00","M/C","2","00"
"RA",NULL,"20260109","0900","60.00","6200",NULL,NULL,NULL,NULL,"WF0018","2026-01-07 11:15:38","20260109","0900","QT6-3765-000","000","P087","100.00","M/C","2","00"
"RA",NULL,"20260109","0900","60.00","8888",NULL,NULL,NULL,NULL,"WF0018","2026-01-07 11:15:38","20260109","0900","QC5-5620-000","000","T731","100.00","M/T","2","01"
"RA",NULL,"20260109","0900","70.00","    ",NULL,"  ",NULL,NULL,"WF0020","2026-01-07 11:15:42","20260109","0900","QC6-6617-000","000","SABO","100.00","M/T","2","00"
"RA",NULL,"20260109","0900","70.00","    ",NULL,"  ",NULL,NULL,"WF0020","2026-01-07 11:15:42","20260109","1000","QC6-6617-000","000","SABO","100.00","M/T","2","00"
"RA",NULL,"20260109","0900","100.00","6100",NULL,NULL,NULL,NULL,"WF0020","2026-01-07 11:15:42","20260109","1000","QC6-3079-000","000","SABO","100.00","M/C","2","00"
"RA",NULL,"20260109","0900","110.00","    ",NULL,"  ",NULL,NULL,"WF0020","2026-01-07 11:15:42","20260109","1100","QC6-6617-000","000","SABO","100.00","M/T","2","00"
"RA",NULL,"20260109","0900","115.00","    ",NULL,"  ",NULL,NULL,"WF0020","2026-01-07 11:15:42","20260109","1300","QC6-6617-000","000","SABO","100.00","M/T","2","00"
"RA",NULL,"20260109","0900","140.00","6100",NULL,NULL,NULL,NULL,"WF0018","2026-01-07 11:15:38","20260109","0900","QT6-1647-000","000","P087","100.00","M/C","2","00"
"RA",NULL,"20260109","0900","400.00","6100",NULL,NULL,NULL,NULL,"WF0020","2026-01-07 11:15:42","20260109","0800","QC6-3079-000","000","SABO","100.00","M/C","2","00"
"RA",NULL,"20260109","0900","2980.00","    ",NULL,"  ",NULL,NULL,"WF0020","2026-01-07 11:15:42","20260109","0800","QC6-6617-000","000","SABO","100.00","M/T","2","00"
"RA",NULL,"20260109","1000","20.00","6100",NULL,NULL,NULL,NULL,"WF0020","2026-01-07 11:15:42","20260110","0200","QT6-1647-000","000","P087","100.00","M/C","2","00"
"RA",NULL,"20260109","1000","20.00","6200",NULL,NULL,NULL,NULL,"WF0020","2026-01-07 11:15:42","20260112","0900","QT6-3769-000","000","P087","100.00","M/C","2","00"
"RA",NULL,"20260109","1000","20.00","8888",NULL,NULL,NULL,NULL,"WF0018","2026-01-07 11:15:38","20260109","1000","QC5-5700-000","000","K624","100.00","M/T","2","00"
"RA",NULL,"20260109","1000","40.00","6100",NULL,NULL,NULL,NULL,"WF0020","2026-01-07 11:15:42","20260109","0800","QT6-1647-000","000","P087","100.00","M/C","2","00"
"RA",NULL,"20260109","1000","40.00","6200",NULL,NULL,NULL,NULL,"WF0020","2026-01-07 11:15:42","20260109","0900","QT6-3769-000","000","P087","100.00","M/C","2","00"
"RA",NULL,"20260109","1000","40.00","6200",NULL,NULL,NULL,NULL,"WF0020","2026-01-07 11:15:42","20260109","1000","QT6-3765-000","000","P087","100.00","M/C","2","00"
"RA",NULL,"20260109","1000","40.00","8888",NULL,NULL,NULL,NULL,"WF0018","2026-01-07 11:15:38","20260109","1000","QC6-8758-000","000","K624","100.00","M/T","2","00"
"RA",NULL,"20260109","1000","50.00","6200",NULL,NULL,NULL,NULL,"WF0020","2026-01-07 11:15:42","20260109","0800","QT6-2845-000","000","P087","100.00","M/C","2","00"
"RA",NULL,"20260109","1000","50.00","6200",NULL,NULL,NULL,NULL,"WF0020","2026-01-07 11:15:42","20260109","0900","QT6-2846-000","000","P087","100.00","M/C","2","00"
"RA",NULL,"20260109","1000","50.00","6200",NULL,NULL,NULL,NULL,"WF0020","2026-01-07 11:15:42","20260109","1100","QT6-2846-000","000","P087","100.00","M/C","2","00"
"RA",NULL,"20260109","1000","50.00","6200",NULL,NULL,NULL,NULL,"WF0020","2026-01-07 11:15:42","20260109","1300","QT6-2846-000","000","P087","100.00","M/C","2","00"
"RA",NULL,"20260109","1000","50.00","6200",NULL,NULL,NULL,NULL,"WF0020","2026-01-07 11:15:42","20260109","1500","QT6-2846-000","000","P087","100.00","M/C","2","00"
"RA",NULL,"20260109","1000","50.00","6200",NULL,NULL,NULL,NULL,"WF0020","2026-01-07 11:15:42","20260109","1600","QT6-2846-000","000","P087","100.00","M/C","2","00"
"RA",NULL,"20260109","1000","50.00","6200",NULL,NULL,NULL,NULL,"WF0020","2026-01-07 11:15:42","20260109","2100","QT6-2846-000","000","P087","100.00","M/C","2","00"
"RA",NULL,"20260109","1000","50.00","6200",NULL,NULL,NULL,NULL,"WF0020","2026-01-07 11:15:42","20260109","2300","QT6-2846-000","000","P087","100.00","M/C","2","00"
"RA",NULL,"20260109","1000","50.00","6200",NULL,NULL,NULL,NULL,"WF0020","2026-01-07 11:15:42","20260110","0100","QT6-2846-000","000","P087","100.00","M/C","2","00"
"RA",NULL,"20260109","1000","50.00","6200",NULL,NULL,NULL,NULL,"WF0020","2026-01-07 11:15:42","20260110","0300","QT6-2846-000","000","P087","100.00","M/C","2","00"
"RA",NULL,"20260109","1000","50.00","6200",NULL,NULL,NULL,NULL,"WF0020","2026-01-07 11:15:42","20260110","0400","QT6-2846-000","000","P087","100.00","M/C","2","00"
"RA",NULL,"20260109","1000","50.00","6200",NULL,NULL,NULL,NULL,"WF0020","2026-01-07 11:15:42","20260112","0900","QT6-2846-000","000","P087","100.00","M/C","2","00"
"RA",NULL,"20260109","1000","60.00","6100",NULL,NULL,NULL,NULL,"WF0020","2026-01-07 11:15:42","20260112","0900","QT6-1647-000","000","P087","100.00","M/C","2","00"
"RA",NULL,"20260109","1000","60.00","6200",NULL,NULL,NULL,NULL,"WF0020","2026-01-07 11:15:42","20260109","0900","QT6-3765-000","000","P087","100.00","M/C","2","00"
"RA",NULL,"20260109","1000","60.00","6200",NULL,NULL,NULL,NULL,"WF0020","2026-01-07 11:15:42","20260109","1000","QT6-3769-000","000","P087","100.00","M/C","2","00"
"RA",NULL,"20260109","1000","80.00","6100",NULL,NULL,NULL,NULL,"WF0020","2026-01-07 11:15:42","20260109","2200","QT6-1647-000","000","P087","100.00","M/C","2","00"
"RA",NULL,"20260109","1000","100.00","6100",NULL,NULL,NULL,NULL,"WF0020","2026-01-07 11:15:42","20260112","0900","QT1-2106-000","000","P087","100.00","M/C","2","00"
"RA",NULL,"20260109","1000","120.00","6100",NULL,NULL,NULL,NULL,"WF0020","2026-01-07 11:15:42","20260109","1400","QT6-1647-000","000","P087","100.00","M/C","2","00"
"RA",NULL,"20260109","1000","120.00","6100",NULL,NULL,NULL,NULL,"WF0020","2026-01-07 11:15:42","20260109","2100","QT6-1647-000","000","P087","100.00","M/C","2","00"
"RA",NULL,"20260109","1000","140.00","6100",NULL,NULL,NULL,NULL,"WF0020","2026-01-07 11:15:42","20260109","0900","QT6-1647-000","000","P087","100.00","M/C","2","00"
"RA",NULL,"20260109","1000","140.00","6100",NULL,NULL,NULL,NULL,"WF0020","2026-01-07 11:15:42","20260109","1000","QT6-1647-000","000","P087","100.00","M/C","2","00"
"RA",NULL,"20260109","1000","140.00","6100",NULL,NULL,NULL,NULL,"WF0020","2026-01-07 11:15:42","20260109","1100","QT6-1647-000","000","P087","100.00","M/C","2","00"
"RA",NULL,"20260109","1000","140.00","6100",NULL,NULL,NULL,NULL,"WF0020","2026-01-07 11:15:42","20260110","0300","QT6-1647-000","000","P087","100.00","M/C","2","00"
"RA",NULL,"20260109","1000","140.00","6100",NULL,NULL,NULL,NULL,"WF0020","2026-01-07 11:15:42","20260112","0800","QT6-1635-000","000","P087","100.00","M/C","2","00"
"RA",NULL,"20260109","1000","140.00","6100",NULL,NULL,NULL,NULL,"WF0020","2026-01-07 11:15:42","20260112","0900","QT6-1635-000","000","P087","100.00","M/C","2","00"
"RA",NULL,"20260109","1000","140.00","6200",NULL,NULL,NULL,NULL,"WF0020","2026-01-07 11:15:42","20260109","0800","QT6-3765-000","000","P087","100.00","M/C","2","00"
"RA",NULL,"20260109","1000","150.00","6200",NULL,NULL,NULL,NULL,"WF0020","2026-01-07 11:15:42","20260109","0800","QT6-2846-000","000","P087","100.00","M/C","2","00"
"RA",NULL,"20260109","1000","160.00","6100",NULL,NULL,NULL,NULL,"WF0020","2026-01-07 11:15:42","20260109","1300","QT6-1647-000","000","P087","100.00","M/C","2","00"
"RA",NULL,"20260109","1000","160.00","6100",NULL,NULL,NULL,NULL,"WF0020","2026-01-07 11:15:42","20260109","1500","QT6-1647-000","000","P087","100.00","M/C","2","00"
"RA",NULL,"20260109","1000","160.00","6100",NULL,NULL,NULL,NULL,"WF0020","2026-01-07 11:15:42","20260109","2000","QT6-1647-000","000","P087","100.00","M/C","2","00"
"RA",NULL,"20260109","1000","160.00","6100",NULL,NULL,NULL,NULL,"WF0020","2026-01-07 11:15:42","20260110","0300","QT6-1635-000","000","P087","100.00","M/C","2","00"
"RA",NULL,"20260109","1000","160.00","6100",NULL,NULL,NULL,NULL,"WF0020","2026-01-07 11:15:42","20260112","0800","QT6-1647-000","000","P087","100.00","M/C","2","00"
"RA",NULL,"20260109","1000","160.00","6200",NULL,NULL,NULL,NULL,"WF0020","2026-01-07 11:15:42","20260109","0800","QT6-3769-000","000","P087","100.00","M/C","2","00"
"RA",NULL,"20260109","1000","180.00","6100",NULL,NULL,NULL,NULL,"WF0020","2026-01-07 11:15:42","20260109","1600","QT6-1647-000","000","P087","100.00","M/C","2","00"
"RA",NULL,"20260109","1000","200.00","6100",NULL,NULL,NULL,NULL,"WF0020","2026-01-07 11:15:42","20260110","0400","QT6-1635-000","000","P087","100.00","M/C","2","00"
"RA",NULL,"20260109","1000","200.00","6100",NULL,NULL,NULL,NULL,"WF0020","2026-01-07 11:15:42","20260110","0400","QT6-1647-000","000","P087","100.00","M/C","2","00"
"RA",NULL,"20260109","1100","40.00","8888",NULL,NULL,NULL,NULL,"WF0018","2026-01-07 11:15:38","20260109","1100","QC5-5658-000","000","K624","100.00","M/T","2","00"
"RA",NULL,"20260109","1100","40.00","8888",NULL,NULL,NULL,NULL,"WF0018","2026-01-07 11:15:38","20260109","1100","QC6-8758-000","000","K624","100.00","M/T","2","00"
"RA",NULL,"20260109","1100","80.00","8888",NULL,NULL,NULL,NULL,"WF0018","2026-01-07 11:15:38","20260109","1100","QC5-5700-000","000","K624","100.00","M/T","2","00"
"RA",NULL,"20260109","1100","80.00","8888",NULL,NULL,NULL,NULL,"WF0018","2026-01-07 11:15:38","20260109","1100","QC6-8743-000","000","K624","100.00","M/T","2","00"
"RA",NULL,"20260109","1100","200.00","6200",NULL,NULL,NULL,NULL,"WF0018","2026-01-07 11:15:38","20260109","1100","QC5-5610-000","000","R200","100.00","M/C","2","00"
"RA",NULL,"20260109","1300","1.00","6100",NULL,NULL,NULL,NULL,"WF0018","2026-01-07 11:15:38","20260109","1300","QX2-2664-000","000","P377","100.00","M/C","2","00"
"RA",NULL,"20260109","1300","1.00","6100",NULL,NULL,NULL,NULL,"WF0018","2026-01-07 11:15:38","20260109","1300","QX2-3450-000","000","P377","100.00","M/C","2","00"
"RA",NULL,"20260109","1300","1.00","6100",NULL,NULL,NULL,NULL,"WF0018","2026-01-07 11:15:38","20260109","1300","QX2-3727-000","000","P377","100.00","M/C","2","00"
"RA",NULL,"20260109","1300","40.00","8888",NULL,NULL,NULL,NULL,"WF0018","2026-01-07 11:15:38","20260109","1300","QC6-8743-000","000","K624","100.00","M/T","2","00"
"RA",NULL,"20260109","1300","80.00","8888",NULL,NULL,NULL,NULL,"WF0018","2026-01-07 11:15:38","20260109","1300","QC5-5658-000","000","K624","100.00","M/T","2","00"
"RA",NULL,"20260109","1300","80.00","8888",NULL,NULL,NULL,NULL,"WF0018","2026-01-07 11:15:38","20260109","1300","QC5-5700-000","000","K624","100.00","M/T","2","00"
"RA",NULL,"20260109","1300","80.00","8888",NULL,NULL,NULL,NULL,"WF0018","2026-01-07 11:15:38","20260109","1300","QC6-8758-000","000","K624","100.00","M/T","2","00"
"RA",NULL,"20260109","1300","800.00","6200",NULL,NULL,NULL,NULL,"WF0018","2026-01-07 11:15:38","20260109","1300","QC5-1078-000","000","X411","100.00","M/C","2","01"
"RA",NULL,"20260109","1300","1000.00","6200",NULL,NULL,NULL,NULL,"WF0018","2026-01-07 11:15:38","20260109","1300","QC6-4100-000","000","X411","100.00","M/C","2","01"
"RA",NULL,"20260109","1400","1.00","6100",NULL,NULL,NULL,NULL,"WF0018","2026-01-07 11:15:38","20260109","1400","QX2-2664-000","000","P377","100.00","M/C","2","00"
"RA",NULL,"20260109","1400","1.00","6100",NULL,NULL,NULL,NULL,"WF0018","2026-01-07 11:15:38","20260109","1400","QX2-3450-000","000","P377","100.00","M/C","2","00"
"RA",NULL,"20260109","1400","1.00","6100",NULL,NULL,NULL,NULL,"WF0018","2026-01-07 11:15:38","20260109","1400","QX2-3727-000","000","P377","100.00","M/C","2","00"
"RA",NULL,"20260109","1400","10.00","6100",NULL,NULL,NULL,NULL,"WF0020","2026-01-07 11:15:42","20260112","0800","QC5-9580-000","000","S811","100.00","M/C","2","00"
"RA",NULL,"20260109","1400","40.00","8888",NULL,NULL,NULL,NULL,"WF0018","2026-01-07 11:15:38","20260109","1400","QC5-5658-000","000","K624","100.00","M/T","2","00"
"RA",NULL,"20260109","1400","40.00","8888",NULL,NULL,NULL,NULL,"WF0018","2026-01-07 11:15:38","20260109","1400","QC6-8758-000","000","K624","100.00","M/T","2","00"
"RA",NULL,"20260109","1400","75.00","    ",NULL,"  ",NULL,NULL,"WF0020","2026-01-07 11:15:42","20260110","0200","QC6-6617-000","000","SABO","100.00","M/T","2","00"
"RA",NULL,"20260109","1400","80.00","    ",NULL,"  ",NULL,NULL,"WF0020","2026-01-07 11:15:42","20260110","0100","QC6-6617-000","000","SABO","100.00","M/T","2","00"
"RA",NULL,"20260109","1400","80.00","    ",NULL,"  ",NULL,NULL,"WF0020","2026-01-07 11:15:42","20260110","0300","QC6-6617-000","000","SABO","100.00","M/T","2","00"
"RA",NULL,"20260109","1400","80.00","8888",NULL,NULL,NULL,NULL,"WF0018","2026-01-07 11:15:38","20260109","1400","QC5-5700-000","000","K624","100.00","M/T","2","00"
"RA",NULL,"20260109","1400","80.00","8888",NULL,NULL,NULL,NULL,"WF0018","2026-01-07 11:15:38","20260109","1400","QC6-8743-000","000","K624","100.00","M/T","2","00"
"RA",NULL,"20260109","1400","85.00","    ",NULL,"  ",NULL,NULL,"WF0020","2026-01-07 11:15:42","20260109","2300","QC6-6617-000","000","SABO","100.00","M/T","2","00"
"RA",NULL,"20260109","1400","85.00","    ",NULL,"  ",NULL,NULL,"WF0020","2026-01-07 11:15:42","20260112","0800","QC6-6617-000","000","SABO","100.00","M/T","2","00"
"RA",NULL,"20260109","1400","95.00","    ",NULL,"  ",NULL,NULL,"WF0020","2026-01-07 11:15:42","20260109","1400","QC6-6617-000","000","SABO","100.00","M/T","2","00"
"RA",NULL,"20260109","1400","95.00","    ",NULL,"  ",NULL,NULL,"WF0020","2026-01-07 11:15:42","20260109","2200","QC6-6617-000","000","SABO","100.00","M/T","2","00"
"RA",NULL,"20260109","1400","100.00","    ",NULL,"  ",NULL,NULL,"WF0020","2026-01-07 11:15:42","20260109","2100","QC6-6617-000","000","SABO","100.00","M/T","2","00"
"RA",NULL,"20260109","1400","100.00","6100",NULL,NULL,NULL,NULL,"WF0020","2026-01-07 11:15:42","20260109","1400","QC6-3079-000","000","SABO","100.00","M/C","2","00"
"RA",NULL,"20260109","1400","100.00","6100",NULL,NULL,NULL,NULL,"WF0020","2026-01-07 11:15:42","20260112","0800","QC6-3079-000","000","SABO","100.00","M/C","2","00"
"RA",NULL,"20260109","1400","105.00","    ",NULL,"  ",NULL,NULL,"WF0020","2026-01-07 11:15:42","20260110","0400","QC6-6617-000","000","SABO","100.00","M/T","2","00"
"RA",NULL,"20260109","1400","110.00","    ",NULL,"  ",NULL,NULL,"WF0020","2026-01-07 11:15:42","20260109","2000","QC6-6617-000","000","SABO","100.00","M/T","2","00"
"RA",NULL,"20260109","1400","115.00","    ",NULL,"  ",NULL,NULL,"WF0020","2026-01-07 11:15:42","20260109","1500","QC6-6617-000","000","SABO","100.00","M/T","2","00"
"RA",NULL,"20260109","1400","140.00","    ",NULL,"  ",NULL,NULL,"WF0020","2026-01-07 11:15:42","20260109","1600","QC6-6617-000","000","SABO","100.00","M/T","2","00"
"RA",NULL,"20260109","1400","200.00","6100",NULL,NULL,NULL,NULL,"WF0018","2026-01-07 11:15:38","20260109","1400","QC5-5610-000","000","R200","100.00","M/C","2","00"
"RA",NULL,"20260109","1500","1.00","6100",NULL,NULL,NULL,NULL,"WF0018","2026-01-07 11:15:38","20260109","1500","QX2-3450-000","000","P377","100.00","M/C","2","00"
"RA",NULL,"20260109","1500","1.00","6100",NULL,NULL,NULL,NULL,"WF0018","2026-01-07 11:15:38","20260109","1500","QX2-3727-000","000","P377","100.00","M/C","2","00"
"RA",NULL,"20260109","1500","20.00","6200",NULL,NULL,NULL,NULL,"WF0018","2026-01-07 11:15:38","20260109","1500","QT6-3775-000","000","F016","100.00","M/C","2","00"
"RA",NULL,"20260109","1500","200.00","6100",NULL,NULL,NULL,NULL,"WF0020","2026-01-07 11:15:42","20260109","1400","QC5-5610-000","000","R200","100.00","M/C","2","00"
"RA",NULL,"20260109","1500","200.00","6200",NULL,NULL,NULL,NULL,"WF0020","2026-01-07 11:15:42","20260109","1100","QC5-5610-000","000","R200","100.00","M/C","2","00"
"RA",NULL,"20260109","1500","200.00","6200",NULL,NULL,NULL,NULL,"WF0020","2026-01-07 11:15:42","20260110","0400","QC5-5610-000","000","R200","100.00","M/C","2","00"
"RA",NULL,"20260109","1500","400.00","6100",NULL,NULL,NULL,NULL,"WF0020","2026-01-07 11:15:42","20260109","0800","QC5-5610-000","000","R200","100.00","M/C","2","00"
"RA",NULL,"20260109","1500","600.00","6200",NULL,NULL,NULL,NULL,"WF0020","2026-01-07 11:15:42","20260109","0800","QC5-5610-000","000","R200","100.00","M/C","2","00"
"RA",NULL,"20260109","1500","800.00","6100",NULL,NULL,NULL,NULL,"WF0018","2026-01-07 11:15:38","20260109","1500","QC5-5703-000","000","X411","100.00","M/C","2","00"
"RA",NULL,"20260109","1500","800.00","6200",NULL,NULL,NULL,NULL,"WF0018","2026-01-07 11:15:38","20260109","1500","QC5-1124-000","000","X411","100.00","M/C","2","00"
"RA",NULL,"20260109","1500","2000.00","6100",NULL,NULL,NULL,NULL,"WF0018","2026-01-07 11:15:38","20260109","1500","QC5-5743-000","000","X411","100.00","M/C","2","01"
"RA",NULL,"20260109","1600","1.00","6100",NULL,NULL,NULL,NULL,"WF0018","2026-01-07 11:15:38","20260109","1600","QX2-3727-000","000","P377","100.00","M/C","2","00"
"RA",NULL,"20260109","1600","3.00","6200",NULL,NULL,NULL,NULL,"WF0018","2026-01-07 11:15:38","20260109","1600","QX2-1323-000","000","L204","100.00","M/C","2","00"
"RA",NULL,"20260109","1600","400.00","6100",NULL,NULL,NULL,NULL,"WF0020","2026-01-07 11:15:42","20260109","0800","QC5-9630-000","000","M411","100.00","M/C","2","00"
"RA",NULL,"20260109","1600","400.00","6200",NULL,NULL,NULL,NULL,"WF0020","2026-01-07 11:15:42","20260112","1300","QC5-9630-000","000","M411","100.00","M/C","2","00"
"RA",NULL,"20260109","2000","800.00","6100",NULL,NULL,NULL,NULL,"WF0020","2026-01-07 11:15:42","20260109","0800","QC5-1124-000","000","X411","100.00","M/C","2","00"
"RA",NULL,"20260109","2000","800.00","6100",NULL,NULL,NULL,NULL,"WF0020","2026-01-07 11:15:42","20260109","0800","QC5-8879-000","000","X411","100.00","M/C","2","00"
"RA",NULL,"20260109","2000","800.00","6100",NULL,NULL,NULL,NULL,"WF0020","2026-01-07 11:15:42","20260109","1500","QC5-5703-000","000","X411","100.00","M/C","2","00"
"RA",NULL,"20260109","2000","800.00","6200",NULL,NULL,NULL,NULL,"WF0020","2026-01-07 11:15:42","20260109","0800","QC5-8879-000","000","X411","100.00","M/C","2","00"
"RA",NULL,"20260109","2000","800.00","6200",NULL,NULL,NULL,NULL,"WF0020","2026-01-07 11:15:42","20260109","1300","QC5-1078-000","000","X411","100.00","M/C","2","01"
"RA",NULL,"20260109","2000","800.00","6200",NULL,NULL,NULL,NULL,"WF0020","2026-01-07 11:15:42","20260109","1500","QC5-1124-000","000","X411","100.00","M/C","2","00"
"RA",NULL,"20260109","2000","800.00","6200",NULL,NULL,NULL,NULL,"WF0020","2026-01-07 11:15:42","20260110","0400","QC5-5703-000","000","X411","100.00","M/C","2","00"
"RA",NULL,"20260109","2000","800.00","6200",NULL,NULL,NULL,NULL,"WF0020","2026-01-07 11:15:42","20260112","0800","QC5-8879-000","000","X411","100.00","M/C","2","00"
"RA",NULL,"20260109","2000","1000.00","6200",NULL,NULL,NULL,NULL,"WF0020","2026-01-07 11:15:42","20260109","0800","QC6-4100-000","000","X411","100.00","M/C","2","01"
"RA",NULL,"20260109","2000","1000.00","6200",NULL,NULL,NULL,NULL,"WF0020","2026-01-07 11:15:42","20260109","1300","QC6-4100-000","000","X411","100.00","M/C","2","01"
"RA",NULL,"20260109","2000","1000.00","6200",NULL,NULL,NULL,NULL,"WF0020","2026-01-07 11:15:42","20260109","2200","QC6-4100-000","000","X411","100.00","M/C","2","01"
"RA",NULL,"20260109","2000","1000.00","6200",NULL,NULL,NULL,NULL,"WF0020","2026-01-07 11:15:42","20260110","0400","QC5-5740-000","000","X411","100.00","M/C","2","01"
"RA",NULL,"20260109","2000","1000.00","6200",NULL,NULL,NULL,NULL,"WF0020","2026-01-07 11:15:42","20260112","0900","QC6-4100-000","000","X411","100.00","M/C","2","01"
"RA",NULL,"20260109","2000","1000.00","6200",NULL,NULL,NULL,NULL,"WF0020","2026-01-07 11:15:42","20260112","1600","QC6-4100-000","000","X411","100.00","M/C","2","01"
"RA",NULL,"20260109","2000","2000.00","6100",NULL,NULL,NULL,NULL,"WF0020","2026-01-07 11:15:42","20260109","0800","QC5-5741-000","000","X411","100.00","M/C","2","01"
"RA",NULL,"20260109","2000","2000.00","6100",NULL,NULL,NULL,NULL,"WF0020","2026-01-07 11:15:42","20260109","1500","QC5-5743-000","000","X411","100.00","M/C","2","01"
"RA",NULL,"20260109","2000","2000.00","6100",NULL,NULL,NULL,NULL,"WF0020","2026-01-07 11:15:42","20260112","1000","QC5-1092-000","000","X411","100.00","M/C","2","01"
"RA",NULL,"20260109","2000","2000.00","6200",NULL,NULL,NULL,NULL,"WF0020","2026-01-07 11:15:42","20260109","0800","QC5-1092-000","000","X411","100.00","M/C","2","01"
"RA",NULL,"20260109","2000","2000.00","6200",NULL,NULL,NULL,NULL,"WF0020","2026-01-07 11:15:42","20260109","0800","QC5-5741-000","000","X411","100.00","M/C","2","01"
"RA",NULL,"20260109","2000","2000.00","6200",NULL,NULL,NULL,NULL,"WF0020","2026-01-07 11:15:42","20260110","0400","QC5-5743-000","000","X411","100.00","M/C","2","01"
"RA",NULL,"20260109","2000","4000.00","6200",NULL,NULL,NULL,NULL,"WF0020","2026-01-07 11:15:42","20260109","0800","QC5-3883-000","000","X411","100.00","M/C","2","01"
"RA",NULL,"20260109","2000","4000.00","6200",NULL,NULL,NULL,NULL,"WF0020","2026-01-07 11:15:42","20260112","0900","QC5-3883-000","000","X411","100.00","M/C","2","01"
"RA",NULL,"20260109","2200","20.00","    ",NULL,"  ",NULL,NULL,"WF0020","2026-01-07 11:15:42","20260110","0400","QC5-5620-000","000","T731","100.00","M/T","2","01"
"RA",NULL,"20260109","2200","60.00","    ",NULL,"  ",NULL,NULL,"WF0020","2026-01-07 11:15:42","20260112","0800","QC5-5620-000","000","T731","100.00","M/T","2","01"
"RA",NULL,"20260109","2200","80.00","    ",NULL,"  ",NULL,NULL,"WF0020","2026-01-07 11:15:42","20260112","0900","QC5-5620-000","000","T731","100.00","M/T","2","01"
"RA",NULL,"20260316","0800","0.00","6100",NULL,NULL,NULL,NULL,"WF0017","2026-03-12 00:00:00","20260316","0800","QC4-6467-000","000",NULL,NULL,"M/C",NULL,NULL
"RA",NULL,"20260316","0800","0.00","6100",NULL,NULL,NULL,NULL,"WF0017","2026-03-12 00:00:00","20260316","0800","QC4-6467-000","000",NULL,NULL,"M/C",NULL,NULL
"RA",NULL,"20260316","0800","0.00","6100",NULL,NULL,NULL,NULL,"WF0017","2026-03-12 00:00:00","20260316","0800","QC4-6467-000","000",NULL,NULL,"M/C",NULL,NULL
"RA",NULL,"20260317","0800","20.00","6100",NULL,NULL,NULL,NULL,"WF0018","2026-03-13 00:00:00","20260317","0800","QC5-5531-000","000","SAPN","100.00","M/C","2","00"
"RA",NULL,"20260317","0800","80.00","6200",NULL,NULL,NULL,NULL,"WF0018","2026-03-13 00:00:00","20260317","0800","QT6-3765-000","000","P087","100.00","M/C","2","00"
"RA",NULL,"20260317","0800","100.00","6200",NULL,NULL,NULL,NULL,"WF0020","2026-03-13 00:00:00","20260317","1300","QX2-1316-000","000","T423","100.00","M/C","2","00"
"RA",NULL,"20260317","0800","100.00","6200",NULL,NULL,NULL,NULL,"WF0020","2026-03-13 00:00:00","20260317","1300","QX2-1317-000","000","T423","100.00","M/C","2","00"
"RA",NULL,"20260317","0800","140.00","8888",NULL,"  ",NULL,NULL,"WF0018","2026-03-13 00:00:00","20260317","0800","QC7-4908-000","000","SAPN","100.00","M/T","2","00"
"RA",NULL,"20260317","0800","260.00","6200",NULL,NULL,NULL,NULL,"WF0018","2026-03-13 00:00:00","20260317","0800","QT6-3769-000","000","P087","100.00","M/C","2","00"
"RA",NULL,"20260317","0800","400.00","6100",NULL,NULL,NULL,NULL,"WF0018","2026-03-13 00:00:00","20260317","0800","QC5-5610-000","000","R200","100.00","M/C","2","00"
"RA",NULL,"20260317","0800","400.00","6100",NULL,NULL,NULL,NULL,"WF0018","2026-03-13 00:00:00","20260317","0800","QC5-9630-000","000","M411","100.00","M/C","2","00"
"RA",NULL,"20260317","0800","600.00","6200",NULL,NULL,NULL,NULL,"WF0018","2026-03-13 00:00:00","20260317","0800","QC5-5610-000","000","R200","100.00","M/C","2","00"
"RA",NULL,"20260317","0800","800.00","6100",NULL,NULL,NULL,NULL,"WF0018","2026-03-13 00:00:00","20260317","0800","QC5-1124-000","000","X411","100.00","M/C","2","00"
"RA",NULL,"20260317","0800","800.00","6100",NULL,NULL,NULL,NULL,"WF0018","2026-03-13 00:00:00","20260317","0800","QC5-8879-000","000","X411","100.00","M/C","2","00"
"RA",NULL,"20260317","0800","800.00","6100",NULL,NULL,NULL,NULL,"WF0018","2026-03-13 00:00:00","20260317","0800","QC6-3079-000","000","SABO","100.00","M/C","2","00"
"RA",NULL,"20260317","0800","800.00","6200",NULL,NULL,NULL,NULL,"WF0018","2026-03-13 00:00:00","20260317","0800","QC5-1078-000","000","X411","100.00","M/C","2","01"
"RA",NULL,"20260317","0800","1000.00","6200",NULL,NULL,NULL,NULL,"WF0018","2026-03-13 00:00:00","20260317","0800","QC6-4100-000","000","X411","100.00","M/C","2","01"
"RA",NULL,"20260317","0800","2000.00","6100",NULL,NULL,NULL,NULL,"WF0018","2026-03-13 00:00:00","20260317","0800","QC5-1077-000","000","X411","100.00","M/C","2","01"
"RA",NULL,"20260317","0800","2000.00","6200",NULL,NULL,NULL,NULL,"WF0018","2026-03-13 00:00:00","20260317","0800","QC5-1126-000","000","X411","100.00","M/C","2","01"
"RA",NULL,"20260317","0800","2000.00","6200",NULL,NULL,NULL,NULL,"WF0018","2026-03-13 00:00:00","20260317","0800","QC5-5741-000","000","X411","100.00","M/C","2","01"
"RA",NULL,"20260317","0800","2080.00","6100",NULL,NULL,NULL,NULL,"WF0018","2026-03-13 00:00:00","20260317","0800","QT6-1647-000","000","P087","100.00","M/C","2","00"
"RA",NULL,"20260317","0800","3350.00","8888",NULL,"  ",NULL,NULL,"WF0018","2026-03-13 00:00:00","20260317","0800","QC6-6617-000","000","SABO","100.00","M/T","2","00"
"RA",NULL,"20260317","0900","30.00","6200",NULL,NULL,NULL,NULL,"WF0020","2026-03-13 00:00:00","20260317","1300","QC5-5752-000","000","S811","100.00","M/C","2","00"
"RA",NULL,"20260317","0900","40.00","    ",NULL,"  ",NULL,NULL,"WF0020","2026-03-13 00:00:00","20260317","1300","QC8-0953-000","000","S811","100.00","M/T","2","00"
"RA",NULL,"20260317","0900","40.00","6200",NULL,NULL,NULL,NULL,"WF0018","2026-03-13 00:00:00","20260317","0900","QT6-3765-000","000","P087","100.00","M/C","2","00"
"RA",NULL,"20260317","0900","40.00","6200",NULL,NULL,NULL,NULL,"WF0018","2026-03-13 00:00:00","20260317","0900","QT6-3769-000","000","P087","100.00","M/C","2","00"
"RA",NULL,"20260317","0900","40.00","6200",NULL,NULL,NULL,NULL,"WF0020","2026-03-13 00:00:00","20260317","1000","QC6-4363-000","000","S811","100.00","M/C","2","00"
"RA",NULL,"20260317","0900","40.00","6200",NULL,NULL,NULL,NULL,"WF0020","2026-03-13 00:00:00","20260317","1300","QC5-5630-000","000","S811","100.00","M/C","2","00"
"RA",NULL,"20260317","0900","40.00","6200",NULL,NULL,NULL,NULL,"WF0020","2026-03-13 00:00:00","20260317","1300","QC6-4363-000","000","S811","100.00","M/C","2","00"
"RA",NULL,"20260317","0900","60.00","8888",NULL,"  ",NULL,NULL,"WF0018","2026-03-13 00:00:00","20260317","0900","QC7-4908-000","000","SAPN","100.00","M/T","2","00"
"RA",NULL,"20260317","0900","80.00","6200",NULL,NULL,NULL,NULL,"WF0020","2026-03-13 00:00:00","20260317","1100","QC6-4363-000","000","S811","100.00","M/C","2","00"
"RA",NULL,"20260317","0900","100.00","    ",NULL,"  ",NULL,NULL,"WF0020","2026-03-13 00:00:00","20260317","0900","QC6-6617-000","000","SABO","100.00","M/T","2","00"
"RA",NULL,"20260317","0900","100.00","6100",NULL,NULL,NULL,NULL,"WF0020","2026-03-13 00:00:00","20260317","1100","QC6-3079-000","000","SABO","100.00","M/C","2","00"
"RA",NULL,"20260317","0900","110.00","    ",NULL,"  ",NULL,NULL,"WF0020","2026-03-13 00:00:00","20260317","1000","QC6-6617-000","000","SABO","100.00","M/T","2","00"
"RA",NULL,"20260317","0900","110.00","    ",NULL,"  ",NULL,NULL,"WF0020","2026-03-13 00:00:00","20260317","1300","QC6-6617-000","000","SABO","100.00","M/T","2","00"
"RA",NULL,"20260317","0900","120.00","6100",NULL,NULL,NULL,NULL,"WF0018","2026-03-13 00:00:00","20260317","0900","QT6-1647-000","000","P087","100.00","M/C","2","00"
"RA",NULL,"20260317","0900","150.00","6200",NULL,NULL,NULL,NULL,"WF0020","2026-03-13 00:00:00","20260317","1100","QC5-5752-000","000","S811","100.00","M/C","2","00"
"RA",NULL,"20260317","0900","160.00","6200",NULL,NULL,NULL,NULL,"WF0020","2026-03-13 00:00:00","20260317","1100","QC5-5630-000","000","S811","100.00","M/C","2","00"
"RA",NULL,"20260317","0900","220.00","6200",NULL,NULL,NULL,NULL,"WF0020","2026-03-13 00:00:00","20260317","1100","QC6-6616-000","000","S811","100.00","M/C","2","00"
"RA",NULL,"20260317","0900","315.00","    ",NULL,"  ",NULL,NULL,"WF0020","2026-03-13 00:00:00","20260317","1100","QC6-6617-000","000","SABO","100.00","M/T","2","00"
"RA",NULL,"20260317","0900","800.00","6100",NULL,NULL,NULL,NULL,"WF0020","2026-03-13 00:00:00","20260317","0800","QC6-3079-000","000","SABO","100.00","M/C","2","00"
"RA",NULL,"20260317","0900","1000.00","6200",NULL,NULL,NULL,NULL,"WF0018","2026-03-13 00:00:00","20260317","0900","QC6-4100-000","000","X411","100.00","M/C","2","01"
"RA",NULL,"20260317","0900","3350.00","    ",NULL,"  ",NULL,NULL,"WF0020","2026-03-13 00:00:00","20260317","0800","QC6-6617-000","000","SABO","100.00","M/T","2","00"
"RA",NULL,"20260317","1000","20.00","    ",NULL,"  ",NULL,NULL,"WF0020","2026-03-13 00:00:00","20260317","1100","QC5-5620-000","000","T731","100.00","M/T","2","01"
"RA",NULL,"20260317","1000","20.00","6100",NULL,NULL,NULL,NULL,"WF0020","2026-03-13 00:00:00","20260317","0800","QC5-5531-000","000","SAPN","100.00","M/C","2","00"
"RA",NULL,"20260317","1000","20.00","6200",NULL,NULL,NULL,NULL,"WF0020","2026-03-13 00:00:00","20260317","1100","QT6-3765-000","000","P087","100.00","M/C","2","00"
"RA",NULL,"20260317","1000","40.00","    ",NULL,"  ",NULL,NULL,"WF0020","2026-03-13 00:00:00","20260317","1100","QC6-4355-000","000","T731","100.00","M/T","2","01"
"RA",NULL,"20260317","1000","40.00","    ",NULL,"  ",NULL,NULL,"WF0020","2026-03-13 00:00:00","20260317","1100","QC6-6619-000","000","T731","100.00","M/T","2","01"
"RA",NULL,"20260317","1000","40.00","6200",NULL,NULL,NULL,NULL,"WF0020","2026-03-13 00:00:00","20260317","0900","QT6-3765-000","000","P087","100.00","M/C","2","00"
"RA",NULL,"20260317","1000","40.00","6200",NULL,NULL,NULL,NULL,"WF0020","2026-03-13 00:00:00","20260317","0900","QT6-3769-000","000","P087","100.00","M/C","2","00"
"RA",NULL,"20260317","1000","40.00","6200",NULL,NULL,NULL,NULL,"WF0020","2026-03-13 00:00:00","20260317","1000","QT6-3765-000","000","P087","100.00","M/C","2","00"
"RA",NULL,"20260317","1000","40.00","6200",NULL,NULL,NULL,NULL,"WF0020","2026-03-13 00:00:00","20260317","1000","QT6-3769-000","000","P087","100.00","M/C","2","00"
"RA",NULL,"20260317","1000","40.00","6200",NULL,NULL,NULL,NULL,"WF0020","2026-03-13 00:00:00","20260317","1300","QT6-3769-000","000","P087","100.00","M/C","2","00"
"RA",NULL,"20260317","1000","40.00","6200",NULL,NULL,NULL,NULL,"WF0020","2026-03-13 00:00:00","20260317","1400","QT6-3769-000","000","P087","100.00","M/C","2","00"
"RA",NULL,"20260317","1000","40.00","6200",NULL,NULL,NULL,NULL,"WF0020","2026-03-13 00:00:00","20260318","0900","QT6-3769-000","000","P087","100.00","M/C","2","00"
"RA",NULL,"20260317","1000","40.00","6200",NULL,NULL,NULL,NULL,"WF0020","2026-03-13 00:00:00","20260318","1000","QT6-3769-000","000","P087","100.00","M/C","2","00"
"RA",NULL,"20260317","1000","40.00","6200",NULL,NULL,NULL,NULL,"WF0020","2026-03-13 00:00:00","20260319","0100","QT6-3769-000","000","P087","100.00","M/C","2","00"
"RA",NULL,"20260317","1000","40.00","6200",NULL,NULL,NULL,NULL,"WF0020","2026-03-13 00:00:00","20260319","0200","QT6-3769-000","000","P087","100.00","M/C","2","00"
"RA",NULL,"20260317","1000","40.00","6200",NULL,NULL,NULL,NULL,"WF0020","2026-03-13 00:00:00","20260319","0900","QT6-3769-000","000","P087","100.00","M/C","2","00"
"RA",NULL,"20260317","1000","40.00","6200",NULL,NULL,NULL,NULL,"WF0020","2026-03-13 00:00:00","20260319","1000","QT6-3769-000","000","P087","100.00","M/C","2","00"
"RA",NULL,"20260317","1000","40.00","6200",NULL,NULL,NULL,NULL,"WF0020","2026-03-13 00:00:00","20260320","0100","QT6-3769-000","000","P087","100.00","M/C","2","00"
"RA",NULL,"20260317","1000","40.00","6200",NULL,NULL,NULL,NULL,"WF0020","2026-03-13 00:00:00","20260320","0200","QT6-3769-000","000","P087","100.00","M/C","2","00"
"RA",NULL,"20260317","1000","40.00","6200",NULL,NULL,NULL,NULL,"WF0020","2026-03-13 00:00:00","20260320","0900","QT6-3769-000","000","P087","100.00","M/C","2","00"
"RA",NULL,"20260317","1000","40.00","6200",NULL,NULL,NULL,NULL,"WF0020","2026-03-13 00:00:00","20260320","1000","QT6-3769-000","000","P087","100.00","M/C","2","00"
"RA",NULL,"20260317","1000","40.00","6200",NULL,NULL,NULL,NULL,"WF0020","2026-03-13 00:00:00","20260321","0100","QT6-3765-000","000","P087","100.00","M/C","2","00"
"RA",NULL,"20260317","1000","40.00","6200",NULL,NULL,NULL,NULL,"WF0020","2026-03-13 00:00:00","20260321","0100","QT6-3769-000","000","P087","100.00","M/C","2","00"
"RA",NULL,"20260317","1000","40.00","6200",NULL,NULL,NULL,NULL,"WF0020","2026-03-13 00:00:00","20260321","0200","QT6-3769-000","000","P087","100.00","M/C","2","00"
"RA",NULL,"20260317","1000","40.00","6200",NULL,NULL,NULL,NULL,"WF0020","2026-03-13 00:00:00","20260321","0300","QT6-3765-000","000","P087","100.00","M/C","2","00"
"RA",NULL,"20260317","1000","40.00","6200",NULL,NULL,NULL,NULL,"WF0020","2026-03-13 00:00:00","20260323","0900","QT6-3765-000","000","P087","100.00","M/C","2","00"
"RA",NULL,"20260317","1000","40.00","6200",NULL,NULL,NULL,NULL,"WF0020","2026-03-13 00:00:00","20260323","0900","QT6-3769-000","000","P087","100.00","M/C","2","00"
"RA",NULL,"20260317","1000","40.00","6200",NULL,NULL,NULL,NULL,"WF0020","2026-03-13 00:00:00","20260323","1000","QT6-3769-000","000","P087","100.00","M/C","2","00"
"RA",NULL,"20260317","1000","40.00","6200",NULL,NULL,NULL,NULL,"WF0020","2026-03-13 00:00:00","20260324","0100","QT6-3765-000","000","P087","100.00","M/C","2","00"
"RA",NULL,"20260317","1000","40.00","6200",NULL,NULL,NULL,NULL,"WF0020","2026-03-13 00:00:00","20260324","0100","QT6-3769-000","000","P087","100.00","M/C","2","00"
"RA",NULL,"20260317","1000","40.00","6200",NULL,NULL,NULL,NULL,"WF0020","2026-03-13 00:00:00","20260324","0200","QT6-3765-000","000","P087","100.00","M/C","2","00"
"RA",NULL,"20260317","1000","40.00","6200",NULL,NULL,NULL,NULL,"WF0020","2026-03-13 00:00:00","20260324","0200","QT6-3769-000","000","P087","100.00","M/C","2","00"
"RA",NULL,"20260317","1000","50.00","6200",NULL,NULL,NULL,NULL,"WF0020","2026-03-13 00:00:00","20260317","2300","QT6-2845-000","000","P087","100.00","M/C","2","00"
"RA",NULL,"20260317","1000","50.00","6200",NULL,NULL,NULL,NULL,"WF0020","2026-03-13 00:00:00","20260318","0100","QT6-2845-000","000","P087","100.00","M/C","2","00"
"RA",NULL,"20260317","1000","50.00","6200",NULL,NULL,NULL,NULL,"WF0020","2026-03-13 00:00:00","20260318","0300","QT6-2845-000","000","P087","100.00","M/C","2","00"
"RA",NULL,"20260317","1000","50.00","6200",NULL,NULL,NULL,NULL,"WF0020","2026-03-13 00:00:00","20260321","0200","QT6-2846-000","000","P087","100.00","M/C","2","00"
"RA",NULL,"20260317","1000","50.00","6200",NULL,NULL,NULL,NULL,"WF0020","2026-03-13 00:00:00","20260321","0400","QT6-2846-000","000","P087","100.00","M/C","2","00"
"RA",NULL,"20260317","1000","50.00","6200",NULL,NULL,NULL,NULL,"WF0020","2026-03-13 00:00:00","20260323","0800","QT6-2846-000","000","P087","100.00","M/C","2","00"
"RA",NULL,"20260317","1000","50.00","6200",NULL,NULL,NULL,NULL,"WF0020","2026-03-13 00:00:00","20260323","0900","QT6-2846-000","000","P087","100.00","M/C","2","00"
"RA",NULL,"20260317","1000","50.00","6200",NULL,NULL,NULL,NULL,"WF0020","2026-03-13 00:00:00","20260323","1300","QT6-2846-000","000","P087","100.00","M/C","2","00"
"RA",NULL,"20260317","1000","50.00","6200",NULL,NULL,NULL,NULL,"WF0020","2026-03-13 00:00:00","20260323","1500","QT6-2846-000","000","P087","100.00","M/C","2","00"
"RA",NULL,"20260317","1000","50.00","6200",NULL,NULL,NULL,NULL,"WF0020","2026-03-13 00:00:00","20260323","1600","QT6-2846-000","000","P087","100.00","M/C","2","00"
"RA",NULL,"20260317","1000","50.00","6200",NULL,NULL,NULL,NULL,"WF0020","2026-03-13 00:00:00","20260323","2100","QT6-2846-000","000","P087","100.00","M/C","2","00"
"RA",NULL,"20260317","1000","50.00","6200",NULL,NULL,NULL,NULL,"WF0020","2026-03-13 00:00:00","20260324","0100","QT6-2846-000","000","P087","100.00","M/C","2","00"
"RA",NULL,"20260317","1000","50.00","6200",NULL,NULL,NULL,NULL,"WF0020","2026-03-13 00:00:00","20260324","0300","QT6-2846-000","000","P087","100.00","M/C","2","00"
"RA",NULL,"20260317","1000","50.00","6200",NULL,NULL,NULL,NULL,"WF0020","2026-03-13 00:00:00","20260324","0400","QT6-2846-000","000","P087","100.00","M/C","2","00"
"RA",NULL,"20260317","1000","50.00","6200",NULL,NULL,NULL,NULL,"WF0020","2026-03-13 00:00:00","20260324","0800","QT6-2846-000","000","P087","100.00","M/C","2","00"
"RA",NULL,"20260317","1000","60.00","6200",NULL,NULL,NULL,NULL,"WF0020","2026-03-13 00:00:00","20260317","1500","QT6-3769-000","000","P087","100.00","M/C","2","00"
"RA",NULL,"20260317","1000","60.00","6200",NULL,NULL,NULL,NULL,"WF0020","2026-03-13 00:00:00","20260318","0400","QT6-3769-000","000","P087","100.00","M/C","2","00"
"RA",NULL,"20260317","1000","60.00","6200",NULL,NULL,NULL,NULL,"WF0020","2026-03-13 00:00:00","20260318","0800","QT6-3769-000","000","P087","100.00","M/C","2","00"
"RA",NULL,"20260317","1000","60.00","6200",NULL,NULL,NULL,NULL,"WF0020","2026-03-13 00:00:00","20260318","2300","QT6-3769-000","000","P087","100.00","M/C","2","00"
"RA",NULL,"20260317","1000","60.00","6200",NULL,NULL,NULL,NULL,"WF0020","2026-03-13 00:00:00","20260319","0300","QT6-3769-000","000","P087","100.00","M/C","2","00"
"RA",NULL,"20260317","1000","60.00","6200",NULL,NULL,NULL,NULL,"WF0020","2026-03-13 00:00:00","20260319","0400","QT6-3769-000","000","P087","100.00","M/C","2","00"
"RA",NULL,"20260317","1000","60.00","6200",NULL,NULL,NULL,NULL,"WF0020","2026-03-13 00:00:00","20260319","0800","QT6-3769-000","000","P087","100.00","M/C","2","00"
"RA",NULL,"20260317","1000","60.00","6200",NULL,NULL,NULL,NULL,"WF0020","2026-03-13 00:00:00","20260319","2300","QT6-3769-000","000","P087","100.00","M/C","2","00"
"RA",NULL,"20260317","1000","60.00","6200",NULL,NULL,NULL,NULL,"WF0020","2026-03-13 00:00:00","20260320","0300","QT6-3769-000","000","P087","100.00","M/C","2","00"
"RA",NULL,"20260317","1000","60.00","6200",NULL,NULL,NULL,NULL,"WF0020","2026-03-13 00:00:00","20260320","0400","QT6-3769-000","000","P087","100.00","M/C","2","00"
"RA",NULL,"20260317","1000","60.00","6200",NULL,NULL,NULL,NULL,"WF0020","2026-03-13 00:00:00","20260320","0800","QT6-3769-000","000","P087","100.00","M/C","2","00"
"RA",NULL,"20260317","1000","60.00","6200",NULL,NULL,NULL,NULL,"WF0020","2026-03-13 00:00:00","20260320","2300","QT6-3769-000","000","P087","100.00","M/C","2","00"
"RA",NULL,"20260317","1000","60.00","6200",NULL,NULL,NULL,NULL,"WF0020","2026-03-13 00:00:00","20260321","0200","QT6-3765-000","000","P087","100.00","M/C","2","00"
"RA",NULL,"20260317","1000","60.00","6200",NULL,NULL,NULL,NULL,"WF0020","2026-03-13 00:00:00","20260321","0300","QT6-3769-000","000","P087","100.00","M/C","2","00"
"RA",NULL,"20260317","1000","60.00","6200",NULL,NULL,NULL,NULL,"WF0020","2026-03-13 00:00:00","20260321","0400","QT6-3765-000","000","P087","100.00","M/C","2","00"
"RA",NULL,"20260317","1000","60.00","6200",NULL,NULL,NULL,NULL,"WF0020","2026-03-13 00:00:00","20260321","0400","QT6-3769-000","000","P087","100.00","M/C","2","00"
"RA",NULL,"20260317","1000","60.00","6200",NULL,NULL,NULL,NULL,"WF0020","2026-03-13 00:00:00","20260323","0800","QT6-3765-000","000","P087","100.00","M/C","2","00"
"RA",NULL,"20260317","1000","60.00","6200",NULL,NULL,NULL,NULL,"WF0020","2026-03-13 00:00:00","20260323","0800","QT6-3769-000","000","P087","100.00","M/C","2","00"
"RA",NULL,"20260317","1000","60.00","6200",NULL,NULL,NULL,NULL,"WF0020","2026-03-13 00:00:00","20260323","1000","QT6-3765-000","000","P087","100.00","M/C","2","00"
"RA",NULL,"20260317","1000","60.00","6200",NULL,NULL,NULL,NULL,"WF0020","2026-03-13 00:00:00","20260323","2300","QT6-3765-000","000","P087","100.00","M/C","2","00"
"RA",NULL,"20260317","1000","60.00","6200",NULL,NULL,NULL,NULL,"WF0020","2026-03-13 00:00:00","20260323","2300","QT6-3769-000","000","P087","100.00","M/C","2","00"
"RA",NULL,"20260317","1000","80.00","    ",NULL,"  ",NULL,NULL,"WF0020","2026-03-13 00:00:00","20260317","1100","QC7-4897-000","000","T731","100.00","M/T","2","01"
"RA",NULL,"20260317","1000","80.00","    ",NULL,"  ",NULL,NULL,"WF0020","2026-03-13 00:00:00","20260317","1300","QC5-5620-000","000","T731","100.00","M/T","2","01"
"RA",NULL,"20260317","1000","80.00","6200",NULL,NULL,NULL,NULL,"WF0020","2026-03-13 00:00:00","20260317","0800","QT6-3765-000","000","P087","100.00","M/C","2","00"
"RA",NULL,"20260317","1000","80.00","6200",NULL,NULL,NULL,NULL,"WF0020","2026-03-13 00:00:00","20260323","1100","QT6-3765-000","000","P087","100.00","M/C","2","00"
"RA",NULL,"20260317","1000","100.00","    ",NULL,"  ",NULL,NULL,"WF0020","2026-03-13 00:00:00","20260317","1100","QC5-5681-000","000","T731","100.00","M/T","2","01"
"RA",NULL,"20260317","1000","100.00","6200",NULL,NULL,NULL,NULL,"WF0020","2026-03-13 00:00:00","20260319","1100","QT6-3769-000","000","P087","100.00","M/C","2","00"
"RA",NULL,"20260317","1000","100.00","6200",NULL,NULL,NULL,NULL,"WF0020","2026-03-13 00:00:00","20260323","1100","QT6-2846-000","000","P087","100.00","M/C","2","00"
"RA",NULL,"20260317","1000","100.00","6200",NULL,NULL,NULL,NULL,"WF0020","2026-03-13 00:00:00","20260323","1100","QT6-3769-000","000","P087","100.00","M/C","2","00"
"RA",NULL,"20260317","1000","100.00","6200",NULL,NULL,NULL,NULL,"WF0020","2026-03-13 00:00:00","20260323","2300","QT6-2846-000","000","P087","100.00","M/C","2","00"
"RA",NULL,"20260317","1000","120.00","    ",NULL,"  ",NULL,NULL,"WF0020","2026-03-13 00:00:00","20260317","1100","QC5-5693-000","000","SAPN","100.00","M/T","2","00"
"RA",NULL,"20260317","1000","120.00","6100",NULL,NULL,NULL,NULL,"WF0020","2026-03-13 00:00:00","20260317","0900","QT6-1647-000","000","P087","100.00","M/C","2","00"
"RA",NULL,"20260317","1000","120.00","6100",NULL,NULL,NULL,NULL,"WF0020","2026-03-13 00:00:00","20260317","2100","QT6-1647-000","000","P087","100.00","M/C","2","00"
"RA",NULL,"20260317","1000","120.00","6100",NULL,NULL,NULL,NULL,"WF0020","2026-03-13 00:00:00","20260318","0900","QT6-1647-000","000","P087","100.00","M/C","2","00"
"RA",NULL,"20260317","1000","140.00","6100",NULL,NULL,NULL,NULL,"WF0020","2026-03-13 00:00:00","20260317","1300","QT6-1647-000","000","P087","100.00","M/C","2","00"
"RA",NULL,"20260317","1000","140.00","6100",NULL,NULL,NULL,NULL,"WF0020","2026-03-13 00:00:00","20260317","1400","QT6-1647-000","000","P087","100.00","M/C","2","00"
"RA",NULL,"20260317","1000","140.00","6100",NULL,NULL,NULL,NULL,"WF0020","2026-03-13 00:00:00","20260318","0100","QT6-1647-000","000","P087","100.00","M/C","2","00"
"RA",NULL,"20260317","1000","140.00","6100",NULL,NULL,NULL,NULL,"WF0020","2026-03-13 00:00:00","20260318","0200","QT6-1647-000","000","P087","100.00","M/C","2","00"
"RA",NULL,"20260317","1000","160.00","6100",NULL,NULL,NULL,NULL,"WF0020","2026-03-13 00:00:00","20260317","1000","QT6-1647-000","000","P087","100.00","M/C","2","00"
"RA",NULL,"20260317","1000","160.00","6100",NULL,NULL,NULL,NULL,"WF0020","2026-03-13 00:00:00","20260317","1100","QT6-1647-000","000","P087","100.00","M/C","2","00"
"RA",NULL,"20260317","1000","160.00","6100",NULL,NULL,NULL,NULL,"WF0020","2026-03-13 00:00:00","20260317","1500","QT6-1647-000","000","P087","100.00","M/C","2","00"
"RA",NULL,"20260317","1000","160.00","6100",NULL,NULL,NULL,NULL,"WF0020","2026-03-13 00:00:00","20260317","2000","QT6-1647-000","000","P087","100.00","M/C","2","00"
"RA",NULL,"20260317","1000","160.00","6100",NULL,NULL,NULL,NULL,"WF0020","2026-03-13 00:00:00","20260317","2200","QT6-1647-000","000","P087","100.00","M/C","2","00"
"RA",NULL,"20260317","1000","160.00","6100",NULL,NULL,NULL,NULL,"WF0020","2026-03-13 00:00:00","20260317","2300","QT6-1647-000","000","P087","100.00","M/C","2","00"
"RA",NULL,"20260317","1000","160.00","6100",NULL,NULL,NULL,NULL,"WF0020","2026-03-13 00:00:00","20260318","0300","QT6-1647-000","000","P087","100.00","M/C","2","00"
"RA",NULL,"20260317","1000","160.00","6100",NULL,NULL,NULL,NULL,"WF0020","2026-03-13 00:00:00","20260318","0800","QT6-1647-000","000","P087","100.00","M/C","2","00"
"RA",NULL,"20260317","1000","160.00","6200",NULL,NULL,NULL,NULL,"WF0020","2026-03-13 00:00:00","20260317","1100","QT6-3769-000","000","P087","100.00","M/C","2","00"
"RA",NULL,"20260317","1000","200.00","6100",NULL,NULL,NULL,NULL,"WF0018","2026-03-13 00:00:00","20260317","1000","QC5-5610-000","000","R200","100.00","M/C","2","00"
"RA",NULL,"20260317","1000","200.00","6100",NULL,NULL,NULL,NULL,"WF0020","2026-03-13 00:00:00","20260317","1600","QT6-1647-000","000","P087","100.00","M/C","2","00"
"RA",NULL,"20260317","1000","200.00","6100",NULL,NULL,NULL,NULL,"WF0020","2026-03-13 00:00:00","20260318","0400","QT6-1647-000","000","P087","100.00","M/C","2","00"
"RA",NULL,"20260317","1000","200.00","6200",NULL,NULL,NULL,NULL,"WF0018","2026-03-13 00:00:00","20260317","1000","QC5-5610-000","000","R200","100.00","M/C","2","00"
"RA",NULL,"20260317","1000","220.00","    ",NULL,"  ",NULL,NULL,"WF0020","2026-03-13 00:00:00","20260317","1000","QC5-5620-000","000","T731","100.00","M/T","2","01"
"RA",NULL,"20260317","1000","220.00","    ",NULL,"  ",NULL,NULL,"WF0020","2026-03-13 00:00:00","20260317","1100","QC6-6716-000","000","T731","100.00","M/T","2","01"
"RA",NULL,"20260317","1000","260.00","6200",NULL,NULL,NULL,NULL,"WF0020","2026-03-13 00:00:00","20260317","0800","QT6-3769-000","000","P087","100.00","M/C","2","00"
"RA",NULL,"20260317","1000","450.00","6200",NULL,NULL,NULL,NULL,"WF0020","2026-03-13 00:00:00","20260320","2300","QT6-2846-000","000","P087","100.00","M/C","2","00"
"RA",NULL,"20260317","1000","800.00","6200",NULL,NULL,NULL,NULL,"WF0018","2026-03-13 00:00:00","20260317","1000","QC5-1124-000","000","X411","100.00","M/C","2","00"
"RA",NULL,"20260317","1000","800.00","6200",NULL,NULL,NULL,NULL,"WF0018","2026-03-13 00:00:00","20260317","1000","QC5-5703-000","000","X411","100.00","M/C","2","00"
"RA",NULL,"20260317","1000","2000.00","6200",NULL,NULL,NULL,NULL,"WF0018","2026-03-13 00:00:00","20260317","1000","QC5-1092-000","000","X411","100.00","M/C","2","01"
"RA",NULL,"20260317","1000","2080.00","6100",NULL,NULL,NULL,NULL,"WF0020","2026-03-13 00:00:00","20260317","0800","QT6-1647-000","000","P087","100.00","M/C","2","00"
"RA",NULL,"20260317","1100","400.00","6100",NULL,NULL,NULL,NULL,"WF0018","2026-03-13 00:00:00","20260317","1100","QC5-9630-000","000","M411","100.00","M/C","2","00"
"RA",NULL,"20260317","1100","800.00","6100",NULL,NULL,NULL,NULL,"WF0018","2026-03-13 00:00:00","20260317","1100","QC5-5703-000","000","X411","100.00","M/C","2","00"
"RA",NULL,"20260317","1100","800.00","6200",NULL,NULL,NULL,NULL,"WF0018","2026-03-13 00:00:00","20260317","1100","QC5-8879-000","000","X411","100.00","M/C","2","00"
"RA",NULL,"20260317","1100","4000.00","6200",NULL,NULL,NULL,NULL,"WF0018","2026-03-13 00:00:00","20260317","1100","QC5-3883-000","000","X411","100.00","M/C","2","01"
"RA",NULL,"20260317","1300","20.00","6200",NULL,NULL,NULL,NULL,"WF0020","2026-03-13 00:00:00","20260317","1300","QX2-5967-000","000","SACP","100.00","M/C","2","00"
"RA",NULL,"20260317","1300","100.00","6200",NULL,NULL,NULL,NULL,"WF0020","2026-03-13 00:00:00","20260317","1300","QX2-6862-000","000","SACP","100.00","M/C","2","00"
"RA",NULL,"20260317","1300","200.00","6200",NULL,NULL,NULL,NULL,"WF0018","2026-03-13 00:00:00","20260317","1300","QC5-5610-000","000","R200","100.00","M/C","2","00"
"RA",NULL,"20260317","1300","1000.00","6200",NULL,NULL,NULL,NULL,"WF0018","2026-03-13 00:00:00","20260317","1300","QC6-4100-000","000","X411","100.00","M/C","2","01"
"RA",NULL,"20260317","1400","10.00","6100",NULL,NULL,NULL,NULL,"WF0020","2026-03-13 00:00:00","20260317","1400","QC5-9580-000","000","S811","100.00","M/C","2","00"
"RA",NULL,"20260317","1400","20.00","    ",NULL,"  ",NULL,NULL,"WF0020","2026-03-13 00:00:00","20260317","1400","QC6-4355-000","000","T731","100.00","M/T","2","01"
"RA",NULL,"20260317","1400","20.00","    ",NULL,"  ",NULL,NULL,"WF0020","2026-03-13 00:00:00","20260317","1500","QC6-4355-000","000","T731","100.00","M/T","2","01"
"RA",NULL,"20260317","1400","20.00","    ",NULL,"  ",NULL,NULL,"WF0020","2026-03-13 00:00:00","20260317","1600","QC5-5620-000","000","T731","100.00","M/T","2","01"
"RA",NULL,"20260317","1400","20.00","    ",NULL,"  ",NULL,NULL,"WF0020","2026-03-13 00:00:00","20260317","2100","QC5-5620-000","000","T731","100.00","M/T","2","01"
"RA",NULL,"20260317","1400","20.00","    ",NULL,"  ",NULL,NULL,"WF0020","2026-03-13 00:00:00","20260317","2100","QC6-4355-000","000","T731","100.00","M/T","2","01"
"RA",NULL,"20260317","1400","20.00","6100",NULL,NULL,NULL,NULL,"WF0020","2026-03-13 00:00:00","20260317","2100","QC5-9580-000","000","S811","100.00","M/C","2","00"
"RA",NULL,"20260317","1400","30.00","6100",NULL,NULL,NULL,NULL,"WF0020","2026-03-13 00:00:00","20260317","1500","QC5-9580-000","000","S811","100.00","M/C","2","00"
"RA",NULL,"20260317","1400","30.00","6100",NULL,NULL,NULL,NULL,"WF0020","2026-03-13 00:00:00","20260317","1500","QC5-9615-000","000","S811","100.00","M/C","2","00"
"RA",NULL,"20260317","1400","30.00","6100",NULL,NULL,NULL,NULL,"WF0020","2026-03-13 00:00:00","20260317","1600","QC5-9615-000","000","S811","100.00","M/C","2","00"
"RA",NULL,"20260317","1400","30.00","6100",NULL,NULL,NULL,NULL,"WF0020","2026-03-13 00:00:00","20260317","2000","QC5-9580-000","000","S811","100.00","M/C","2","00"
"RA",NULL,"20260317","1400","30.00","6100",NULL,NULL,NULL,NULL,"WF0020","2026-03-13 00:00:00","20260317","2000","QC5-9615-000","000","S811","100.00","M/C","2","00"
"RA",NULL,"20260317","1400","30.00","6100",NULL,NULL,NULL,NULL,"WF0020","2026-03-13 00:00:00","20260317","2100","QC5-9615-000","000","S811","100.00","M/C","2","00"
"RA",NULL,"20260317","1400","30.00","6100",NULL,NULL,NULL,NULL,"WF0020","2026-03-13 00:00:00","20260317","2200","QC5-9580-000","000","S811","100.00","M/C","2","00"
"RA",NULL,"20260317","1400","30.00","6100",NULL,NULL,NULL,NULL,"WF0020","2026-03-13 00:00:00","20260317","2300","QC5-9580-000","000","S811","100.00","M/C","2","00"
"RA",NULL,"20260317","1400","30.00","6100",NULL,NULL,NULL,NULL,"WF0020","2026-03-13 00:00:00","20260318","0100","QC5-9580-000","000","S811","100.00","M/C","2","00"
"RA",NULL,"20260317","1400","30.00","6100",NULL,NULL,NULL,NULL,"WF0020","2026-03-13 00:00:00","20260318","0100","QC5-9615-000","000","S811","100.00","M/C","2","00"
"RA",NULL,"20260317","1400","30.00","6100",NULL,NULL,NULL,NULL,"WF0020","2026-03-13 00:00:00","20260318","0200","QC5-9580-000","000","S811","100.00","M/C","2","00"
"RA",NULL,"20260317","1400","30.00","6100",NULL,NULL,NULL,NULL,"WF0020","2026-03-13 00:00:00","20260318","0200","QC5-9615-000","000","S811","100.00","M/C","2","00"
"RA",NULL,"20260317","1400","30.00","6100",NULL,NULL,NULL,NULL,"WF0020","2026-03-13 00:00:00","20260318","0300","QC5-9580-000","000","S811","100.00","M/C","2","00"
"RA",NULL,"20260317","1400","30.00","6100",NULL,NULL,NULL,NULL,"WF0020","2026-03-13 00:00:00","20260318","0300","QC5-9615-000","000","S811","100.00","M/C","2","00"
"RA",NULL,"20260317","1400","30.00","6100",NULL,NULL,NULL,NULL,"WF0020","2026-03-13 00:00:00","20260318","0800","QC5-9580-000","000","S811","100.00","M/C","2","00"
"RA",NULL,"20260317","1400","30.00","6100",NULL,NULL,NULL,NULL,"WF0020","2026-03-13 00:00:00","20260318","0800","QC5-9615-000","000","S811","100.00","M/C","2","00"
"RA",NULL,"20260317","1400","30.00","6200",NULL,NULL,NULL,NULL,"WF0020","2026-03-13 00:00:00","20260317","1400","QC5-5752-000","000","S811","100.00","M/C","2","00"
"RA",NULL,"20260317","1400","40.00","    ",NULL,"  ",NULL,NULL,"WF0020","2026-03-13 00:00:00","20260317","1400","QC5-5681-000","000","T731","100.00","M/T","2","01"
"RA",NULL,"20260317","1400","40.00","    ",NULL,"  ",NULL,NULL,"WF0020","2026-03-13 00:00:00","20260317","1400","QC5-5693-000","000","SAPN","100.00","M/T","2","00"
"RA",NULL,"20260317","1400","40.00","    ",NULL,"  ",NULL,NULL,"WF0020","2026-03-13 00:00:00","20260317","1500","QC5-5620-000","000","T731","100.00","M/T","2","01"
"RA",NULL,"20260317","1400","40.00","    ",NULL,"  ",NULL,NULL,"WF0020","2026-03-13 00:00:00","20260317","1500","QC5-5681-000","000","T731","100.00","M/T","2","01"
"RA",NULL,"20260317","1400","40.00","    ",NULL,"  ",NULL,NULL,"WF0020","2026-03-13 00:00:00","20260317","1500","QC5-5693-000","000","SAPN","100.00","M/T","2","00"
"RA",NULL,"20260317","1400","40.00","    ",NULL,"  ",NULL,NULL,"WF0020","2026-03-13 00:00:00","20260317","1500","QC7-4897-000","000","T731","100.00","M/T","2","01"
"RA",NULL,"20260317","1400","40.00","    ",NULL,"  ",NULL,NULL,"WF0020","2026-03-13 00:00:00","20260317","1500","QC8-0953-000","000","S811","100.00","M/T","2","00"
"RA",NULL,"20260317","1400","40.00","    ",NULL,"  ",NULL,NULL,"WF0020","2026-03-13 00:00:00","20260317","2000","QC5-5620-000","000","T731","100.00","M/T","2","01"
"RA",NULL,"20260317","1400","40.00","    ",NULL,"  ",NULL,NULL,"WF0020","2026-03-13 00:00:00","20260317","2000","QC6-4355-000","000","T731","100.00","M/T","2","01"
"RA",NULL,"20260317","1400","40.00","    ",NULL,"  ",NULL,NULL,"WF0020","2026-03-13 00:00:00","20260317","2100","QC6-6619-000","000","T731","100.00","M/T","2","01"
"RA",NULL,"20260317","1400","40.00","    ",NULL,"  ",NULL,NULL,"WF0020","2026-03-13 00:00:00","20260317","2100","QC6-6716-000","000","T731","100.00","M/T","2","01"
"RA",NULL,"20260317","1400","40.00","    ",NULL,"  ",NULL,NULL,"WF0020","2026-03-13 00:00:00","20260318","0200","QC6-6617-000","000","SABO","100.00","M/T","2","00"
"RA",NULL,"20260317","1400","40.00","6100",NULL,NULL,NULL,NULL,"WF0020","2026-03-13 00:00:00","20260317","1500","QC6-3030-000","000","S811","100.00","M/C","2","00"
"RA",NULL,"20260317","1400","40.00","6100",NULL,NULL,NULL,NULL,"WF0020","2026-03-13 00:00:00","20260317","1600","QC5-9580-000","000","S811","100.00","M/C","2","00"
"RA",NULL,"20260317","1400","40.00","6100",NULL,NULL,NULL,NULL,"WF0020","2026-03-13 00:00:00","20260317","1600","QC6-3030-000","000","S811","100.00","M/C","2","00"
"RA",NULL,"20260317","1400","40.00","6100",NULL,NULL,NULL,NULL,"WF0020","2026-03-13 00:00:00","20260317","2000","QC6-3030-000","000","S811","100.00","M/C","2","00"
"RA",NULL,"20260317","1400","40.00","6100",NULL,NULL,NULL,NULL,"WF0020","2026-03-13 00:00:00","20260317","2200","QC6-3030-000","000","S811","100.00","M/C","2","00"
"RA",NULL,"20260317","1400","40.00","6100",NULL,NULL,NULL,NULL,"WF0020","2026-03-13 00:00:00","20260317","2300","QC5-9615-000","000","S811","100.00","M/C","2","00"
"RA",NULL,"20260317","1400","40.00","6100",NULL,NULL,NULL,NULL,"WF0020","2026-03-13 00:00:00","20260317","2300","QC6-3030-000","000","S811","100.00","M/C","2","00"
"RA",NULL,"20260317","1400","40.00","6100",NULL,NULL,NULL,NULL,"WF0020","2026-03-13 00:00:00","20260318","0200","QC6-3030-000","000","S811","100.00","M/C","2","00"
"RA",NULL,"20260317","1400","40.00","6100",NULL,NULL,NULL,NULL,"WF0020","2026-03-13 00:00:00","20260318","0300","QC6-3030-000","000","S811","100.00","M/C","2","00"
"RA",NULL,"20260317","1400","40.00","6100",NULL,NULL,NULL,NULL,"WF0020","2026-03-13 00:00:00","20260318","0400","QC5-9580-000","000","S811","100.00","M/C","2","00"
"RA",NULL,"20260317","1400","40.00","6100",NULL,NULL,NULL,NULL,"WF0020","2026-03-13 00:00:00","20260318","0400","QC5-9615-000","000","S811","100.00","M/C","2","00"
"RA",NULL,"20260317","1400","40.00","6100",NULL,NULL,NULL,NULL,"WF0020","2026-03-13 00:00:00","20260318","0400","QC6-3030-000","000","S811","100.00","M/C","2","00"
"RA",NULL,"20260317","1400","40.00","6100",NULL,NULL,NULL,NULL,"WF0020","2026-03-13 00:00:00","20260318","0800","QC6-3030-000","000","S811","100.00","M/C","2","00"
"RA",NULL,"20260317","1400","40.00","6200",NULL,NULL,NULL,NULL,"WF0020","2026-03-13 00:00:00","20260317","1400","QC5-5630-000","000","S811","100.00","M/C","2","00"
"RA",NULL,"20260317","1400","40.00","6200",NULL,NULL,NULL,NULL,"WF0020","2026-03-13 00:00:00","20260317","1500","QC5-5630-000","000","S811","100.00","M/C","2","00"
"RA",NULL,"20260317","1400","40.00","6200",NULL,NULL,NULL,NULL,"WF0020","2026-03-13 00:00:00","20260317","1500","QC6-4363-000","000","S811","100.00","M/C","2","00"
"RA",NULL,"20260317","1400","40.00","6200",NULL,NULL,NULL,NULL,"WF0020","2026-03-13 00:00:00","20260317","1600","QC6-4363-000","000","S811","100.00","M/C","2","00"
"RA",NULL,"20260317","1400","40.00","6200",NULL,NULL,NULL,NULL,"WF0020","2026-03-13 00:00:00","20260317","2000","QC6-4363-000","000","S811","100.00","M/C","2","00"
"RA",NULL,"20260317","1400","40.00","6200",NULL,NULL,NULL,NULL,"WF0020","2026-03-13 00:00:00","20260317","2100","QC6-4363-000","000","S811","100.00","M/C","2","00"
"RA",NULL,"20260317","1400","40.00","6200",NULL,NULL,NULL,NULL,"WF0020","2026-03-13 00:00:00","20260318","0200","QC6-4363-000","000","S811","100.00","M/C","2","00"
"RA",NULL,"20260317","1400","40.00","6200",NULL,NULL,NULL,NULL,"WF0020","2026-03-13 00:00:00","20260318","0300","QC6-4363-000","000","S811","100.00","M/C","2","00"
"RA",NULL,"20260317","1400","40.00","6200",NULL,NULL,NULL,NULL,"WF0020","2026-03-13 00:00:00","20260318","0400","QC6-4363-000","000","S811","100.00","M/C","2","00"
"RA",NULL,"20260317","1400","40.00","6200",NULL,NULL,NULL,NULL,"WF0020","2026-03-13 00:00:00","20260318","0800","QC5-5630-000","000","S811","100.00","M/C","2","00"
"RA",NULL,"20260317","1400","40.00","6200",NULL,NULL,NULL,NULL,"WF0020","2026-03-13 00:00:00","20260318","0800","QC6-4363-000","000","S811","100.00","M/C","2","00"
"RA",NULL,"20260317","1400","50.00","    ",NULL,"  ",NULL,NULL,"WF0020","2026-03-13 00:00:00","20260317","2100","QC6-6617-000","000","SABO","100.00","M/T","2","00"
"RA",NULL,"20260317","1400","50.00","    ",NULL,"  ",NULL,NULL,"WF0020","2026-03-13 00:00:00","20260318","0100","QC6-6617-000","000","SABO","100.00","M/T","2","00"
"RA",NULL,"20260317","1400","50.00","    ",NULL,"  ",NULL,NULL,"WF0020","2026-03-13 00:00:00","20260318","0300","QC6-6617-000","000","SABO","100.00","M/T","2","00"
"RA",NULL,"20260317","1400","50.00","6200",NULL,NULL,NULL,NULL,"WF0020","2026-03-13 00:00:00","20260317","2100","QC6-6616-000","000","S811","100.00","M/C","2","00"
"RA",NULL,"20260317","1400","50.00","6200",NULL,NULL,NULL,NULL,"WF0020","2026-03-13 00:00:00","20260317","2200","QC6-6616-000","000","S811","100.00","M/C","2","00"
"RA",NULL,"20260317","1400","50.00","6200",NULL,NULL,NULL,NULL,"WF0020","2026-03-13 00:00:00","20260318","0100","QC6-6616-000","000","S811","100.00","M/C","2","00"
"RA",NULL,"20260317","1400","50.00","6200",NULL,NULL,NULL,NULL,"WF0020","2026-03-13 00:00:00","20260318","0200","QC6-6616-000","000","S811","100.00","M/C","2","00"
"RA",NULL,"20260317","1400","50.00","6200",NULL,NULL,NULL,NULL,"WF0020","2026-03-13 00:00:00","20260318","0300","QC6-6616-000","000","S811","100.00","M/C","2","00"
"RA",NULL,"20260317","1400","55.00","    ",NULL,"  ",NULL,NULL,"WF0020","2026-03-13 00:00:00","20260317","2000","QC6-6617-000","000","SABO","100.00","M/T","2","00"
"RA",NULL,"20260317","1400","55.00","    ",NULL,"  ",NULL,NULL,"WF0020","2026-03-13 00:00:00","20260317","2200","QC6-6617-000","000","SABO","100.00","M/T","2","00"
"RA",NULL,"20260317","1400","60.00","    ",NULL,"  ",NULL,NULL,"WF0020","2026-03-13 00:00:00","20260317","1400","QC8-0953-000","000","S811","100.00","M/T","2","00"
"RA",NULL,"20260317","1400","60.00","    ",NULL,"  ",NULL,NULL,"WF0020","2026-03-13 00:00:00","20260317","1600","QC6-4355-000","000","T731","100.00","M/T","2","01"
"RA",NULL,"20260317","1400","60.00","    ",NULL,"  ",NULL,NULL,"WF0020","2026-03-13 00:00:00","20260317","1600","QC6-6619-000","000","T731","100.00","M/T","2","01"
"RA",NULL,"20260317","1400","60.00","    ",NULL,"  ",NULL,NULL,"WF0020","2026-03-13 00:00:00","20260317","1600","QC8-0953-000","000","S811","100.00","M/T","2","00"
"RA",NULL,"20260317","1400","60.00","    ",NULL,"  ",NULL,NULL,"WF0020","2026-03-13 00:00:00","20260317","2000","QC6-6619-000","000","T731","100.00","M/T","2","01"
"RA",NULL,"20260317","1400","60.00","    ",NULL,"  ",NULL,NULL,"WF0020","2026-03-13 00:00:00","20260317","2000","QC6-6716-000","000","T731","100.00","M/T","2","01"
"RA",NULL,"20260317","1400","60.00","    ",NULL,"  ",NULL,NULL,"WF0020","2026-03-13 00:00:00","20260318","0800","QC8-0953-000","000","S811","100.00","M/T","2","00"
"RA",NULL,"20260317","1400","60.00","6200",NULL,NULL,NULL,NULL,"WF0020","2026-03-13 00:00:00","20260317","1500","QC5-5752-000","000","S811","100.00","M/C","2","00"
"RA",NULL,"20260317","1400","60.00","6200",NULL,NULL,NULL,NULL,"WF0020","2026-03-13 00:00:00","20260317","2000","QC6-6616-000","000","S811","100.00","M/C","2","00"
"RA",NULL,"20260317","1400","60.00","6200",NULL,NULL,NULL,NULL,"WF0020","2026-03-13 00:00:00","20260318","0400","QC5-5752-000","000","S811","100.00","M/C","2","00"
"RA",NULL,"20260317","1400","60.00","6200",NULL,NULL,NULL,NULL,"WF0020","2026-03-13 00:00:00","20260318","0800","QC5-5752-000","000","S811","100.00","M/C","2","00"
"RA",NULL,"20260317","1400","70.00","    ",NULL,"  ",NULL,NULL,"WF0020","2026-03-13 00:00:00","20260317","1600","QC6-6617-000","000","SABO","100.00","M/T","2","00"
"RA",NULL,"20260317","1400","70.00","6200",NULL,NULL,NULL,NULL,"WF0020","2026-03-13 00:00:00","20260317","1600","QC6-6616-000","000","S811","100.00","M/C","2","00"
"RA",NULL,"20260317","1400","80.00","    ",NULL,"  ",NULL,NULL,"WF0020","2026-03-13 00:00:00","20260317","1400","QC5-5620-000","000","T731","100.00","M/T","2","01"
"RA",NULL,"20260317","1400","80.00","    ",NULL,"  ",NULL,NULL,"WF0020","2026-03-13 00:00:00","20260317","1400","QC7-4897-000","000","T731","100.00","M/T","2","01"
"RA",NULL,"20260317","1400","80.00","    ",NULL,"  ",NULL,NULL,"WF0020","2026-03-13 00:00:00","20260317","1600","QC6-6716-000","000","T731","100.00","M/T","2","01"
"RA",NULL,"20260317","1400","80.00","6200",NULL,NULL,NULL,NULL,"WF0020","2026-03-13 00:00:00","20260318","0400","QC5-5630-000","000","S811","100.00","M/C","2","00"
"RA",NULL,"20260317","1400","95.00","    ",NULL,"  ",NULL,NULL,"WF0020","2026-03-13 00:00:00","20260317","1400","QC6-6617-000","000","SABO","100.00","M/T","2","00"
"RA",NULL,"20260317","1400","100.00","    ",NULL,"  ",NULL,NULL,"WF0020","2026-03-13 00:00:00","20260317","1400","QC6-6619-000","000","T731","100.00","M/T","2","01"
"RA",NULL,"20260317","1400","100.00","    ",NULL,"  ",NULL,NULL,"WF0020","2026-03-13 00:00:00","20260317","1400","QC6-6716-000","000","T731","100.00","M/T","2","01"
"RA",NULL,"20260317","1400","100.00","    ",NULL,"  ",NULL,NULL,"WF0020","2026-03-13 00:00:00","20260317","1500","QC6-6716-000","000","T731","100.00","M/T","2","01"
"RA",NULL,"20260317","1400","100.00","    ",NULL,"  ",NULL,NULL,"WF0020","2026-03-13 00:00:00","20260318","0800","QC6-6617-000","000","SABO","100.00","M/T","2","00"
"RA",NULL,"20260317","1400","100.00","6100",NULL,NULL,NULL,NULL,"WF0020","2026-03-13 00:00:00","20260317","1400","QC6-3079-000","000","SABO","100.00","M/C","2","00"
"RA",NULL,"20260317","1400","100.00","6100",NULL,NULL,NULL,NULL,"WF0020","2026-03-13 00:00:00","20260317","2000","QC6-3079-000","000","SABO","100.00","M/C","2","00"
"RA",NULL,"20260317","1400","100.00","6100",NULL,NULL,NULL,NULL,"WF0020","2026-03-13 00:00:00","20260317","2300","QC6-3079-000","000","SABO","100.00","M/C","2","00"
"RA",NULL,"20260317","1400","100.00","6100",NULL,NULL,NULL,NULL,"WF0020","2026-03-13 00:00:00","20260318","0400","QC6-3079-000","000","SABO","100.00","M/C","2","00"
"RA",NULL,"20260317","1400","100.00","6200",NULL,NULL,NULL,NULL,"WF0020","2026-03-13 00:00:00","20260317","1400","QC6-6616-000","000","S811","100.00","M/C","2","00"
"RA",NULL,"20260317","1400","100.00","6200",NULL,NULL,NULL,NULL,"WF0020","2026-03-13 00:00:00","20260318","0800","QC6-6616-000","000","S811","100.00","M/C","2","00"
"RA",NULL,"20260317","1400","110.00","    ",NULL,"  ",NULL,NULL,"WF0020","2026-03-13 00:00:00","20260317","1500","QC6-6617-000","000","SABO","100.00","M/T","2","00"
"RA",NULL,"20260317","1400","110.00","6200",NULL,NULL,NULL,NULL,"WF0020","2026-03-13 00:00:00","20260317","1500","QC6-6616-000","000","S811","100.00","M/C","2","00"
"RA",NULL,"20260317","1400","120.00","    ",NULL,"  ",NULL,NULL,"WF0020","2026-03-13 00:00:00","20260317","1500","QC6-6619-000","000","T731","100.00","M/T","2","01"
"RA",NULL,"20260317","1400","120.00","6200",NULL,NULL,NULL,NULL,"WF0020","2026-03-13 00:00:00","20260317","2300","QC6-4363-000","000","S811","100.00","M/C","2","00"
"RA",NULL,"20260317","1400","130.00","6200",NULL,NULL,NULL,NULL,"WF0020","2026-03-13 00:00:00","20260318","0400","QC6-6616-000","000","S811","100.00","M/C","2","00"
"RA",NULL,"20260317","1400","135.00","    ",NULL,"  ",NULL,NULL,"WF0020","2026-03-13 00:00:00","20260318","0400","QC6-6617-000","000","SABO","100.00","M/T","2","00"
"RA",NULL,"20260317","1400","150.00","6200",NULL,NULL,NULL,NULL,"WF0020","2026-03-13 00:00:00","20260317","2300","QC6-6616-000","000","S811","100.00","M/C","2","00"
"RA",NULL,"20260317","1400","155.00","    ",NULL,"  ",NULL,NULL,"WF0020","2026-03-13 00:00:00","20260317","2300","QC6-6617-000","000","SABO","100.00","M/T","2","00"
"RA",NULL,"20260317","1400","300.00","6200",NULL,NULL,NULL,NULL,"WF0020","2026-03-13 00:00:00","20260317","2300","QC5-3635-000","000","S811","100.00","M/C","2","00"
"RA",NULL,"20260317","1400","300.00","6200",NULL,NULL,NULL,NULL,"WF0020","2026-03-13 00:00:00","20260318","0400","QC5-3635-000","000","S811","100.00","M/C","2","00"
"RA",NULL,"20260317","1500","32.00","6200",NULL,NULL,NULL,NULL,"WF0020","2026-03-13 00:00:00","20260317","2000","QX1-7204-000","000","T423","100.00","M/C","2","00"
"RA",NULL,"20260317","1500","32.00","6200",NULL,NULL,NULL,NULL,"WF0020","2026-03-13 00:00:00","20260318","0100","QX1-7205-000","000","T423","100.00","M/C","2","00"
"RA",NULL,"20260317","1500","40.00","6200",NULL,NULL,NULL,NULL,"WF0020","2026-03-13 00:00:00","20260317","1500","QX2-1316-000","000","T423","100.00","M/C","2","00"
"RA",NULL,"20260317","1500","40.00","6200",NULL,NULL,NULL,NULL,"WF0020","2026-03-13 00:00:00","20260317","1500","QX2-1317-000","000","T423","100.00","M/C","2","00"
"RA",NULL,"20260317","1500","50.00","6200",NULL,NULL,NULL,NULL,"WF0020","2026-03-13 00:00:00","20260317","1600","QX2-1316-000","000","T423","100.00","M/C","2","00"
"RA",NULL,"20260317","1500","50.00","6200",NULL,NULL,NULL,NULL,"WF0020","2026-03-13 00:00:00","20260317","1600","QX2-1317-000","000","T423","100.00","M/C","2","00"
"RA",NULL,"20260317","1500","100.00","6200",NULL,NULL,NULL,NULL,"WF0020","2026-03-13 00:00:00","20260317","1500","QX2-6862-000","000","SACP","100.00","M/C","2","00"
"RA",NULL,"20260317","1500","200.00","6100",NULL,NULL,NULL,NULL,"WF0020","2026-03-13 00:00:00","20260317","1000","QC5-5610-000","000","R200","100.00","M/C","2","00"
"RA",NULL,"20260317","1500","200.00","6100",NULL,NULL,NULL,NULL,"WF0020","2026-03-13 00:00:00","20260317","1600","QC5-5610-000","000","R200","100.00","M/C","2","00"
"RA",NULL,"20260317","1500","200.00","6100",NULL,NULL,NULL,NULL,"WF0020","2026-03-13 00:00:00","20260318","0300","QC5-5610-000","000","R200","100.00","M/C","2","00"
"RA",NULL,"20260317","1500","200.00","6100",NULL,NULL,NULL,NULL,"WF0020","2026-03-13 00:00:00","20260318","1300","QC5-5610-000","000","R200","100.00","M/C","2","00"
"RA",NULL,"20260317","1500","200.00","6200",NULL,NULL,NULL,NULL,"WF0020","2026-03-13 00:00:00","20260317","1000","QC5-5610-000","000","R200","100.00","M/C","2","00"
"RA",NULL,"20260317","1500","200.00","6200",NULL,NULL,NULL,NULL,"WF0020","2026-03-13 00:00:00","20260317","1300","QC5-5610-000","000","R200","100.00","M/C","2","00"
"RA",NULL,"20260317","1500","200.00","6200",NULL,NULL,NULL,NULL,"WF0020","2026-03-13 00:00:00","20260318","0800","QC5-5610-000","000","R200","100.00","M/C","2","00"
"RA",NULL,"20260317","1500","400.00","6100",NULL,NULL,NULL,NULL,"WF0020","2026-03-13 00:00:00","20260317","0800","QC5-5610-000","000","R200","100.00","M/C","2","00"
"RA",NULL,"20260317","1500","600.00","6200",NULL,NULL,NULL,NULL,"WF0020","2026-03-13 00:00:00","20260317","0800","QC5-5610-000","000","R200","100.00","M/C","2","00"
"RA",NULL,"20260317","1600","400.00","6100",NULL,NULL,NULL,NULL,"WF0020","2026-03-13 00:00:00","20260317","0800","QC5-9630-000","000","M411","100.00","M/C","2","00"
"RA",NULL,"20260317","1600","400.00","6100",NULL,NULL,NULL,NULL,"WF0020","2026-03-13 00:00:00","20260317","1100","QC5-9630-000","000","M411","100.00","M/C","2","00"
"RA",NULL,"20260317","1600","400.00","6100",NULL,NULL,NULL,NULL,"WF0020","2026-03-13 00:00:00","20260318","0400","QC5-9630-000","000","M411","100.00","M/C","2","00"
"RA",NULL,"20260317","2000","800.00","6100",NULL,NULL,NULL,NULL,"WF0020","2026-03-13 00:00:00","20260317","0800","QC5-1124-000","000","X411","100.00","M/C","2","00"
"RA",NULL,"20260317","2000","800.00","6100",NULL,NULL,NULL,NULL,"WF0020","2026-03-13 00:00:00","20260317","0800","QC5-8879-000","000","X411","100.00","M/C","2","00"
"RA",NULL,"20260317","2000","800.00","6100",NULL,NULL,NULL,NULL,"WF0020","2026-03-13 00:00:00","20260317","1100","QC5-5703-000","000","X411","100.00","M/C","2","00"
"RA",NULL,"20260317","2000","800.00","6100",NULL,NULL,NULL,NULL,"WF0020","2026-03-13 00:00:00","20260317","2200","QC5-1078-000","000","X411","100.00","M/C","2","01"
"RA",NULL,"20260317","2000","800.00","6100",NULL,NULL,NULL,NULL,"WF0020","2026-03-13 00:00:00","20260318","0400","QC5-8879-000","000","X411","100.00","M/C","2","00"
"RA",NULL,"20260317","2000","800.00","6100",NULL,NULL,NULL,NULL,"WF0020","2026-03-13 00:00:00","20260318","0800","QC5-1124-000","000","X411","100.00","M/C","2","00"
"RA",NULL,"20260317","2000","800.00","6200",NULL,NULL,NULL,NULL,"WF0020","2026-03-13 00:00:00","20260317","0800","QC5-1078-000","000","X411","100.00","M/C","2","01"
"RA",NULL,"20260317","2000","800.00","6200",NULL,NULL,NULL,NULL,"WF0020","2026-03-13 00:00:00","20260317","1000","QC5-1124-000","000","X411","100.00","M/C","2","00"
"RA",NULL,"20260317","2000","800.00","6200",NULL,NULL,NULL,NULL,"WF0020","2026-03-13 00:00:00","20260317","1000","QC5-5703-000","000","X411","100.00","M/C","2","00"
"RA",NULL,"20260317","2000","800.00","6200",NULL,NULL,NULL,NULL,"WF0020","2026-03-13 00:00:00","20260317","1100","QC5-8879-000","000","X411","100.00","M/C","2","00"
"RA",NULL,"20260317","2000","1000.00","6100",NULL,NULL,NULL,NULL,"WF0020","2026-03-13 00:00:00","20260318","0300","QC6-4100-000","000","X411","100.00","M/C","2","01"
"RA",NULL,"20260317","2000","1000.00","6100",NULL,NULL,NULL,NULL,"WF0020","2026-03-13 00:00:00","20260318","1400","QC5-5740-000","000","X411","100.00","M/C","2","01"
"RA",NULL,"20260317","2000","1000.00","6200",NULL,NULL,NULL,NULL,"WF0020","2026-03-13 00:00:00","20260317","0800","QC6-4100-000","000","X411","100.00","M/C","2","01"
"RA",NULL,"20260317","2000","1000.00","6200",NULL,NULL,NULL,NULL,"WF0020","2026-03-13 00:00:00","20260317","0900","QC6-4100-000","000","X411","100.00","M/C","2","01"
"RA",NULL,"20260317","2000","1000.00","6200",NULL,NULL,NULL,NULL,"WF0020","2026-03-13 00:00:00","20260317","1300","QC6-4100-000","000","X411","100.00","M/C","2","01"
"RA",NULL,"20260317","2000","1000.00","6200",NULL,NULL,NULL,NULL,"WF0020","2026-03-13 00:00:00","20260317","2300","QC6-4100-000","000","X411","100.00","M/C","2","01"
"RA",NULL,"20260317","2000","1000.00","6200",NULL,NULL,NULL,NULL,"WF0020","2026-03-13 00:00:00","20260318","0800","QC5-5740-000","000","X411","100.00","M/C","2","01"
"RA",NULL,"20260317","2000","1000.00","6200",NULL,NULL,NULL,NULL,"WF0020","2026-03-13 00:00:00","20260318","1000","QC6-4100-000","000","X411","100.00","M/C","2","01"
"RA",NULL,"20260317","2000","2000.00","6100",NULL,NULL,NULL,NULL,"WF0020","2026-03-13 00:00:00","20260317","0800","QC5-1077-000","000","X411","100.00","M/C","2","01"
"RA",NULL,"20260317","2000","2000.00","6100",NULL,NULL,NULL,NULL,"WF0020","2026-03-13 00:00:00","20260318","0400","QC5-8815-000","000","X411","100.00","M/C","2","01"
"RA",NULL,"20260317","2000","2000.00","6100",NULL,NULL,NULL,NULL,"WF0020","2026-03-13 00:00:00","20260318","0900","QC5-5742-000","000","X411","100.00","M/C","2","01"
"RA",NULL,"20260317","2000","2000.00","6200",NULL,NULL,NULL,NULL,"WF0020","2026-03-13 00:00:00","20260317","0800","QC5-1126-000","000","X411","100.00","M/C","2","01"
"RA",NULL,"20260317","2000","2000.00","6200",NULL,NULL,NULL,NULL,"WF0020","2026-03-13 00:00:00","20260317","0800","QC5-5741-000","000","X411","100.00","M/C","2","01"
"RA",NULL,"20260317","2000","2000.00","6200",NULL,NULL,NULL,NULL,"WF0020","2026-03-13 00:00:00","20260317","1000","QC5-1092-000","000","X411","100.00","M/C","2","01"
"RA",NULL,"20260317","2000","2000.00","6200",NULL,NULL,NULL,NULL,"WF0020","2026-03-13 00:00:00","20260318","0800","QC5-5743-000","000","X411","100.00","M/C","2","01"
"RA",NULL,"20260317","2000","4000.00","6200",NULL,NULL,NULL,NULL,"WF0020","2026-03-13 00:00:00","20260317","1100","QC5-3883-000","000","X411","100.00","M/C","2","01"
"RA",NULL,"20260317","2100","100.00","6100",NULL,NULL,NULL,NULL,"WF0020","2026-03-13 00:00:00","20260318","1100","QT6-1658-000","000","F016","100.00","M/C","2","00"
"RA",NULL,"20260317","2100","140.00","6100",NULL,NULL,NULL,NULL,"WF0020","2026-03-13 00:00:00","20260318","1400","QT6-1658-000","000","F016","100.00","M/C","2","00"
"RA",NULL,"20260317","2100","140.00","6100",NULL,NULL,NULL,NULL,"WF0020","2026-03-13 00:00:00","20260318","1400","QT6-1741-000","000","F016","100.00","M/C","2","00"
"RA",NULL,"20260317","2100","140.00","6100",NULL,NULL,NULL,NULL,"WF0020","2026-03-13 00:00:00","20260318","1500","QT6-1658-000","000","F016","100.00","M/C","2","00"
"RA",NULL,"20260317","2100","160.00","6100",NULL,NULL,NULL,NULL,"WF0020","2026-03-13 00:00:00","20260318","1100","QT6-1741-000","000","F016","100.00","M/C","2","00"
"RA",NULL,"20260317","2100","160.00","6100",NULL,NULL,NULL,NULL,"WF0020","2026-03-13 00:00:00","20260318","1300","QT6-1658-000","000","F016","100.00","M/C","2","00"
"RA",NULL,"20260317","2100","160.00","6100",NULL,NULL,NULL,NULL,"WF0020","2026-03-13 00:00:00","20260318","1300","QT6-1741-000","000","F016","100.00","M/C","2","00"
"RA",NULL,"20260317","2100","160.00","6100",NULL,NULL,NULL,NULL,"WF0020","2026-03-13 00:00:00","20260318","1500","QT6-1741-000","000","F016","100.00","M/C","2","00"
"RA",NULL,"20260317","2100","160.00","6100",NULL,NULL,NULL,NULL,"WF0020","2026-03-13 00:00:00","20260318","2000","QT6-1658-000","000","F016","100.00","M/C","2","00"
"RA",NULL,"20260317","2100","160.00","6100",NULL,NULL,NULL,NULL,"WF0020","2026-03-13 00:00:00","20260318","2000","QT6-1741-000","000","F016","100.00","M/C","2","00"
"RA",NULL,"20260317","2100","180.00","6100",NULL,NULL,NULL,NULL,"WF0020","2026-03-13 00:00:00","20260318","1600","QT6-1741-000","000","F016","100.00","M/C","2","00"
"RA",NULL,"20260317","2100","200.00","6100",NULL,NULL,NULL,NULL,"WF0020","2026-03-13 00:00:00","20260318","1600","QT6-1658-000","000","F016","100.00","M/C","2","00"
"RA",NULL,"20260317","2200","20.00","    ",NULL,"  ",NULL,NULL,"WF0020","2026-03-13 00:00:00","20260317","2200","QC5-5620-000","000","T731","100.00","M/T","2","01"
"RA",NULL,"20260317","2200","20.00","    ",NULL,"  ",NULL,NULL,"WF0020","2026-03-13 00:00:00","20260317","2200","QC7-4908-000","000","SAPN","100.00","M/T","2","00"
"RA",NULL,"20260317","2200","20.00","    ",NULL,"  ",NULL,NULL,"WF0020","2026-03-13 00:00:00","20260317","2300","QC8-0961-000","000","SAPN","100.00","M/T","2","00"
"RA",NULL,"20260317","2200","20.00","    ",NULL,"  ",NULL,NULL,"WF0020","2026-03-13 00:00:00","20260318","0100","QC5-5620-000","000","T731","100.00","M/T","2","01"
"RA",NULL,"20260317","2200","20.00","    ",NULL,"  ",NULL,NULL,"WF0020","2026-03-13 00:00:00","20260318","0200","QC6-4355-000","000","T731","100.00","M/T","2","01"
"RA",NULL,"20260317","2200","20.00","    ",NULL,"  ",NULL,NULL,"WF0020","2026-03-13 00:00:00","20260318","0300","QC6-4355-000","000","T731","100.00","M/T","2","01"
"RA",NULL,"20260317","2200","20.00","    ",NULL,"  ",NULL,NULL,"WF0020","2026-03-13 00:00:00","20260318","0800","QC6-4355-000","000","T731","100.00","M/T","2","01"
"RA",NULL,"20260317","2200","30.00","    ",NULL,"  ",NULL,NULL,"WF0020","2026-03-13 00:00:00","20260318","0100","QC6-3055-000","000","T731","100.00","M/T","2","01"
"RA",NULL,"20260317","2200","30.00","    ",NULL,"  ",NULL,NULL,"WF0020","2026-03-13 00:00:00","20260318","0200","QC6-3055-000","000","T731","100.00","M/T","2","01"
"RA",NULL,"20260317","2200","30.00","    ",NULL,"  ",NULL,NULL,"WF0020","2026-03-13 00:00:00","20260318","0200","QC8-0961-000","000","SAPN","100.00","M/T","2","00"
"RA",NULL,"20260317","2200","30.00","    ",NULL,"  ",NULL,NULL,"WF0020","2026-03-13 00:00:00","20260318","0300","QC6-3055-000","000","T731","100.00","M/T","2","01"
"RA",NULL,"20260317","2200","30.00","    ",NULL,"  ",NULL,NULL,"WF0020","2026-03-13 00:00:00","20260318","0300","QC8-0961-000","000","SAPN","100.00","M/T","2","00"
"RA",NULL,"20260317","2200","30.00","    ",NULL,"  ",NULL,NULL,"WF0020","2026-03-13 00:00:00","20260318","0900","QC8-0961-000","000","SAPN","100.00","M/T","2","00"
"RA",NULL,"20260317","2200","40.00","    ",NULL,"  ",NULL,NULL,"WF0020","2026-03-13 00:00:00","20260317","2200","QC6-4355-000","000","T731","100.00","M/T","2","01"
"RA",NULL,"20260317","2200","40.00","    ",NULL,"  ",NULL,NULL,"WF0020","2026-03-13 00:00:00","20260317","2300","QC5-5620-000","000","T731","100.00","M/T","2","01"
"RA",NULL,"20260317","2200","40.00","    ",NULL,"  ",NULL,NULL,"WF0020","2026-03-13 00:00:00","20260317","2300","QC6-3055-000","000","T731","100.00","M/T","2","01"
"RA",NULL,"20260317","2200","40.00","    ",NULL,"  ",NULL,NULL,"WF0020","2026-03-13 00:00:00","20260318","0100","QC6-4355-000","000","T731","100.00","M/T","2","01"
"RA",NULL,"20260317","2200","40.00","    ",NULL,"  ",NULL,NULL,"WF0020","2026-03-13 00:00:00","20260318","0100","QC6-6619-000","000","T731","100.00","M/T","2","01"
"RA",NULL,"20260317","2200","40.00","    ",NULL,"  ",NULL,NULL,"WF0020","2026-03-13 00:00:00","20260318","0100","QC6-6716-000","000","T731","100.00","M/T","2","01"
"RA",NULL,"20260317","2200","40.00","    ",NULL,"  ",NULL,NULL,"WF0020","2026-03-13 00:00:00","20260318","0200","QC5-5620-000","000","T731","100.00","M/T","2","01"
"RA",NULL,"20260317","2200","40.00","    ",NULL,"  ",NULL,NULL,"WF0020","2026-03-13 00:00:00","20260318","0200","QC6-6619-000","000","T731","100.00","M/T","2","01"
"RA",NULL,"20260317","2200","40.00","    ",NULL,"  ",NULL,NULL,"WF0020","2026-03-13 00:00:00","20260318","0200","QC6-6716-000","000","T731","100.00","M/T","2","01"
"RA",NULL,"20260317","2200","40.00","    ",NULL,"  ",NULL,NULL,"WF0020","2026-03-13 00:00:00","20260318","0400","QC6-3055-000","000","T731","100.00","M/T","2","01"
"RA",NULL,"20260317","2200","40.00","    ",NULL,"  ",NULL,NULL,"WF0020","2026-03-13 00:00:00","20260318","0800","QC5-5681-000","000","T731","100.00","M/T","2","01"
"RA",NULL,"20260317","2200","40.00","    ",NULL,"  ",NULL,NULL,"WF0020","2026-03-13 00:00:00","20260318","0800","QC5-5693-000","000","SAPN","100.00","M/T","2","00"
"RA",NULL,"20260317","2200","40.00","    ",NULL,"  ",NULL,NULL,"WF0020","2026-03-13 00:00:00","20260318","0800","QC7-4897-000","000","T731","100.00","M/T","2","01"
"RA",NULL,"20260317","2200","40.00","    ",NULL,"  ",NULL,NULL,"WF0020","2026-03-13 00:00:00","20260318","0900","QC5-5681-000","000","T731","100.00","M/T","2","01"
"RA",NULL,"20260317","2200","40.00","    ",NULL,"  ",NULL,NULL,"WF0020","2026-03-13 00:00:00","20260318","0900","QC5-5693-000","000","SAPN","100.00","M/T","2","00"
"RA",NULL,"20260317","2200","40.00","    ",NULL,"  ",NULL,NULL,"WF0020","2026-03-13 00:00:00","20260318","0900","QC6-4355-000","000","T731","100.00","M/T","2","01"
"RA",NULL,"20260317","2200","40.00","    ",NULL,"  ",NULL,NULL,"WF0020","2026-03-13 00:00:00","20260318","0900","QC7-4897-000","000","T731","100.00","M/T","2","01"
"RA",NULL,"20260317","2200","50.00","    ",NULL,"  ",NULL,NULL,"WF0020","2026-03-13 00:00:00","20260318","0800","QC8-0961-000","000","SAPN","100.00","M/T","2","00"
"RA",NULL,"20260317","2200","60.00","    ",NULL,"  ",NULL,NULL,"WF0020","2026-03-13 00:00:00","20260317","2200","QC6-6619-000","000","T731","100.00","M/T","2","01"
"RA",NULL,"20260317","2200","60.00","    ",NULL,"  ",NULL,NULL,"WF0020","2026-03-13 00:00:00","20260317","2200","QC6-6716-000","000","T731","100.00","M/T","2","01"
"RA",NULL,"20260317","2200","60.00","    ",NULL,"  ",NULL,NULL,"WF0020","2026-03-13 00:00:00","20260318","0300","QC6-6619-000","000","T731","100.00","M/T","2","01"
"RA",NULL,"20260317","2200","60.00","    ",NULL,"  ",NULL,NULL,"WF0020","2026-03-13 00:00:00","20260318","0300","QC6-6716-000","000","T731","100.00","M/T","2","01"
"RA",NULL,"20260317","2200","60.00","    ",NULL,"  ",NULL,NULL,"WF0020","2026-03-13 00:00:00","20260318","0300","QC7-4908-000","000","SAPN","100.00","M/T","2","00"
"RA",NULL,"20260317","2200","60.00","    ",NULL,"  ",NULL,NULL,"WF0020","2026-03-13 00:00:00","20260318","0400","QC6-4355-000","000","T731","100.00","M/T","2","01"
"RA",NULL,"20260317","2200","60.00","    ",NULL,"  ",NULL,NULL,"WF0020","2026-03-13 00:00:00","20260318","0400","QC7-4908-000","000","SAPN","100.00","M/T","2","00"
"RA",NULL,"20260317","2200","60.00","    ",NULL,"  ",NULL,NULL,"WF0020","2026-03-13 00:00:00","20260318","0800","QC7-4908-000","000","SAPN","100.00","M/T","2","00"
"RA",NULL,"20260317","2200","80.00","    ",NULL,"  ",NULL,NULL,"WF0020","2026-03-13 00:00:00","20260317","2300","QC6-4355-000","000","T731","100.00","M/T","2","01"
"RA",NULL,"20260317","2200","80.00","    ",NULL,"  ",NULL,NULL,"WF0020","2026-03-13 00:00:00","20260318","0400","QC5-5620-000","000","T731","100.00","M/T","2","01"
"RA",NULL,"20260317","2200","80.00","    ",NULL,"  ",NULL,NULL,"WF0020","2026-03-13 00:00:00","20260318","0400","QC5-5681-000","000","T731","100.00","M/T","2","01"
"RA",NULL,"20260317","2200","80.00","    ",NULL,"  ",NULL,NULL,"WF0020","2026-03-13 00:00:00","20260318","0400","QC5-5693-000","000","SAPN","100.00","M/T","2","00"
"RA",NULL,"20260317","2200","80.00","    ",NULL,"  ",NULL,NULL,"WF0020","2026-03-13 00:00:00","20260318","0400","QC7-4897-000","000","T731","100.00","M/T","2","01"
"RA",NULL,"20260317","2200","80.00","    ",NULL,"  ",NULL,NULL,"WF0020","2026-03-13 00:00:00","20260318","0800","QC5-5620-000","000","T731","100.00","M/T","2","01"
"RA",NULL,"20260317","2200","80.00","    ",NULL,"  ",NULL,NULL,"WF0020","2026-03-13 00:00:00","20260318","0900","QC5-5620-000","000","T731","100.00","M/T","2","01"
"RA",NULL,"20260317","2200","80.00","    ",NULL,"  ",NULL,NULL,"WF0020","2026-03-13 00:00:00","20260318","0900","QC6-6619-000","000","T731","100.00","M/T","2","01"
"RA",NULL,"20260317","2200","80.00","    ",NULL,"  ",NULL,NULL,"WF0020","2026-03-13 00:00:00","20260318","0900","QC6-6716-000","000","T731","100.00","M/T","2","01"
"RA",NULL,"20260317","2200","80.00","6100",NULL,NULL,NULL,NULL,"WF0020","2026-03-13 00:00:00","20260317","2300","QC5-2416-000","000","SAPN","100.00","M/C","2","00"
"RA",NULL,"20260317","2200","90.00","    ",NULL,"  ",NULL,NULL,"WF0020","2026-03-13 00:00:00","20260318","0100","QC8-0961-000","000","SAPN","100.00","M/T","2","00"
"RA",NULL,"20260317","2200","100.00","    ",NULL,"  ",NULL,NULL,"WF0020","2026-03-13 00:00:00","20260318","0300","QC5-5620-000","000","T731","100.00","M/T","2","01"
"RA",NULL,"20260317","2200","100.00","    ",NULL,"  ",NULL,NULL,"WF0020","2026-03-13 00:00:00","20260318","0300","QC6-4276-000","000","T731","100.00","M/T","2","01"
"RA",NULL,"20260317","2200","100.00","    ",NULL,"  ",NULL,NULL,"WF0020","2026-03-13 00:00:00","20260318","0800","QC6-4276-000","000","T731","100.00","M/T","2","01"
"RA",NULL,"20260317","2200","120.00","    ",NULL,"  ",NULL,NULL,"WF0020","2026-03-13 00:00:00","20260318","0400","QC6-6619-000","000","T731","100.00","M/T","2","01"
"RA",NULL,"20260317","2200","120.00","    ",NULL,"  ",NULL,NULL,"WF0020","2026-03-13 00:00:00","20260318","0400","QC6-6716-000","000","T731","100.00","M/T","2","01"
"RA",NULL,"20260317","2200","120.00","    ",NULL,"  ",NULL,NULL,"WF0020","2026-03-13 00:00:00","20260318","0800","QC6-6619-000","000","T731","100.00","M/T","2","01"
"RA",NULL,"20260317","2200","120.00","    ",NULL,"  ",NULL,NULL,"WF0020","2026-03-13 00:00:00","20260318","0800","QC6-6716-000","000","T731","100.00","M/T","2","01"
"RA",NULL,"20260317","2200","120.00","6100",NULL,NULL,NULL,NULL,"WF0020","2026-03-13 00:00:00","20260318","0300","QC5-2417-000","000","SAPN","100.00","M/C","2","00"
"RA",NULL,"20260317","2200","140.00","6100",NULL,NULL,NULL,NULL,"WF0020","2026-03-13 00:00:00","20260318","0300","QC5-2418-000","000","SAPN","100.00","M/C","2","00"
"RA",NULL,"20260317","2200","160.00","    ",NULL,"  ",NULL,NULL,"WF0020","2026-03-13 00:00:00","20260317","2300","QC6-6619-000","000","T731","100.00","M/T","2","01"
"RA",NULL,"20260317","2200","160.00","    ",NULL,"  ",NULL,NULL,"WF0020","2026-03-13 00:00:00","20260317","2300","QC6-6716-000","000","T731","100.00","M/T","2","01"
"RA",NULL,"20260317","2200","160.00","    ",NULL,"  ",NULL,NULL,"WF0020","2026-03-13 00:00:00","20260317","2300","QC7-4908-000","000","SAPN","100.00","M/T","2","00"
"RA",NULL,"20260317","2200","160.00","6100",NULL,NULL,NULL,NULL,"WF0020","2026-03-13 00:00:00","20260317","2300","QC5-2417-000","000","SAPN","100.00","M/C","2","00"
"RA",NULL,"20260317","2200","160.00","6100",NULL,NULL,NULL,NULL,"WF0020","2026-03-13 00:00:00","20260318","0100","QC5-2416-000","000","SAPN","100.00","M/C","2","00"
"RA",NULL,"20260317","2200","160.00","6100",NULL,NULL,NULL,NULL,"WF0020","2026-03-13 00:00:00","20260318","0100","QC5-2417-000","000","SAPN","100.00","M/C","2","00"
"RA",NULL,"20260317","2200","160.00","6100",NULL,NULL,NULL,NULL,"WF0020","2026-03-13 00:00:00","20260318","0100","QC5-2418-000","000","SAPN","100.00","M/C","2","00"
"RA",NULL,"20260317","2200","160.00","6100",NULL,NULL,NULL,NULL,"WF0020","2026-03-13 00:00:00","20260318","0200","QC5-2416-000","000","SAPN","100.00","M/C","2","00"
"RA",NULL,"20260317","2200","160.00","6100",NULL,NULL,NULL,NULL,"WF0020","2026-03-13 00:00:00","20260318","0200","QC5-2418-000","000","SAPN","100.00","M/C","2","00"
"RA",NULL,"20260317","2200","160.00","6100",NULL,NULL,NULL,NULL,"WF0020","2026-03-13 00:00:00","20260318","0400","QC5-2416-000","000","SAPN","100.00","M/C","2","00"
"RA",NULL,"20260317","2200","160.00","6100",NULL,NULL,NULL,NULL,"WF0020","2026-03-13 00:00:00","20260318","0400","QC5-2417-000","000","SAPN","100.00","M/C","2","00"
"RA",NULL,"20260317","2200","160.00","6100",NULL,NULL,NULL,NULL,"WF0020","2026-03-13 00:00:00","20260318","0400","QC5-2418-000","000","SAPN","100.00","M/C","2","00"
"RA",NULL,"20260317","2200","160.00","6100",NULL,NULL,NULL,NULL,"WF0020","2026-03-13 00:00:00","20260318","0900","QC5-2416-000","000","SAPN","100.00","M/C","2","00"
"RA",NULL,"20260317","2200","160.00","6100",NULL,NULL,NULL,NULL,"WF0020","2026-03-13 00:00:00","20260318","0900","QC5-2417-000","000","SAPN","100.00","M/C","2","00"
"RA",NULL,"20260317","2200","160.00","6100",NULL,NULL,NULL,NULL,"WF0020","2026-03-13 00:00:00","20260318","0900","QC5-2418-000","000","SAPN","100.00","M/C","2","00"
"RA",NULL,"20260317","2200","180.00","6100",NULL,NULL,NULL,NULL,"WF0020","2026-03-13 00:00:00","20260318","0800","QC5-2418-000","000","SAPN","100.00","M/C","2","00"
"RA",NULL,"20260317","2200","200.00","6100",NULL,NULL,NULL,NULL,"WF0020","2026-03-13 00:00:00","20260318","0800","QC5-2417-000","000","SAPN","100.00","M/C","2","00"
"RA",NULL,"20260317","2200","200.00","6200",NULL,NULL,NULL,NULL,"WF0020","2026-03-13 00:00:00","20260317","2300","QC7-7591-000","000","T731","100.00","M/C","2","01"
"RA",NULL,"20260317","2200","200.00","6200",NULL,NULL,NULL,NULL,"WF0020","2026-03-13 00:00:00","20260318","0200","QC7-7591-000","000","T731","100.00","M/C","2","01"
"RA",NULL,"20260317","2200","200.00","6200",NULL,NULL,NULL,NULL,"WF0020","2026-03-13 00:00:00","20260318","0400","QC7-7591-000","000","T731","100.00","M/C","2","01"
"RA",NULL,"20260317","2200","200.00","6200",NULL,NULL,NULL,NULL,"WF0020","2026-03-13 00:00:00","20260318","0900","QC7-7591-000","000","T731","100.00","M/C","2","01"
"RA",NULL,"20260317","2200","240.00","6100",NULL,NULL,NULL,NULL,"WF0020","2026-03-13 00:00:00","20260318","0800","QC5-2416-000","000","SAPN","100.00","M/C","2","00"
